"initialIndex","finalIndex","cv","shapiro","ad","normality","bestDistFit","runs","ljungBox","IQR"
"1","3683","3969","0.0146642254341432","1.03183929262841e-11","1.30199145789506e-21","FALSE","weibull","3.86453463610493e-61","0","0.699999999999999"
"2","3685","3970","0.0147025775113212","8.78159666351254e-12","7.13316430764015e-22","FALSE","weibull","6.39642027397459e-61","0","0.699999999999999"
"3","3687","3971","0.0147480608204578","7.00795476352288e-12","2.78867400776369e-22","FALSE","weibull","1.05893086171416e-60","0","0.699999999999999"
"4","3689","3972","0.014800673864002","5.25192874940135e-12","7.75376650213124e-23","FALSE","weibull","1.75344048887238e-60","0","0.699999999999999"
"5","3691","3973","0.0148570619817288","3.82311633169341e-12","1.77358478358321e-23","FALSE","weibull","2.90408489686362e-60","0","0.699999999999999"
"6","3693","3974","0.0149303716053894","2.67686917153076e-12","3.78228274485338e-24","FALSE","weibull","6.69281813146581e-61","0","0.699999999999999"
"7","3695","3975","0.0149774876946039","2.08266352314188e-12","3.7e-24","FALSE","weibull","1.51038848899144e-61","0","0.699999999999999"
"8","3697","3976","0.0150242362847426","1.54512985747349e-12","3.7e-24","FALSE","weibull","2.49769083418498e-61","0","0.699999999999999"
"9","3699","3977","0.0150680667756592","1.25000247974795e-12","3.7e-24","FALSE","weibull","5.58449944100606e-62","0","0.699999999999999"
"10","3701","3978","0.0150688575169363","1.6585051300368e-12","3.7e-24","FALSE","weibull","9.21425376449331e-62","0","0.699999999999999"
"11","3703","3979","0.0150723948890415","2.07191610915311e-12","3.7e-24","FALSE","weibull","1.52067138341224e-61","0","0.699999999999999"
"12","3705","3980","0.0150621847192649","2.666047250745e-12","3.7e-24","FALSE","gamma","1.84517858673351e-60","0","0.699999999999999"
"13","3707","3981","0.0150686432483488","3.04914138660415e-12","3.7e-24","FALSE","weibull","3.04586004713643e-60","0","0.699999999999999"
"14","3709","3982","0.0150785439247214","3.25462029653716e-12","3.9083420937005e-24","FALSE","weibull","5.02823131711958e-60","0","0.699999999999999"
"15","3711","3983","0.0150848290445044","3.71184518307673e-12","6.77369835533285e-24","FALSE","weibull","8.30147006668869e-60","0","0.699999999999999"
"16","3713","3984","0.0150909955435155","4.22677783678434e-12","1.16230386628759e-23","FALSE","weibull","1.37066058389182e-59","0","0.699999999999999"
"17","3715","3985","0.0150830858458854","5.0879001314487e-12","2.23998920151345e-23","FALSE","weibull","2.26329273087828e-59","0","0.699999999999999"
"18","3717","3986","0.0150961220633205","5.32012708291427e-12","2.55715417543729e-23","FALSE","weibull","3.7375599559588e-59","0","0.699999999999999"
"19","3719","3987","0.0151057252484208","5.32495278514268e-12","2.15574269281874e-23","FALSE","weibull","6.17266932645183e-59","0","0.699999999999999"
"20","3721","3988","0.0151333393823987","4.70566901199165e-12","1.13771689060606e-23","FALSE","weibull","1.01952071175508e-58","0","0.699999999999999"
"21","3723","3989","0.0151499142646359","4.84587166300542e-12","1.26947362691703e-23","FALSE","weibull","1.68406211536692e-58","0","0.699999999999999"
"22","3725","3990","0.0151989450357321","3.90219451267671e-12","5.26205307287475e-24","FALSE","weibull","2.78201848511224e-58","0","0.699999999999999"
"23","3727","3991","0.0152048876524715","4.4201895982857e-12","8.85712964292486e-24","FALSE","weibull","4.59623932003501e-58","0","0.699999999999999"
"24","3729","3992","0.0152721140742057","3.74922386849187e-12","4.87459835804404e-24","FALSE","norm","7.59428452861179e-58","0","0.699999999999999"
"25","3731","3993","0.0152782434311297","4.22463719438036e-12","8.03891940943654e-24","FALSE","norm","1.25491301002903e-57","0","0.699999999999999"
"26","3733","3994","0.0152952411454742","4.29111966797301e-12","8.37658739219866e-24","FALSE","norm","2.07388109265766e-57","0","0.699999999999999"
"27","3735","3995","0.0153011825586951","4.82016054762461e-12","1.35906683259341e-23","FALSE","norm","3.42766627568733e-57","0","0.699999999999999"
"28","3737","3996","0.0153467728972618","7.84014881665487e-12","5.23244818346117e-23","FALSE","norm","5.66576641951601e-57","0","0.699999999999999"
"29","3739","3997","0.0153743790811793","1.14028680039946e-11","1.4193012373594e-22","FALSE","norm","9.36624025281577e-57","0","0.699999999999999"
"30","3741","3998","0.0154314897535255","1.50588144524795e-11","3.16309761872968e-22","FALSE","gamma","1.54852950699753e-56","0","0.699999999999999"
"31","3743","3999","0.0154888282836792","1.91272328028829e-11","6.59950215500953e-22","FALSE","lnorm","2.5604856475113e-56","0","0.699999999999999"
"32","3745","4000","0.0155169113819854","2.52981370093092e-11","1.59038169183446e-21","FALSE","lnorm","4.23423557085187e-56","0","0.699999999999999"
"33","3747","4001","0.0155746885963649","3.03064360061064e-11","2.98609227532866e-21","FALSE","lnorm","7.00291208851256e-56","0","0.699999999999999"
"34","3749","4002","0.0156284397742597","5.91145092816773e-11","1.07399804130149e-20","FALSE","lnorm","1.15833595446451e-55","0","0.699999999999999"
"35","3751","4003","0.0156675318482478","1.04972685143985e-10","4.46758390146895e-20","FALSE","lnorm","1.91621334598832e-55","0","0.699999999999999"
"36","3753","4004","0.0157357422603283","2.52173594408309e-10","2.58745678148292e-19","FALSE","lnorm","3.17035535927238e-55","0","0.699999999999999"
"37","3755","4005","0.0157821895309324","4.41086059673471e-10","9.51516935841666e-19","FALSE","lnorm","5.245998116613e-55","0","0.699999999999999"
"38","3757","4006","0.0158955779996356","6.56674543603387e-10","2.9108096731213e-18","FALSE","lnorm","8.6817206428846e-55","0","0.699999999999999"
"39","3759","4007","0.0159793540950978","9.80671781195672e-10","1.00515690835698e-17","FALSE","lnorm","1.436952493977e-54","0","0.699999999999999"
"40","3761","4008","0.016093029883362","1.24905032086377e-09","2.41805537327372e-17","FALSE","lnorm","2.37869864815631e-54","0","0.724999999999998"
"41","3763","4009","0.0161624442814801","1.7542173292102e-09","8.13998384699229e-17","FALSE","lnorm","3.93820564453817e-54","0","0.75"
"42","3765","4010","0.0162912467197474","1.8397383252591e-09","1.27681075733909e-16","FALSE","lnorm","6.52110053353885e-54","0","0.775000000000002"
"43","3767","4011","0.016393332897679","3.29358708467667e-09","4.73651464906315e-16","FALSE","lnorm","1.07996228671949e-53","0","0.800000000000001"
"44","3769","4012","0.0165430106628919","4.12454203750388e-09","1.114963445741e-15","FALSE","lnorm","1.78880574092441e-53","0","0.800000000000001"
"45","3771","4013","0.0166806652799584","7.00332775634823e-09","3.95578528613526e-15","FALSE","lnorm","2.96337379003389e-53","0","0.800000000000001"
"46","3773","4014","0.0169141926130419","9.2795357933133e-09","7.58613830850453e-15","FALSE","lnorm","4.90998527475683e-53","0","0.800000000000001"
"47","3775","4015","0.0170514439088944","1.06439821560234e-08","1.81132864183962e-14","FALSE","lnorm","8.13666328693028e-53","0","0.800000000000001"
"48","3777","4016","0.0172204207313241","1.04948559558278e-08","3.13604151602227e-14","FALSE","lnorm","1.34861154023875e-52","0","0.800000000000001"
"49","3779","4017","0.0174091976471772","1.00321278415615e-08","5.08047454494534e-14","FALSE","lnorm","2.23565002238891e-52","0","0.800000000000001"
"50","3781","4018","0.0176146006479106","8.55533415298275e-09","6.87932958858657e-14","FALSE","lnorm","3.70680131725608e-52","0","0.800000000000001"
"51","381","667","0.0270955293523034","1.24621001691558e-18","3.7e-24","FALSE","lnorm","3.88423195622287e-59","0","0.800000000000001"
"52","383","668","0.0267965741701432","1.1804160477049e-18","3.7e-24","FALSE","lnorm","6.58875577007031e-59","0","0.800000000000001"
"53","385","669","0.026459137951223","1.13224844738721e-18","3.7e-24","FALSE","lnorm","1.11852784016357e-58","0","0.800000000000001"
"54","387","670","0.0261087987493147","1.07886675223928e-18","3.7e-24","FALSE","lnorm","1.90040036589206e-58","0","0.699999999999999"
"55","389","671","0.0256903919710853","1.24356331829843e-18","3.7e-24","FALSE","lnorm","3.23153220649566e-58","0","0.699999999999999"
"56","391","672","0.0252697694179054","1.53026143189574e-18","3.7e-24","FALSE","lnorm","5.49980761833479e-58","0","0.699999999999999"
"57","393","673","0.0248882161248505","1.84603973842715e-18","3.7e-24","FALSE","lnorm","9.36856548797624e-58","0","0.699999999999999"
"58","395","674","0.0245084643087091","2.26511792902206e-18","3.7e-24","FALSE","lnorm","1.59733747118465e-57","0","0.699999999999999"
"59","397","675","0.0241000586779967","3.04582503790843e-18","3.7e-24","FALSE","lnorm","2.7260266402683e-57","0","0.650000000000002"
"60","399","676","0.0236768472724281","4.14396494710411e-18","3.7e-24","FALSE","lnorm","4.65677946344523e-57","0","0.600000000000001"
"61","401","677","0.0232378736721696","5.70615728197657e-18","3.7e-24","FALSE","lnorm","8.35187896680064e-59","0","0.600000000000001"
"62","403","678","0.022804365108667","8.00940580911702e-18","3.7e-24","FALSE","lnorm","1.40082699378195e-58","0","0.600000000000001"
"63","405","679","0.0223543768782197","1.13544055765236e-17","3.7e-24","FALSE","lnorm","2.35070532417337e-58","0","0.600000000000001"
"64","407","680","0.0217871076168396","2.31032003809611e-17","3.7e-24","FALSE","lnorm","3.94667453812461e-58","0","0.600000000000001"
"65","409","681","0.0211940043441582","5.07432117626252e-17","3.7e-24","FALSE","lnorm","6.629643240288e-58","0","0.600000000000001"
"66","411","682","0.0205253117647626","1.41165163539158e-16","3.7e-24","FALSE","lnorm","1.11424644434707e-57","0","0.600000000000001"
"67","413","683","0.0198212715843712","4.36435790758124e-16","3.7e-24","FALSE","lnorm","1.87374892967652e-57","0","0.600000000000001"
"68","415","684","0.01902274664442","1.54778017588898e-15","3.7e-24","FALSE","lnorm","3.15273623866456e-57","0","0.600000000000001"
"69","417","685","0.0182684584675107","3.29349614874295e-15","3.7e-24","FALSE","lnorm","5.30783385167483e-57","0","0.600000000000001"
"70","419","686","0.0180444008982871","3.16904119190746e-15","3.7e-24","FALSE","lnorm","8.94145259603809e-57","0","0.600000000000001"
"71","421","687","0.0182006613872178","2.15968479362117e-15","3.7e-24","FALSE","lnorm","1.50718951226035e-56","0","0.600000000000001"
"72","423","688","0.0184486702129052","1.38844375417792e-15","3.7e-24","FALSE","lnorm","2.5421721242503e-56","0","0.600000000000001"
"73","425","689","0.0187172657673582","9.74558150658533e-16","3.7e-24","FALSE","lnorm","4.29069819384788e-56","0","0.600000000000001"
"74","427","690","0.0189829670744683","6.88993100940103e-16","3.7e-24","FALSE","lnorm","7.24679365543029e-56","0","0.600000000000001"
"75","429","691","0.0192458927409228","4.91075526489911e-16","3.7e-24","FALSE","lnorm","1.22480825623516e-55","0","0.600000000000001"
"76","431","692","0.019509224369945","3.68350541228231e-16","3.7e-24","FALSE","lnorm","2.07159268863501e-55","0","0.600000000000001"
"77","433","693","0.0197726123241242","2.90686589607951e-16","3.7e-24","FALSE","lnorm","3.50642768683208e-55","0","0.600000000000001"
"78","435","694","0.0200697470865724","2.58999480640987e-16","3.7e-24","FALSE","lnorm","5.9396424772136e-55","0","0.625000000000004"
"79","437","695","0.0203626573705413","2.30107801792419e-16","3.7e-24","FALSE","lnorm","1.11783310527822e-55","0","0.700000000000003"
"80","439","696","0.0206510438535998","2.13172947635054e-16","3.7e-24","FALSE","lnorm","1.77869703169248e-55","0","0.774999999999995"
"81","441","697","0.0209351658036746","1.96620383371954e-16","3.7e-24","FALSE","lnorm","2.83456564287125e-55","0","0.799999999999997"
"82","443","698","0.021215165330621","1.81088321017483e-16","3.7e-24","FALSE","lnorm","4.52397908454665e-55","0","0.799999999999997"
"83","445","699","0.0214839631748024","1.90149145495543e-16","3.7e-24","FALSE","lnorm","7.23094671962838e-55","0","0.849999999999998"
"84","447","700","0.0217483263548075","1.99380949952728e-16","3.7e-24","FALSE","lnorm","1.15744979024544e-54","0","0.899999999999999"
"85","449","701","0.0220083687142812","2.08812966190154e-16","3.7e-24","FALSE","lnorm","1.85538672366175e-54","0","0.899999999999999"
"86","451","702","0.0222507686085934","2.54753971661008e-16","3.7e-24","FALSE","lnorm","2.9784190405195e-54","0","0.899999999999999"
"87","453","703","0.0225233352193355","3.51724571576433e-16","3.7e-24","FALSE","lnorm","3.33267634985262e-52","0","0.899999999999999"
"88","455","704","0.0227903388372432","4.56377885664118e-16","3.7e-24","FALSE","lnorm","5.21650029987388e-52","0","0.899999999999999"
"89","457","705","0.0230519000156171","5.79077020294471e-16","3.7e-24","FALSE","lnorm","8.18619904929521e-52","0","0.899999999999999"
"90","459","706","0.0233081282528195","7.26250868995635e-16","3.7e-24","FALSE","lnorm","1.28793184763017e-51","0","0.899999999999999"
"91","461","707","0.0235390019610677","1.0179365964886e-15","3.7e-24","FALSE","lnorm","2.03143634752186e-51","0","0.949999999999999"
"92","463","708","0.0237640933040998","1.41829929226156e-15","3.7e-24","FALSE","lnorm","3.21223442904733e-51","0","1"
"93","465","709","0.0239834673610304","1.96621438996754e-15","3.7e-24","FALSE","lnorm","5.09214244375104e-51","0","1"
"94","467","710","0.0241971804412568","2.71356169794676e-15","3.7e-24","FALSE","lnorm","8.09245859536655e-51","0","1"
"95","469","711","0.0244052805501761","3.72919213790561e-15","3.7e-24","FALSE","lnorm","1.28927669095731e-50","0","1.05"
"96","471","712","0.0246078077988083","5.10390369058122e-15","3.7e-24","FALSE","lnorm","2.05919900874249e-50","0","1.1"
"97","473","713","0.0248246379021663","6.14461496280397e-15","3.7e-24","FALSE","lnorm","4.56202568394094e-51","0","1.1"
"98","475","714","0.0250750301516435","5.41436813293735e-15","3.7e-24","FALSE","lnorm","1.01979640583915e-51","0","1.1"
"99","477","715","0.0253037880509574","5.72301766191533e-15","3.7e-24","FALSE","lnorm","1.78926543142012e-51","0","1.1"
"100","479","716","0.0255102671345497","6.92962351851009e-15","3.7e-24","FALSE","lnorm","2.89569082046417e-51","0","1.1"
"101","232","518","0.0242491323749534","6.4887682426862e-12","9.92246013184111e-23","FALSE","lnorm","8.803465468386e-62","0","0.900000000000002"
"102","234","519","0.0243723383332105","6.43786008758103e-12","1.57225708589582e-22","FALSE","lnorm","1.40591182261923e-61","0","0.900000000000002"
"103","236","520","0.0244985930717482","5.95546205472062e-12","1.65707969264166e-22","FALSE","lnorm","2.24801342692066e-61","0","0.900000000000002"
"104","238","521","0.0246175613161024","5.81117534223361e-12","2.47138957838323e-22","FALSE","lnorm","3.59889186385329e-61","0","0.900000000000002"
"105","240","522","0.0247387077898828","5.57410138987302e-12","3.33608175379745e-22","FALSE","lnorm","5.76847604243687e-61","0","0.900000000000002"
"106","242","523","0.0248782784930941","6.62171440246573e-12","6.00221250752524e-22","FALSE","lnorm","9.25698881049287e-61","0","0.900000000000002"
"107","244","524","0.0249978858133245","6.20699794749173e-12","7.25818470856471e-22","FALSE","lnorm","1.4872682518719e-60","0","1"
"108","246","525","0.0251200756945652","5.72154190167673e-12","7.92009940274498e-22","FALSE","lnorm","2.39229640754819e-60","0","1"
"109","248","526","0.0252571409916958","6.33944368416174e-12","1.20638598370415e-21","FALSE","lnorm","3.85249941727755e-60","0","1"
"110","250","527","0.0253967314214137","6.76003335520563e-12","1.64002447679464e-21","FALSE","lnorm","6.21109965665548e-60","0","1"
"111","252","528","0.0255284284008643","7.10951541582829e-12","2.33030562051178e-21","FALSE","lnorm","1.00251240016048e-59","0","1"
"112","254","529","0.0256589880219399","7.28712462652892e-12","3.08594662960447e-21","FALSE","lnorm","1.6199588232251e-59","0","1"
"113","256","530","0.0257959136794178","7.23522513763995e-12","3.51084200334049e-21","FALSE","lnorm","2.62065230477453e-59","0","1"
"114","258","531","0.0259185266243734","6.71792960058615e-12","3.17191685714322e-21","FALSE","lnorm","4.24428851595297e-59","0","1"
"115","260","532","0.0260457447277324","6.47195129374661e-12","3.47388585017995e-21","FALSE","lnorm","6.88160816560625e-59","0","1"
"116","262","533","0.0261718029510635","6.1106047607959e-12","3.53541143564896e-21","FALSE","lnorm","1.11702951886754e-58","0","1"
"117","264","534","0.0263008486112443","5.66023467784959e-12","3.27591164123886e-21","FALSE","lnorm","1.81522219681913e-58","0","1"
"118","266","535","0.0264184083904937","4.89784886249641e-12","2.29948387844933e-21","FALSE","lnorm","2.95315879129194e-58","0","1"
"119","268","536","0.0265453040211234","4.39646767784517e-12","1.87975523716014e-21","FALSE","lnorm","4.80991914395264e-58","0","1"
"120","270","537","0.0266712089136534","3.88508290358958e-12","1.43602307921223e-21","FALSE","lnorm","7.84305984135182e-58","0","1"
"121","272","538","0.026791557003593","3.373917215794e-12","1.03612023678822e-21","FALSE","lnorm","1.28036438716739e-57","0","1"
"122","274","539","0.0269106925457909","2.88201904746163e-12","6.91446951190718e-22","FALSE","lnorm","3.83556296158519e-59","0","1"
"123","276","540","0.0270218216260693","2.3192074868414e-12","3.49776061729802e-22","FALSE","lnorm","6.32157160332005e-59","0","1"
"124","278","541","0.0271314840012635","1.84080401913336e-12","1.64735105645982e-22","FALSE","lnorm","1.04214300064414e-58","0","1"
"125","280","542","0.0272466863196176","1.50601808549618e-12","8.80378940475185e-23","FALSE","lnorm","1.71845058198714e-58","0","1"
"126","282","543","0.0273657529549262","1.2268735689416e-12","4.47562977539969e-23","FALSE","lnorm","2.8343638284857e-58","0","1"
"127","284","544","0.0274712803163439","9.38172981820814e-13","1.70725476941936e-23","FALSE","lnorm","4.67610750373183e-58","0","1"
"128","286","545","0.0275933535500931","7.54723510800934e-13","7.79172418763278e-24","FALSE","lnorm","7.71659009192143e-58","0","1"
"129","288","546","0.0276961674241238","5.65166894784968e-13","3.7e-24","FALSE","lnorm","1.27373869696995e-57","0","1"
"130","290","547","0.0278105935176199","4.4015218280106e-13","3.7e-24","FALSE","lnorm","2.10305848418514e-57","0","1"
"131","292","548","0.0279332783912307","3.39056141016472e-13","3.7e-24","FALSE","lnorm","3.47328806311363e-57","0","1.1"
"132","294","549","0.0280456871917888","2.5872704534681e-13","3.7e-24","FALSE","lnorm","5.73787779479193e-57","0","1.1"
"133","296","550","0.0281569562889667","1.95355210880424e-13","3.7e-24","FALSE","lnorm","9.48168814471222e-57","0","1.1"
"134","298","551","0.0282610472308673","1.44341761318153e-13","3.7e-24","FALSE","lnorm","1.56728161313907e-56","0","1.1"
"135","300","552","0.0283760132349511","1.08041123964263e-13","3.7e-24","FALSE","lnorm","2.59142602574197e-56","0","1.1"
"136","302","553","0.0284837681984067","7.91848069823482e-14","3.7e-24","FALSE","lnorm","4.28612387508153e-56","0","1.1"
"137","304","554","0.0285903176530919","5.7497796347094e-14","3.7e-24","FALSE","lnorm","7.09134803394659e-56","0","1.1"
"138","306","555","0.0287110706939457","4.16515254696114e-14","3.7e-24","FALSE","lnorm","1.17364155255691e-55","0","1.1"
"139","308","556","0.0288089251294269","2.94787268071736e-14","3.7e-24","FALSE","lnorm","1.94027544615531e-55","0","1.1"
"140","310","557","0.0289166994718547","2.08885578170466e-14","3.7e-24","FALSE","lnorm","3.2127396911372e-55","0","1.1"
"141","312","558","0.0290302585198889","1.48716782324402e-14","3.7e-24","FALSE","lnorm","5.32161049439174e-55","0","1.1"
"142","314","559","0.0291241680005204","1.02911724236517e-14","3.7e-24","FALSE","lnorm","8.81803722755553e-55","0","1.1"
"143","316","560","0.0292235820614545","7.14717987385681e-15","3.7e-24","FALSE","lnorm","1.46173448895649e-54","0","1.1"
"144","318","561","0.0293392328535215","5.00045031556879e-15","3.7e-24","FALSE","lnorm","2.42403994242837e-54","0","1.1"
"145","320","562","0.0294436484217684","3.46895257376757e-15","3.7e-24","FALSE","lnorm","4.02154904221606e-54","0","1.1"
"146","322","563","0.0295523481808923","2.39352877531336e-15","3.7e-24","FALSE","lnorm","6.67478948581757e-54","0","1.1"
"147","324","564","0.029647052960881","1.62252748301458e-15","3.7e-24","FALSE","lnorm","1.10836145674702e-53","0","1.1"
"148","326","565","0.0297326134155393","1.08150799575713e-15","3.7e-24","FALSE","lnorm","1.84134321216086e-53","0","1.1"
"149","328","566","0.0298321310670968","7.30991258195701e-16","3.7e-24","FALSE","lnorm","3.06061230543115e-53","0","1.1"
"150","330","567","0.0299304316562617","4.90599402987689e-16","3.7e-24","FALSE","lnorm","5.08995444530489e-53","0","1.1"
"151","210","496","0.0222394044833069","6.20768744691449e-12","3.7e-24","FALSE","lnorm","3.7572747448893e-44","0","0.600000000000001"
"152","212","497","0.0223651076769013","7.35136295423598e-12","3.7e-24","FALSE","lnorm","4.63335800725855e-44","0","0.600000000000001"
"153","214","498","0.02248886907849","8.72566994248864e-12","3.7e-24","FALSE","lnorm","5.76959625384843e-44","0","0.600000000000001"
"154","216","499","0.0226119153461613","1.02169440408323e-11","3.7e-24","FALSE","lnorm","7.25370839084699e-44","0","0.600000000000001"
"155","218","500","0.0227342472821389","1.17986263165853e-11","3.7e-24","FALSE","lnorm","9.20625396044787e-44","0","0.600000000000001"
"156","220","501","0.0228574913761781","1.3309702720938e-11","8.64419540651983e-24","FALSE","lnorm","1.17940140098588e-43","0","0.674999999999997"
"157","222","502","0.0229986320272236","1.52383900425306e-11","2.51674168269437e-23","FALSE","lnorm","1.5249242851979e-43","0","0.699999999999999"
"158","224","503","0.0231388093896419","1.71870244531568e-11","6.89974548474295e-23","FALSE","lnorm","1.9897541654025e-43","0","0.699999999999999"
"159","226","504","0.0232780267784758","1.90951187974789e-11","1.77997711691341e-22","FALSE","lnorm","2.61984735149273e-43","0","0.699999999999999"
"160","228","505","0.0234182633939289","2.08019390566395e-11","4.1700731947067e-22","FALSE","lnorm","3.48051282966626e-43","0","0.699999999999999"
"161","230","506","0.0235577184560595","2.23564301471137e-11","9.25385561416962e-22","FALSE","lnorm","4.66520528157109e-43","0","0.800000000000001"
"162","232","507","0.0236942526170748","2.38141679393268e-11","2.01511223612792e-21","FALSE","lnorm","6.30859190999542e-43","0","0.800000000000001"
"163","234","508","0.0238320696620522","2.49105618803795e-11","4.00655133947285e-21","FALSE","lnorm","1.49782637327505e-43","0","0.800000000000001"
"164","236","509","0.0239715702737443","2.41337357421894e-11","5.26929253089954e-21","FALSE","lnorm","4.00365898498918e-44","0","0.800000000000001"
"165","238","510","0.0241056264715288","2.47255135613326e-11","9.77887600132697e-21","FALSE","lnorm","5.60151718605816e-44","0","0.800000000000001"
"166","240","511","0.0242412142296218","2.48791615446338e-11","1.6525571703104e-20","FALSE","lnorm","7.90090515962627e-44","0","0.800000000000001"
"167","242","512","0.0243760317591037","2.46998829647872e-11","2.63477247284997e-20","FALSE","lnorm","1.1234753519522e-43","0","0.850000000000001"
"168","244","513","0.0245100793409774","2.41960486421782e-11","3.96042189316967e-20","FALSE","lnorm","1.61050823185173e-43","0","0.900000000000002"
"169","246","514","0.0246460895164647","2.32852438478908e-11","5.39996206168771e-20","FALSE","lnorm","2.32742946732616e-43","0","0.900000000000002"
"170","248","515","0.0247786841884712","2.221394309246e-11","7.19732709112506e-20","FALSE","lnorm","3.39086231330492e-43","0","0.900000000000002"
"171","250","516","0.0249134085995475","2.07892786978396e-11","8.60680955070866e-20","FALSE","lnorm","1.7715068779548e-57","0","0.900000000000002"
"172","252","517","0.0250619920900234","2.69926806991485e-11","1.51390859427983e-19","FALSE","lnorm","2.83802420113521e-57","0","0.900000000000002"
"173","254","518","0.0251890591851383","2.48538715120478e-11","1.75243268545452e-19","FALSE","lnorm","4.55264177824019e-57","0","0.900000000000002"
"174","256","519","0.0253215382203508","2.23963016874077e-11","1.76196058101543e-19","FALSE","lnorm","7.31272543832467e-57","0","0.925000000000004"
"175","258","520","0.025441458242544","1.8877110828825e-11","1.35666510228799e-19","FALSE","lnorm","1.17613859522457e-56","0","1"
"176","260","521","0.0255657110102998","1.67218925013711e-11","1.29610370600698e-19","FALSE","lnorm","1.89407421318986e-56","0","1"
"177","262","522","0.0256889795779395","1.45986033881587e-11","1.14897558628787e-19","FALSE","lnorm","3.05415669781104e-56","0","1"
"178","264","523","0.0258345667649011","1.58631583468683e-11","1.35700308567921e-19","FALSE","lnorm","4.93104336516767e-56","0","1"
"179","266","524","0.0259500147484447","1.27385647309941e-11","8.13796976296934e-20","FALSE","lnorm","7.97145565404133e-56","0","1"
"180","268","525","0.026073979987668","1.07272156719021e-11","5.85018379091503e-20","FALSE","lnorm","1.29028800453577e-55","0","1"
"181","270","526","0.0262164943954506","1.08375763325564e-11","5.73866960275603e-20","FALSE","lnorm","2.09115198754296e-55","0","1"
"182","272","527","0.0263539408613604","1.05541963186412e-11","5.26569440340318e-20","FALSE","lnorm","3.39339926912331e-55","0","1"
"183","274","528","0.0264901106744667","9.97231750962504e-12","4.45813914095333e-20","FALSE","lnorm","5.51361052373817e-55","0","1"
"184","276","529","0.026618634180367","8.73426426310001e-12","2.79783098078547e-20","FALSE","lnorm","8.96997331256907e-55","0","1"
"185","278","530","0.0267456232034492","7.4766822112193e-12","1.63205888625371e-20","FALSE","lnorm","1.46117831039203e-54","0","1"
"186","280","531","0.0268776757707485","6.58019917491694e-12","1.09993110295592e-20","FALSE","lnorm","2.38328643249479e-54","0","1"
"187","282","532","0.0270130231650667","5.73690901555024e-12","7.09965848613338e-21","FALSE","lnorm","3.89237894691316e-54","0","1"
"188","284","533","0.0271357055568499","4.63546746108932e-12","3.33733254927226e-21","FALSE","lnorm","6.36540008242434e-54","0","1"
"189","286","534","0.0272734667748029","3.95262260684159e-12","1.94385432034162e-21","FALSE","lnorm","1.04235317610127e-53","0","1"
"190","288","535","0.0273933395506508","3.09642383646833e-12","7.96847598597785e-22","FALSE","lnorm","3.19940906063999e-55","0","1"
"191","290","536","0.027523886795631","2.52817522665676e-12","3.85148620383586e-22","FALSE","lnorm","5.27713874422176e-55","0","1"
"192","292","537","0.0276615754372023","2.03369638343213e-12","1.61412987203251e-22","FALSE","lnorm","8.70665690879249e-55","0","1"
"193","294","538","0.027790055677528","1.61414705456825e-12","6.72538998949275e-23","FALSE","lnorm","1.43691336572943e-54","0","1"
"194","296","539","0.0279173689222173","1.26316527504982e-12","2.58698048169001e-23","FALSE","lnorm","2.37212891089067e-54","0","1"
"195","298","540","0.0280379549252041","9.62621438995683e-13","8.79752569300577e-24","FALSE","lnorm","3.91721241873493e-54","0","1"
"196","300","541","0.0281684396688902","7.430976628065e-13","3.7e-24","FALSE","lnorm","6.47068064405744e-54","0","1"
"197","302","542","0.0282921677792686","5.59202386728345e-13","3.7e-24","FALSE","lnorm","1.06920257904256e-53","0","1"
"198","304","543","0.0284146700775343","4.15780593639554e-13","3.7e-24","FALSE","lnorm","1.76730183111441e-53","0","1.025"
"199","306","544","0.0285497878813804","3.07623287841371e-13","3.7e-24","FALSE","lnorm","2.9221736363144e-53","0","1.1"
"200","308","545","0.0286640287333339","2.2161759454754e-13","3.7e-24","FALSE","lnorm","4.83337078468294e-53","0","1.1"
"201","3528","3814","0.0240265845591299","2.08295362464511e-07","1.02303217159214e-10","FALSE","lnorm","1.0209074106435e-63","0","1"
"202","3530","3815","0.0238308583418573","2.9745634309446e-07","1.26393690478612e-10","FALSE","lnorm","1.6909750832992e-63","0","0.975000000000001"
"203","3532","3816","0.0236414925433679","4.06300453842438e-07","1.4206013090069e-10","FALSE","lnorm","2.80166143615083e-63","0","0.899999999999999"
"204","3534","3817","0.0234654560247321","5.77242512317566e-07","1.90649757193109e-10","FALSE","lnorm","4.64329623497208e-63","0","0.899999999999999"
"205","3536","3818","0.0232586911667147","7.45516036473226e-07","1.90994940558767e-10","FALSE","lnorm","7.69793938362672e-63","0","0.899999999999999"
"206","3538","3819","0.0230293280001683","9.49188559948972e-07","1.87988138881096e-10","FALSE","lnorm","1.27663099235511e-62","0","0.899999999999999"
"207","3540","3820","0.0228039581518306","1.10858799923874e-06","1.64504577205319e-10","FALSE","lnorm","2.11789753863017e-62","0","0.899999999999999"
"208","3542","3821","0.0225781314275035","1.23606178819369e-06","1.51263638225039e-10","FALSE","lnorm","2.13421608946989e-60","0","0.899999999999999"
"209","3544","3822","0.0223246527293359","1.15010350345616e-06","1.04729345815559e-10","FALSE","lnorm","3.6076065389697e-60","0","0.849999999999998"
"210","3546","3823","0.0220551455907513","7.77430289742718e-07","7.45107030055241e-11","FALSE","lnorm","6.10920775652486e-60","0","0.799999999999997"
"211","3548","3824","0.0218477477739298","9.72060890850774e-07","7.6985511105816e-11","FALSE","lnorm","1.03650488153697e-59","0","0.799999999999997"
"212","3550","3825","0.0216305000934202","1.13550367888063e-06","7.38611984754925e-11","FALSE","lnorm","1.76204575153952e-59","0","0.799999999999997"
"213","3552","3826","0.0213867341131942","1.1341828664972e-06","5.30640072934852e-11","FALSE","lnorm","3.00167841425681e-59","0","0.799999999999997"
"214","3554","3827","0.0211325355809049","9.35617778217726e-07","3.45833955302137e-11","FALSE","lnorm","5.12457101438085e-59","0","0.799999999999997"
"215","3556","3828","0.0209092087819932","8.01707259429341e-07","3.10632514874523e-11","FALSE","lnorm","8.76892261156814e-59","0","0.799999999999997"
"216","3558","3829","0.0207018629341662","1.00637302528606e-06","3.13262608263953e-11","FALSE","lnorm","1.50412343114033e-58","0","0.799999999999997"
"217","3560","3830","0.0204651990023861","1.17678526612179e-06","2.70229975077613e-11","FALSE","lnorm","2.58658624856885e-58","0","0.799999999999997"
"218","3562","3831","0.0202228706176017","1.2037443795528e-06","1.85173091760802e-11","FALSE","lnorm","5.32982602272693e-31","0","0.799999999999997"
"219","3564","3832","0.0199851206227727","1.16740551599872e-06","1.47039301244381e-11","FALSE","lnorm","1.06338045653305e-30","0","0.799999999999997"
"220","3566","3833","0.0197808331411622","1.2961469641638e-06","1.23705263290537e-11","FALSE","lnorm","2.16149464773414e-30","0","0.799999999999997"
"221","3568","3834","0.0195032334916897","9.38710425103669e-07","7.54020581380849e-12","FALSE","lnorm","4.47924469183093e-30","0","0.799999999999997"
"222","3570","3835","0.0192452465156045","5.74650476814171e-07","4.16451008021096e-12","FALSE","lnorm","9.47014807402181e-30","0","0.799999999999997"
"223","3572","3836","0.0190189701249516","4.9667240089946e-07","3.26017358582578e-12","FALSE","lnorm","2.04431980940646e-29","0","0.799999999999997"
"224","3574","3837","0.0187948665974493","4.07842317572552e-07","2.11387171212074e-12","FALSE","lnorm","4.50966120534707e-29","0","0.799999999999997"
"225","3576","3838","0.0185860529474227","4.18630215124806e-07","1.75196656232513e-12","FALSE","lnorm","1.01749195363291e-28","0","0.699999999999999"
"226","3578","3839","0.0183566424736164","2.60995468379702e-07","1.31113657140189e-12","FALSE","lnorm","2.35032045641818e-28","0","0.775000000000002"
"227","3580","3840","0.0181451012308611","2.05022798638377e-07","1.08161772966063e-12","FALSE","lnorm","5.56390246353635e-28","0","0.800000000000001"
"228","3582","3841","0.0179640789724817","2.34649041438798e-07","9.22952692111476e-13","FALSE","gamma","1.35135114678064e-27","0","0.800000000000001"
"229","3584","3842","0.0177463252438627","1.67392162294335e-07","6.95560284059944e-13","FALSE","gamma","3.37138533504064e-27","0","0.800000000000001"
"230","3586","3843","0.0175618997087155","1.90066739120584e-07","7.19554834167763e-13","FALSE","norm","1.03430711250814e-14","0","0.800000000000001"
"231","3588","3844","0.0174048577257759","2.35328361478867e-07","9.90779113277828e-13","FALSE","gamma","1.51307573201597e-14","0","0.800000000000001"
"232","3590","3845","0.0172396521174743","2.8004750629389e-07","1.30870526664678e-12","FALSE","gamma","2.25121233018513e-14","0","0.550000000000001"
"233","3592","3846","0.0170523398237141","2.99809436891214e-07","1.69669355369004e-12","FALSE","norm","3.40728203044897e-14","0","0.449999999999999"
"234","3594","3847","0.0168821593960826","3.26587118651036e-07","2.33390632213912e-12","FALSE","gamma","5.24726057432919e-14","0","0.399999999999999"
"235","3596","3848","0.0167306835660278","3.83566715118785e-07","3.47614804624447e-12","FALSE","gamma","8.22418873851472e-14","0","0.399999999999999"
"236","3598","3849","0.0165578669014177","3.51245873453453e-07","4.46124419198204e-12","FALSE","gamma","1.31219432918165e-13","0","0.399999999999999"
"237","3600","3850","0.0164406473528313","4.96320450628321e-07","8.28164017843332e-12","FALSE","lnorm","2.13187792710473e-13","0","0.399999999999999"
"238","3602","3851","0.0163056539477087","5.73767247824875e-07","1.31122785622811e-11","FALSE","lnorm","3.52781272367319e-13","0","0.399999999999999"
"239","3604","3852","0.0162331683342677","8.04085220684856e-07","2.48706833450989e-11","FALSE","lnorm","5.94775223107138e-13","0","0.399999999999999"
"240","3606","3853","0.0162011166200413","1.14270855425198e-06","4.79334467575473e-11","FALSE","lnorm","1.0219611166877e-12","0","0.399999999999999"
"241","3608","3854","0.0161376411803239","1.52926691362793e-06","8.24861075326756e-11","FALSE","lnorm","1.79012931884128e-12","0","0.399999999999999"
"242","3610","3855","0.0160409193966411","1.87110773781919e-06","1.24645334699903e-10","FALSE","lnorm","2.66411673506206e-15","0","0.399999999999999"
"243","3612","3856","0.0159614752941486","2.32024975746158e-06","1.86756751127311e-10","FALSE","lnorm","2.98942198521928e-15","0","0.399999999999999"
"244","3614","3857","0.0158727156714341","2.36977590287434e-06","2.27082965592466e-10","FALSE","lnorm","3.41236297311828e-15","0","0.325000000000003"
"245","3616","3858","0.0157740418285234","2.07235997105525e-06","2.39073608308596e-10","FALSE","lnorm","3.96240907542179e-15","0","0.350000000000001"
"246","3618","3859","0.0156958180654706","2.65500743297407e-06","3.22720573236833e-10","FALSE","gamma","4.68067126203821e-15","0","0.400000000000002"
"247","3620","3860","0.0155692559958725","3.61288403094815e-06","4.88747696633988e-10","FALSE","lnorm","5.62492956360621e-15","0","0.400000000000002"
"248","3622","3861","0.0154748808590442","4.28461061259508e-06","5.58117529271161e-10","FALSE","gamma","6.8771485729181e-15","0","0.400000000000002"
"249","3624","3862","0.0153499229219575","5.16798600354062e-06","6.53381057991708e-10","FALSE","gamma","8.55482999062645e-15","0","0.400000000000002"
"250","3626","3863","0.0151835014336872","6.32621610219314e-06","8.36354757169341e-10","FALSE","gamma","1.08283554752087e-14","0","0.400000000000002"
"251","1104","1390","0.0120769108687392","3.02300548091673e-18","3.31881556633054e-21","FALSE","lnorm","2.54026791359221e-45","0","0.300000000000001"
"252","1106","1391","0.0106849713363569","7.86834769073723e-15","2.21429135663484e-13","FALSE","lnorm","4.18985768180374e-45","0","0.300000000000001"
"253","1108","1392","0.00933156754455695","1.39195164472251e-08","3.37006424588421e-09","FALSE","lnorm","6.9178793268914e-45","0","0.300000000000001"
"254","1110","1393","0.0087761361175015","2.67832609068211e-06","4.32263525794572e-09","FALSE","lnorm","1.14343149045497e-44","0","0.300000000000001"
"255","1112","1394","0.00855954369982826","1.73571388195462e-06","2.18434582309825e-09","FALSE","lnorm","1.89199738381289e-44","0","0.300000000000001"
"256","1114","1395","0.00842763559764272","1.35624532975336e-06","1.42256361025125e-09","FALSE","lnorm","3.13410950711909e-44","0","0.300000000000001"
"257","1116","1396","0.0083041259371178","8.07188915207359e-07","1.04000257159595e-09","FALSE","lnorm","5.19758231555227e-44","0","0.300000000000001"
"258","1118","1397","0.00819599984588625","1.06861342948506e-06","1.10539019558026e-09","FALSE","lnorm","8.62964194382781e-44","0","0.300000000000001"
"259","1120","1398","0.00813060877534861","1.47261352027464e-06","1.78308130560022e-09","FALSE","lnorm","1.43449583570971e-43","0","0.300000000000001"
"260","1122","1399","0.00806278418486331","1.82957648830749e-06","2.2781697132765e-09","FALSE","lnorm","1.32482744850905e-42","0","0.300000000000001"
"261","1124","1400","0.00799303626701192","2.32293807476236e-06","3.18310199484381e-09","FALSE","lnorm","1.15807358144328e-41","0","0.300000000000001"
"262","1126","1401","0.00798493219082457","2.45396123325353e-06","3.66707941907988e-09","FALSE","lnorm","1.9354260112412e-41","0","0.300000000000001"
"263","1128","1402","0.00795472522954865","2.86073826770631e-06","5.35944846345444e-09","FALSE","lnorm","3.2391195221376e-41","0","0.300000000000001"
"264","1130","1403","0.00790988096705877","3.25801460685353e-06","6.40189727316874e-09","FALSE","lnorm","5.42876521992613e-41","0","0.300000000000001"
"265","1132","1404","0.00791525021845007","3.1657105134676e-06","6.34035324553271e-09","FALSE","lnorm","9.11198403156728e-41","0","0.300000000000001"
"266","1134","1405","0.00791268628988543","3.11834186167372e-06","6.71927870736446e-09","FALSE","lnorm","1.53171226128093e-40","0","0.300000000000001"
"267","1136","1406","0.00791688048743726","2.78890404241586e-06","5.52471829533584e-09","FALSE","lnorm","1.42589916326801e-39","0","0.300000000000001"
"268","1138","1407","0.00792901022861298","2.41779938264401e-06","4.02449880717748e-09","FALSE","lnorm","2.61137275692581e-39","0","0.300000000000001"
"269","1140","1408","0.00794696679853668","1.813405294699e-06","2.05805384481199e-09","FALSE","lnorm","4.84554667016599e-39","0","0.300000000000001"
"270","1142","1409","0.00796027041501736","1.66897180904073e-06","1.69823533645758e-09","FALSE","lnorm","4.2203539074173e-38","0","0.300000000000001"
"271","1144","1410","0.00799584108550934","1.43699515655989e-06","1.34885196179e-09","FALSE","lnorm","7.21984033938272e-38","0","0.300000000000001"
"272","1146","1411","0.00793389596458023","1.73631380173674e-06","1.44046601191086e-09","FALSE","lnorm","1.23756077059511e-37","0","0.300000000000001"
"273","1148","1412","0.00793029575845402","1.67137131860934e-06","1.46224949966548e-09","FALSE","lnorm","2.1256252310723e-37","0","0.300000000000001"
"274","1150","1413","0.0079521461691513","1.48996876111362e-06","1.05898080256988e-09","FALSE","lnorm","3.65855651370694e-37","0","0.300000000000001"
"275","1152","1414","0.0080123206137037","1.10002313588627e-06","5.66323196296478e-10","FALSE","lnorm","6.31041829537377e-37","0","0.300000000000001"
"276","1154","1415","0.00810177565321915","7.41902738650541e-07","3.05297788330674e-10","FALSE","lnorm","2.13737632293323e-37","0","0.300000000000001"
"277","1156","1416","0.00822869252967358","1.2045124436326e-06","3.93643572362533e-10","FALSE","lnorm","2.95377301778449e-37","0","0.300000000000001"
"278","1158","1417","0.00834750407080966","1.43537567937069e-06","6.62326121321679e-10","FALSE","lnorm","4.12497339426413e-37","0","0.300000000000001"
"279","1160","1418","0.0084992285487647","2.3379972459062e-06","1.76800118767332e-09","FALSE","lnorm","1.14183480385758e-37","0","0.300000000000001"
"280","1162","1419","0.00863805217302451","1.4540111073848e-06","1.38485031699516e-09","FALSE","lnorm","1.94793513557263e-37","0","0.300000000000001"
"281","1164","1420","0.00884228783844506","7.50046786394486e-07","7.75183235429594e-10","FALSE","lnorm","6.42673422831436e-38","0","0.300000000000001"
"282","1166","1421","0.00904252534727372","3.61122280824195e-07","7.05686935773829e-10","FALSE","lnorm","9.17457956517819e-38","0","0.300000000000001"
"283","1168","1422","0.0092380773468794","1.6809146992775e-07","5.37624326012011e-10","FALSE","lnorm","1.32307331663816e-37","0","0.300000000000001"
"284","1170","1423","0.00947849018709815","7.39607722329876e-08","3.51946844562261e-10","FALSE","lnorm","1.92755826884579e-37","0","0.300000000000001"
"285","1172","1424","0.00971248496550623","2.74099904060107e-08","1.86115095654613e-10","FALSE","lnorm","2.83718287534962e-37","0","0.300000000000001"
"286","1174","1425","0.00993368782565326","1.2222920376122e-08","1.23819493072355e-10","FALSE","lnorm","4.21949344795512e-37","0","0.300000000000001"
"287","1176","1426","0.0101420696844039","6.68785444278197e-09","1.05243227354783e-10","FALSE","lnorm","6.3411834170673e-37","0","0.300000000000001"
"288","1178","1427","0.0103317027577914","3.99457191944742e-09","7.63496297943183e-11","FALSE","lnorm","9.6309323096057e-37","0","0.300000000000001"
"289","1180","1428","0.0105779087311441","2.46148732946512e-09","4.66599036210683e-11","FALSE","lnorm","1.47847116454567e-36","0","0.300000000000001"
"290","1182","1429","0.0108757325469134","9.1639789094109e-10","1.10644244387233e-11","FALSE","lnorm","4.65223550160401e-37","0","0.300000000000001"
"291","1184","1430","0.0111759853790558","3.10468051986908e-10","1.93171343760655e-12","FALSE","lnorm","1.44742591547842e-37","0","0.300000000000001"
"292","1186","1431","0.0114657368550664","1.28440216471959e-10","4.27645818634034e-13","FALSE","lnorm","2.27366403888581e-37","0","0.300000000000001"
"293","1188","1432","0.011793914890595","5.75500412398302e-11","9.60600086076309e-14","FALSE","lnorm","3.60943811054504e-37","0","0.399999999999999"
"294","1190","1433","0.0121036982894722","2.73037825622196e-11","2.60959347381245e-14","FALSE","lnorm","7.68217058352937e-32","0","0.399999999999999"
"295","1192","1434","0.0124033755504988","1.42386747610537e-11","6.78204602095211e-15","FALSE","lnorm","9.74027840033774e-32","0","0.399999999999999"
"296","1194","1435","0.0126935814836724","8.24409541630311e-12","1.74870854928623e-15","FALSE","lnorm","1.2510852433952e-31","0","0.399999999999999"
"297","1196","1436","0.0129748703360755","5.23754434553421e-12","4.59187627567309e-16","FALSE","lnorm","1.62782880007169e-31","0","0.399999999999999"
"298","1198","1437","0.0132599591366258","3.29382071253918e-12","8.9325212608361e-17","FALSE","lnorm","4.43736102507571e-32","0","0.399999999999999"
"299","1200","1438","0.0135443158307585","1.78944493210201e-12","8.59546176829037e-18","FALSE","lnorm","1.37852065442712e-32","0","0.399999999999999"
"300","1202","1439","0.0138206829132327","1.33858705321692e-12","2.25314109321842e-18","FALSE","lnorm","1.87033637853998e-32","0","0.399999999999999"
"301","4173","4459","0.0296071998620626","4.3196440463141e-20","2.67701419011754e-23","FALSE","lnorm","3.64460931715785e-44","0","1"
"302","4175","4460","0.0296245004747627","4.96821536364051e-20","5.46330673860082e-23","FALSE","lnorm","5.59242758397963e-44","0","1"
"303","4177","4461","0.0295788419006609","5.6962537175761e-20","1.3543068839518e-22","FALSE","lnorm","4.25132193263455e-43","0","1"
"304","4179","4462","0.0295646207589854","6.74414435136936e-20","3.85858948261063e-22","FALSE","lnorm","5.60704335364647e-43","0","1"
"305","4181","4463","0.029551247112336","7.92921829561386e-20","1.02711484324385e-21","FALSE","lnorm","7.46257355461912e-43","0","1"
"306","4183","4464","0.0295013206238376","8.74659680508304e-20","1.79563655278732e-21","FALSE","lnorm","6.40234217090319e-42","0","1"
"307","4185","4465","0.0294755578132925","9.77100442824757e-20","3.25346727883601e-21","FALSE","lnorm","9.82905504897253e-42","0","1"
"308","4187","4466","0.0294708611804343","1.10710719853502e-19","6.02403006661952e-21","FALSE","lnorm","1.50960804213342e-41","0","1"
"309","4189","4467","0.0294161774957498","1.22287499412737e-19","1.08071680843477e-20","FALSE","lnorm","1.09689683854757e-40","0","1"
"310","4191","4468","0.0294153740127043","1.43189214445738e-19","2.49308600291923e-20","FALSE","lnorm","1.47566130189693e-40","0","1"
"311","4193","4469","0.0293705521874661","1.5906183777621e-19","4.41192963556935e-20","FALSE","lnorm","2.00438059307785e-40","0","1"
"312","4195","4470","0.0293114971128822","1.68418139692608e-19","5.51542702587167e-20","FALSE","lnorm","1.62200838139589e-39","0","1"
"313","4197","4471","0.029321813244542","1.88894077394768e-19","8.46524487498361e-20","FALSE","lnorm","2.49597297106577e-39","0","1"
"314","4199","4472","0.0292735569820308","2.01705736992286e-19","1.06004724012202e-19","FALSE","lnorm","3.84283954882314e-39","0","0.900000000000002"
"315","4201","4473","0.029193709166068","2.03828835106216e-19","1.22207415161288e-19","FALSE","lnorm","2.69414101306459e-38","0","0.900000000000002"
"316","4203","4474","0.029162812351892","2.22534323739556e-19","1.74355241533722e-19","FALSE","lnorm","3.7153395315935e-38","0","0.900000000000002"
"317","4205","4475","0.029121425788983","2.35203661552069e-19","1.93471178332933e-19","FALSE","lnorm","2.99364328529714e-42","0","0.900000000000002"
"318","4207","4476","0.0290389559504212","2.21834206057566e-19","1.33925856057696e-19","FALSE","lnorm","4.59724472982326e-42","0","0.900000000000002"
"319","4209","4477","0.0289541479740003","2.06050189058424e-19","8.52652373063858e-20","FALSE","lnorm","7.06222978883889e-42","0","0.900000000000002"
"320","4211","4478","0.0289313833023593","2.25436503365558e-19","1.14874679645429e-19","FALSE","lnorm","1.08526349695385e-41","0","0.925000000000004"
"321","4213","4479","0.0288387996523576","2.04506623057992e-19","6.21430598007869e-20","FALSE","lnorm","1.66832330935721e-41","0","0.950000000000003"
"322","4215","4480","0.0287998323367474","2.10079793897171e-19","5.42729533550765e-20","FALSE","lnorm","2.56554424602161e-41","0","0.974999999999998"
"323","4217","4481","0.0287460882470467","2.15560351733216e-19","5.09718296585904e-20","FALSE","lnorm","3.94671465431788e-41","0","1"
"324","4219","4482","0.0286440041112059","1.96126937299866e-19","3.27385933772729e-20","FALSE","lnorm","3.0265240499407e-40","0","0.924999999999997"
"325","4221","4483","0.02855442954081","1.77554198514301e-19","1.85608694737611e-20","FALSE","lnorm","2.62803979013545e-39","0","0.899999999999999"
"326","4223","4484","0.028523816697496","1.83094075434276e-19","1.51884781637141e-20","FALSE","lnorm","4.02716193769265e-39","0","0.899999999999999"
"327","4225","4485","0.0284159059993336","1.52679599630945e-19","5.29680637208515e-21","FALSE","lnorm","6.1737537637224e-39","0","0.899999999999999"
"328","4227","4486","0.0283625756714804","1.55036002823369e-19","4.82666456604526e-21","FALSE","lnorm","4.49198500856022e-38","0","0.899999999999999"
"329","4229","4487","0.0283235721495414","1.62435346241017e-19","4.88534971071829e-21","FALSE","lnorm","5.98581751987472e-38","0","0.899999999999999"
"330","4231","4488","0.0281859238474161","1.18106512918314e-19","1.2730869402109e-21","FALSE","lnorm","4.89479823876162e-37","0","0.899999999999999"
"331","4233","4489","0.0281265354026578","1.13938609495442e-19","7.77370763415941e-22","FALSE","lnorm","7.49762878720723e-37","0","0.899999999999999"
"332","4235","4490","0.0280357698970425","1.05409291778485e-19","4.23621184314447e-22","FALSE","lnorm","5.22001365638991e-36","0","0.899999999999999"
"333","4237","4491","0.0280209096840963","1.0846038089653e-19","2.99134584269455e-22","FALSE","lnorm","4.06128490338246e-35","0","0.899999999999999"
"334","4239","4492","0.0279299795874885","9.46459609588938e-20","9.73468451069041e-23","FALSE","lnorm","6.20438603751903e-35","0","0.875"
"335","4241","4493","0.0278989922356963","9.37871783903985e-20","5.41979303545325e-23","FALSE","lnorm","2.43448161811814e-53","0","0.799999999999997"
"336","4243","4494","0.0277602764931124","6.82275686851085e-20","1.44321080065402e-23","FALSE","lnorm","3.95779124304516e-53","0","0.725000000000001"
"337","4245","4495","0.0277159310933103","6.79484930110764e-20","1.02280589201796e-23","FALSE","lnorm","6.4346939065446e-53","0","0.699999999999999"
"338","4247","4496","0.0276268053160623","5.92511804014634e-20","3.7e-24","FALSE","lnorm","1.04624165357467e-52","0","0.699999999999999"
"339","4249","4497","0.0275657750194655","5.30459390842144e-20","3.7e-24","FALSE","lnorm","1.70124050409726e-52","0","0.699999999999999"
"340","4251","4498","0.0275217149706885","4.97490815254078e-20","3.7e-24","FALSE","lnorm","3.08188942156562e-53","0","0.699999999999999"
"341","4253","4499","0.0253999603809266","1.33524045194587e-19","2.94541755534035e-20","FALSE","lnorm","5.38965179501317e-53","0","0.699999999999999"
"342","4255","4500","0.0186894218310443","4.34119092343408e-08","5.65796501218725e-11","FALSE","lnorm","1.16674607842314e-32","0","0.699999999999999"
"343","4257","4501","0.0178851256571988","8.4129337653171e-08","1.02690441073105e-11","FALSE","lnorm","4.73881730684629e-33","0","0.600000000000001"
"344","4259","4502","0.0178828568913181","1.03012226284996e-07","1.84223378392405e-11","FALSE","lnorm","3.08088281926575e-32","0","0.625000000000004"
"345","4261","4503","0.0177734007005583","1.17544066986432e-07","1.66286720703675e-11","FALSE","lnorm","4.13859386470734e-32","0","0.650000000000002"
"346","4263","4504","0.0177414353328908","1.05622000010769e-07","9.60470088342772e-12","FALSE","lnorm","2.99526269492348e-31","0","0.674999999999997"
"347","4265","4505","0.017651974708816","9.38539981972479e-08","4.38207162729185e-12","FALSE","lnorm","4.56266585974607e-31","0","0.699999999999999"
"348","4267","4506","0.0175338543892105","8.74819318245544e-08","2.21355627571148e-12","FALSE","lnorm","6.95530486323347e-31","0","0.699999999999999"
"349","4269","4507","0.0173850667278527","8.69241223723871e-08","1.30148384545032e-12","FALSE","lnorm","4.37105595968833e-30","0","0.649999999999999"
"350","4271","4508","0.0171455932653958","8.05184828133263e-08","4.8932194815427e-13","FALSE","lnorm","6.01577981839204e-30","0","0.599999999999998"
"351","4368","4654","0.00837033921254022","9.6964571339939e-18","3.7e-24","FALSE","lnorm","8.4448518727733e-08","0","0.199999999999999"
"352","4370","4655","0.00775430398681544","1.88913326065153e-16","3.7e-24","FALSE","lnorm","1.54676719654447e-07","0","0.199999999999999"
"353","4372","4656","0.00698893666594055","8.58286944350149e-14","7.81229309014716e-20","FALSE","lnorm","1.41703782714754e-07","0","0.199999999999999"
"354","4374","4657","0.00626426857379249","6.07762115628858e-11","9.62139391362902e-19","FALSE","norm","3.35879085578092e-07","0","0.199999999999999"
"355","4376","4658","0.00606408387000874","4.98915180383911e-12","5.28587561706163e-20","FALSE","weibull","3.99773316456836e-07","0","0.199999999999999"
"356","4378","4659","0.00606291360471468","6.48132823407692e-12","9.78479660629046e-20","FALSE","weibull","7.25566174953049e-07","0","0.199999999999999"
"357","4380","4660","0.00610252454233364","1.05408653806121e-11","3.57492509924893e-19","FALSE","weibull","3.53365360277124e-07","0","0.199999999999999"
"358","4382","4661","0.00610192508512149","9.47799324590084e-12","2.70913050723668e-19","FALSE","weibull","5.32494935130457e-07","0","0.199999999999999"
"359","4384","4662","0.00608997370877404","6.48016534515492e-12","8.42790313204137e-20","FALSE","weibull","1.94334717110734e-06","0","0.199999999999999"
"360","4386","4663","0.00604143477383708","4.5713121196596e-12","7.17586744399352e-20","FALSE","weibull","5.42985704535091e-06","0","0.199999999999999"
"361","4388","4664","0.00600192275608996","3.37854451029852e-12","6.23857748499466e-20","FALSE","weibull","8.07221142341697e-06","0","0.199999999999999"
"362","4390","4665","0.00592036038894204","2.09424698151656e-12","3.7325983464027e-20","FALSE","weibull","2.75478982205978e-05","0","0.199999999999999"
"363","4392","4666","0.00580616166254441","1.39746457908568e-12","3.65151050328629e-20","FALSE","weibull","5.20900368950756e-05","0","0.199999999999999"
"364","4394","4667","0.00562114771473942","2.91608662577155e-12","2.43542677638894e-19","FALSE","weibull","0.000132835342070561","0","0.199999999999999"
"365","4396","4668","0.00537407427804675","1.56099918760056e-11","1.10542290967968e-18","FALSE","weibull","0.000193705244910251","4.21884749357559e-15","0.199999999999999"
"366","4398","4669","0.00496863099403079","5.79190667451042e-10","2.43992090590859e-19","FALSE","norm","0.000602108809121881","7.87370169064161e-13","0.199999999999999"
"367","4400","4670","0.0049337823107615","5.48127643249368e-10","2.02155076654786e-19","FALSE","norm","0.000315267762076765","2.68118860446975e-13","0.199999999999999"
"368","4402","4671","0.00483457834920563","4.34569818960572e-10","7.57623310086824e-20","FALSE","norm","0.000762911994450105","3.45125039658001e-11","0.199999999999999"
"369","4404","4672","0.00471559929655237","2.04156478910859e-10","2.38703034029937e-20","FALSE","norm","0.000672246494515612","3.95034005507e-11","0.199999999999999"
"370","4406","4673","0.00472436207655615","2.26460401754018e-10","3.81613345054173e-20","FALSE","norm","0.00122662413218575","4.42254011190357e-11","0.199999999999999"
"371","4408","4674","0.00473771573494285","2.86114440196455e-10","1.07864033719968e-19","FALSE","norm","0.00171390386674445","5.38237232561301e-11","0.199999999999999"
"372","4410","4675","0.00476255898369345","2.7974348067045e-10","1.25929140256267e-19","FALSE","norm","0.00119235342970574","6.00620664314988e-11","0.199999999999999"
"373","4412","4676","0.00475999902482137","2.57960627960307e-10","7.9852501005955e-20","FALSE","norm","0.00169495177033509","8.03379585079256e-11","0.199999999999999"
"374","4414","4677","0.00474316375444749","2.75169138476725e-10","7.12400275865075e-20","FALSE","norm","0.00188705807654447","1.02218677966448e-10","0.199999999999999"
"375","4416","4678","0.00474767857527833","2.64595059814141e-10","6.07705986257436e-20","FALSE","norm","0.00103697766464926","9.2979290933215e-11","0.199999999999999"
"376","4418","4679","0.00476988968217279","2.8088697949819e-10","9.13332677374573e-20","FALSE","norm","0.0014680563611984","1.45269352103128e-10","0.199999999999999"
"377","4420","4680","0.00479913814325192","3.09342211071817e-10","1.82934609918349e-19","FALSE","norm","0.00129951368801654","9.14933684370567e-11","0.199999999999999"
"378","4422","4681","0.00478171199033159","3.297526609125e-10","1.62041621119872e-19","FALSE","norm","0.00231456663912513","2.37121988710953e-10","0.199999999999999"
"379","4424","4682","0.00476387465665892","3.48978718863492e-10","1.4001081932504e-19","FALSE","norm","0.00258291966907517","1.74901870764188e-10","0.199999999999999"
"380","4426","4683","0.00478884336388469","3.32344516052543e-10","1.47773250582691e-19","FALSE","norm","0.0018285423177635","2.49480658354173e-10","0.199999999999999"
"381","4428","4684","0.00483723979338365","4.63871322442137e-10","4.15968922678944e-19","FALSE","norm","0.00165285031029427","1.53539070346653e-10","0.199999999999999"
"382","4430","4685","0.00484653981912759","5.10727428020325e-10","6.40499697189766e-19","FALSE","norm","0.000713748529292455","8.4969142832847e-11","0.199999999999999"
"383","4432","4686","0.00482815555670953","5.39591457966846e-10","5.48326411331489e-19","FALSE","norm","0.00131033172801321","2.22070362099203e-10","0.199999999999999"
"384","4434","4687","0.00482845685276173","5.59283523460269e-10","5.53967469053514e-19","FALSE","norm","0.00120424387509827","2.39927078204971e-10","0.199999999999999"
"385","4436","4688","0.00491888401633594","1.3317277874978e-09","1.99829404779815e-18","FALSE","norm","0.000844007961357916","1.87890814018488e-10","0.199999999999999"
"386","4438","4689","0.0049648135438696","1.81331838586354e-09","5.14145371564985e-18","FALSE","norm","0.000786838220036249","2.97513125246951e-11","0.199999999999999"
"387","4440","4690","0.00496901015394633","2.2637490562077e-09","1.11368262854632e-17","FALSE","norm","0.000742368917933677","1.97946103952518e-11","0.199999999999999"
"388","4442","4691","0.00499634374303246","2.48973241125893e-09","1.95965287259201e-17","FALSE","norm","0.000708907845581934","2.33064678667461e-11","0.199999999999999"
"389","4444","4692","0.00501129098168903","3.16509507582171e-09","2.73277596226779e-17","FALSE","norm","0.00068521957662192","3.50987017228022e-11","0.199999999999999"
"390","4446","4693","0.00502878234289623","3.38628576507803e-09","3.75292299274261e-17","FALSE","norm","0.000408516360548864","1.39953604261223e-11","0.199999999999999"
"391","4448","4694","0.00503598173846888","3.24271339460709e-09","3.19080939624177e-17","FALSE","norm","0.000558038177306977","1.59886548445343e-11","0.199999999999999"
"392","4450","4695","0.0050756499697097","3.67508408646445e-09","8.00088389120645e-17","FALSE","norm","0.00064513316972492","2.64396282645407e-11","0.199999999999999"
"393","4452","4696","0.00508560127872713","4.01522191041259e-09","1.15681124324871e-16","FALSE","norm","0.000745599050468246","1.91807680849365e-11","0.199999999999999"
"394","4454","4697","0.00514849997779213","1.56161776569297e-08","5.29990928519153e-16","FALSE","norm","0.000527855770398242","8.99458285630317e-12","0.199999999999999"
"395","4456","4698","0.00521688730046326","3.06157422987807e-08","1.5748545156457e-15","FALSE","norm","0.0004358997728133","2.32569519198478e-12","0.199999999999999"
"396","4458","4699","0.00527312729955977","8.29813941846925e-08","5.03212041983811e-15","FALSE","norm","0.000506278809363703","8.29780688604842e-13","0.199999999999999"
"397","4460","4700","0.00538536434910048","1.2260163055492e-07","2.80265290927252e-14","FALSE","lnorm","0.000354469123508423","8.10462807976364e-14","0.199999999999999"
"398","4462","4701","0.00553640537912733","9.62302072297354e-08","8.36615593585609e-14","FALSE","lnorm","0.000290080828977656","1.24344978758018e-14","0.199999999999999"
"399","4464","4702","0.00566097411450615","3.93721743037611e-08","1.30515492086458e-13","FALSE","lnorm","0.000338628333574088","5.55111512312578e-16","0.199999999999999"
"400","4466","4703","0.00581292627474849","1.80010627751588e-08","1.88563086289409e-13","FALSE","lnorm","0.000276777941026507","0","0.199999999999999"
"401","933","1219","0.0225772187902535","5.01350648502327e-14","3.7e-24","FALSE","weibull","1.06527740062407e-63","0","1.1"
"402","935","1220","0.0226756124426434","5.42849694187947e-14","3.7e-24","FALSE","weibull","1.75076006341167e-63","0","1.1"
"403","937","1221","0.0228149641772797","6.63277803329003e-14","3.7e-24","FALSE","weibull","2.8876826696349e-63","0","1.1"
"404","939","1222","0.0229402120000328","8.58496201203338e-14","3.7e-24","FALSE","weibull","4.74717785663115e-63","0","1.1"
"405","941","1223","0.0230635581142342","1.0847849328936e-13","3.7e-24","FALSE","weibull","7.80583249886955e-63","0","1.1"
"406","943","1224","0.0231904774542012","1.23875966521149e-13","3.7e-24","FALSE","weibull","1.28380852545442e-62","0","1.1"
"407","945","1225","0.0233101177496529","1.50776590924703e-13","3.7e-24","FALSE","weibull","2.11192414707474e-62","0","1.1"
"408","947","1226","0.0233976300053585","1.6278725941188e-13","3.7e-24","FALSE","weibull","3.47498755979446e-62","0","1.1"
"409","949","1227","0.0234364947937494","1.93456361570418e-13","3.7e-24","FALSE","weibull","5.71906500377722e-62","0","1.1"
"410","951","1228","0.0234977972059893","2.20081669355891e-13","3.7e-24","FALSE","weibull","9.41442354852215e-62","0","1.1"
"411","953","1229","0.0235547235359434","2.29526050590219e-13","3.7e-24","FALSE","weibull","1.5500994328829e-61","0","1.1"
"412","955","1230","0.0236369361609295","2.38369844213336e-13","3.7e-24","FALSE","weibull","2.55283551208048e-61","0","1.1"
"413","957","1231","0.0236901698971689","2.43639291622459e-13","3.7e-24","FALSE","weibull","4.20517440990976e-61","0","1.1"
"414","959","1232","0.0237868547287452","2.47402246058941e-13","3.7e-24","FALSE","weibull","6.92857118706603e-61","0","1.1"
"415","961","1233","0.0238644334192926","2.55589819111988e-13","3.7e-24","FALSE","weibull","1.14183293316043e-60","0","1.2"
"416","963","1234","0.0239488468418377","2.57443592422247e-13","3.7e-24","FALSE","norm","1.88218157732643e-60","0","1.2"
"417","965","1235","0.0240110743048812","2.52049714451648e-13","3.7e-24","FALSE","norm","3.10328419837296e-60","0","1.2"
"418","967","1236","0.0240914897375176","2.48522452586174e-13","3.7e-24","FALSE","norm","5.11780599508839e-60","0","1.2"
"419","969","1237","0.0241774004723432","2.64917080959306e-13","3.7e-24","FALSE","gamma","8.44208345865984e-60","0","1.2"
"420","971","1238","0.0242537211500029","2.55983696873214e-13","3.7e-24","FALSE","lnorm","1.39391541410873e-59","0","1.2"
"421","973","1239","0.0243349131240938","2.65787242304171e-13","3.7e-24","FALSE","lnorm","2.3000772842636e-59","0","1.2"
"422","975","1240","0.0244255904758026","2.79097567632008e-13","3.7e-24","FALSE","lnorm","3.79626265104575e-59","0","1.2"
"423","977","1241","0.0245017899262395","2.80580679521757e-13","3.7e-24","FALSE","lnorm","6.26729026123459e-59","0","1.2"
"424","979","1242","0.0245877281646685","2.85329556245823e-13","3.7e-24","FALSE","lnorm","1.03494010640958e-58","0","1.2"
"425","981","1243","0.0246587847643586","2.78273402356464e-13","3.7e-24","FALSE","lnorm","1.70948308180173e-58","0","1.2"
"426","983","1244","0.0247217944923887","2.52848925644555e-13","3.7e-24","FALSE","lnorm","2.82443206687041e-58","0","1.2"
"427","985","1245","0.0247419445068954","2.60624962716568e-13","3.7e-24","FALSE","lnorm","4.66785107153977e-58","0","1.2"
"428","987","1246","0.0247604660682971","2.64699371040061e-13","3.7e-24","FALSE","lnorm","7.71659009192143e-58","0","1.2"
"429","989","1247","0.0248019404989727","2.34183619831098e-13","3.7e-24","FALSE","lnorm","1.27602674334686e-57","0","1.15"
"430","991","1248","0.0248413327710099","2.04408305711179e-13","3.7e-24","FALSE","lnorm","2.11068607835316e-57","0","1.1"
"431","993","1249","0.0249144687410809","1.64407779823663e-13","3.7e-24","FALSE","lnorm","3.49237580724219e-57","0","1.1"
"432","995","1250","0.0249651203863729","1.39036341374265e-13","3.7e-24","FALSE","lnorm","5.7803751485981e-57","0","1.1"
"433","997","1251","0.0250518715042946","1.19474167330411e-13","3.7e-24","FALSE","lnorm","9.57047398031758e-57","0","1.1"
"434","999","1252","0.0251151540667569","1.07387217933595e-13","3.7e-24","FALSE","lnorm","1.58510585827023e-56","0","1.1"
"435","1001","1253","0.0251877068333972","9.38605991018963e-14","3.7e-24","FALSE","lnorm","2.6121533249676e-56","0","1.1"
"436","1003","1254","0.0252456002810489","8.172676257082e-14","3.7e-24","FALSE","lnorm","4.3266208287683e-56","0","1.1"
"437","1005","1255","0.025313037302941","6.91555368472925e-14","3.7e-24","FALSE","lnorm","7.16893493110543e-56","0","1.1"
"438","1007","1256","0.0253527156062193","5.91313018617876e-14","3.7e-24","FALSE","lnorm","1.18828927213025e-55","0","1.1"
"439","1009","1257","0.0254146436935992","4.85559999460342e-14","3.7e-24","FALSE","lnorm","1.97041671420378e-55","0","1.1"
"440","1011","1258","0.0254478669155056","4.02528939291396e-14","3.7e-24","FALSE","lnorm","3.26865862473781e-55","0","1.1"
"441","1013","1259","0.0255040492531176","3.21033881849182e-14","3.7e-24","FALSE","lnorm","5.42455931091237e-55","0","1.1"
"442","1015","1260","0.0255305340773633","2.58211399084115e-14","3.7e-24","FALSE","lnorm","9.00640139443017e-55","0","1.1"
"443","1017","1261","0.0255991049275848","2.62186008183064e-14","3.7e-24","FALSE","lnorm","1.49602675258586e-54","0","1.1"
"444","1019","1262","0.0256184222595549","2.04418998402917e-14","3.7e-24","FALSE","lnorm","2.48621547348356e-54","0","1.1"
"445","1021","1263","0.0256215457120223","1.5627304998384e-14","3.7e-24","FALSE","lnorm","4.13390559517781e-54","0","1.1"
"446","1023","1264","0.0255935342688281","1.20121143249456e-14","3.7e-24","FALSE","lnorm","6.87728128844789e-54","0","1.1"
"447","1025","1265","0.0256147757472593","8.27901946421984e-15","3.7e-24","FALSE","lnorm","1.1447763657667e-53","0","1.1"
"448","1027","1266","0.0256344984844514","5.72810055935182e-15","3.7e-24","FALSE","lnorm","1.23894915257857e-51","0","1.2"
"449","1029","1267","0.0257024775839113","3.85062485637203e-15","3.7e-24","FALSE","lnorm","2.12176181014935e-51","0","1.2"
"450","1031","1268","0.0257320356724701","2.7426293626615e-15","3.7e-24","FALSE","lnorm","3.64421994892933e-51","0","1.2"
"451","3204","3490","0.0399029090661635","6.60086393306637e-13","3.7e-24","FALSE","weibull","5.97893705517693e-57","0","2.1"
"452","3206","3491","0.0397232036520658","7.51297119001018e-13","3.7e-24","FALSE","weibull","1.00577247203016e-56","0","2"
"453","3208","3492","0.0395536466571252","8.42914168003221e-13","3.7e-24","FALSE","weibull","1.69854835937525e-56","0","2"
"454","3210","3493","0.0393569721570752","9.4216147972319e-13","3.7e-24","FALSE","weibull","2.88009758189371e-56","0","2"
"455","3212","3494","0.0391610945120624","1.08375850052278e-12","3.7e-24","FALSE","weibull","4.90388235485676e-56","0","1.95"
"456","3214","3495","0.03895672692715","1.23288016921194e-12","3.7e-24","FALSE","weibull","8.38557553385327e-56","0","1.9"
"457","3216","3496","0.0387329957034271","1.34133328903178e-12","3.7e-24","FALSE","weibull","2.66466452784653e-57","0","1.9"
"458","3218","3497","0.038482189786524","1.58307667934616e-12","3.7e-24","FALSE","weibull","4.46854738001078e-57","0","1.9"
"459","3220","3498","0.0382294685133185","1.77161896082733e-12","3.7e-24","FALSE","weibull","7.51750202055626e-57","0","1.9"
"460","3222","3499","0.0379795045986198","2.02943191636135e-12","3.7e-24","FALSE","weibull","1.26883469861801e-56","0","1.9"
"461","3224","3500","0.0376545293098995","2.35177992891644e-12","3.7e-24","FALSE","weibull","2.14884457939196e-56","0","1.9"
"462","3226","3501","0.0373617331144847","2.69107572273372e-12","4.06788119150165e-24","FALSE","weibull","3.65191815807943e-56","0","1.9"
"463","3228","3502","0.0370575858780461","3.05242167580155e-12","5.11179410079008e-24","FALSE","weibull","5.2334271447764e-56","0","1.9"
"464","3230","3503","0.0367716926411523","3.22879907349614e-12","5.00794988935614e-24","FALSE","weibull","8.71001335264669e-56","0","1.9"
"465","3232","3504","0.0364269128283515","3.43702338686026e-12","4.52990041298629e-24","FALSE","weibull","1.4541968629677e-55","0","1.8"
"466","3234","3505","0.0360930197018501","3.62562878575702e-12","4.1285618556691e-24","FALSE","weibull","2.43576964148822e-55","0","1.8"
"467","3236","3506","0.0357203436757835","3.80210729372384e-12","3.7e-24","FALSE","weibull","4.09352816359719e-55","0","1.8"
"468","3238","3507","0.0353828848512482","3.86098036705369e-12","3.7e-24","FALSE","weibull","6.90321041539857e-55","0","1.7"
"469","3240","3508","0.034974778680341","4.24131218564476e-12","3.7e-24","FALSE","weibull","1.16826914138876e-54","0","1.7"
"470","3242","3509","0.0346016095972898","4.41986693478485e-12","3.7e-24","FALSE","weibull","7.57316122606039e-58","0","1.6"
"471","3244","3510","0.0341405248602741","4.58349221596228e-12","3.7e-24","FALSE","weibull","1.26243123444114e-57","0","1.55"
"472","3246","3511","0.0337419076401071","4.42324797534171e-12","3.7e-24","FALSE","weibull","2.10752252469905e-57","0","1.5"
"473","3248","3512","0.0332364846713511","4.71921982748236e-12","3.7e-24","FALSE","weibull","3.52364665981944e-57","0","1.4"
"474","3250","3513","0.0327676026616594","4.73482547571549e-12","3.7e-24","FALSE","weibull","5.90053718611151e-57","0","1.4"
"475","3252","3514","0.0321573656056861","5.11494798199212e-12","3.7e-24","FALSE","weibull","9.89680875255261e-57","0","1.4"
"476","3254","3515","0.031417345504153","5.78389212587311e-12","3.7e-24","FALSE","weibull","2.86686076322067e-58","0","1.4"
"477","3256","3516","0.0306407424842187","5.65990209113826e-12","3.7e-24","FALSE","weibull","4.75069536147123e-58","0","1.3"
"478","3258","3517","0.0298227804788452","3.47755694805824e-12","3.7e-24","FALSE","weibull","7.87519774542205e-58","0","1.3"
"479","3260","3518","0.0292178050134694","2.42107092618601e-12","3.7e-24","FALSE","weibull","1.30594748168778e-57","0","1.25"
"480","3262","3519","0.0287153823822903","1.90955856841939e-12","3.7e-24","FALSE","weibull","2.16649001794729e-57","0","1.2"
"481","3264","3520","0.0282789183126516","2.23130863576761e-12","3.7e-24","FALSE","weibull","3.59552037328759e-57","0","1.2"
"482","3266","3521","0.0278242536208783","2.42689404916794e-12","3.7e-24","FALSE","weibull","5.96964995148819e-57","0","1.2"
"483","3268","3522","0.027383864695616","2.39139983053943e-12","3.7e-24","FALSE","weibull","9.91577535478155e-57","0","1.15"
"484","3270","3523","0.026955130362436","2.64496470697168e-12","3.7e-24","FALSE","weibull","1.6478003680522e-56","0","1.1"
"485","3272","3524","0.0265077810514756","2.70378349150578e-12","3.7e-24","FALSE","weibull","2.7396358568986e-56","0","1.1"
"486","3274","3525","0.0260713109346286","2.64079378760432e-12","3.7e-24","FALSE","weibull","4.55724686740956e-56","0","1.1"
"487","3276","3526","0.0256470879817907","2.81773314521898e-12","3.7e-24","FALSE","weibull","7.58483049940034e-56","0","1.1"
"488","3278","3527","0.0252319225083829","3.17008583780228e-12","3.7e-24","FALSE","weibull","1.2630951755341e-55","0","1"
"489","3280","3528","0.0248595078221673","4.31129740769568e-12","3.7e-24","FALSE","weibull","1.53521124286137e-53","0","1"
"490","3282","3529","0.024501631920305","6.11963696782246e-12","3.7e-24","FALSE","weibull","2.64915996118842e-53","0","1.025"
"491","3284","3530","0.0240674441479598","8.1867619653124e-12","8.28604163432244e-24","FALSE","weibull","4.58601508382718e-53","0","1.05"
"492","3286","3531","0.0236458302940024","1.12783845737468e-11","2.41709856860685e-23","FALSE","weibull","7.96597260499532e-53","0","1.075"
"493","3288","3532","0.023205668155321","1.46493421633506e-11","7.20763571101544e-23","FALSE","weibull","1.38872356380528e-52","0","1"
"494","3290","3533","0.0227793700584501","2.31262326063407e-11","2.42707867613147e-22","FALSE","weibull","2.4303792520399e-52","0","1"
"495","3292","3534","0.0223339474986967","3.75408232809438e-11","8.29385231598819e-22","FALSE","weibull","4.27102716147527e-52","0","1"
"496","3294","3535","0.0218680184538699","6.26641058543639e-11","2.85118926303632e-21","FALSE","weibull","7.53914539170748e-52","0","1"
"497","3296","3536","0.0213800193806102","1.06954442385433e-10","9.71452961748002e-21","FALSE","weibull","2.11121986894126e-47","0","1"
"498","3298","3537","0.020868168817644","1.82596911466306e-10","3.20345924730888e-20","FALSE","weibull","3.62754281999266e-47","0","1"
"499","3300","3538","0.0204049226823958","3.12797565634851e-10","1.09836434326956e-19","FALSE","weibull","6.24175863733419e-47","0","1"
"500","3302","3539","0.0198419090418702","4.71062095991869e-10","3.29048188546344e-19","FALSE","weibull","1.07556629212061e-46","0","0.975000000000001"
"501","2028","2314","0.0241774432113209","4.43538611694085e-11","2.09671848046132e-16","FALSE","weibull","7.52848557080972e-37","0","1.3"
"502","2030","2315","0.0240205108998496","6.89475977629084e-11","8.15094777766988e-16","FALSE","weibull","1.25171225809152e-36","0","1.2"
"503","2032","2316","0.0239247259228595","7.43356002841203e-11","9.62698375001653e-16","FALSE","weibull","2.46641168944554e-46","0","1.2"
"504","2034","2317","0.0237704810271266","9.55500838390031e-11","1.91403900842545e-15","FALSE","weibull","2.11701717981953e-45","0","1.025"
"505","2036","2318","0.0236810550079421","9.33947081358204e-11","1.59635341831469e-15","FALSE","weibull","1.8402270355226e-44","0","0.949999999999999"
"506","2038","2319","0.0235822560721636","1.03775848359903e-10","2.33405480181235e-15","FALSE","weibull","2.96386684969488e-44","0","0.899999999999999"
"507","2040","2320","0.0235878077451186","8.45035301901621e-11","1.06489524181483e-15","FALSE","weibull","4.777253849623e-44","0","0.899999999999999"
"508","2042","2321","0.0235976497798739","6.31774371072655e-11","3.36967828988088e-16","FALSE","weibull","7.70613803275214e-44","0","0.800000000000001"
"509","2044","2322","0.0234859987267392","6.2666255687986e-11","3.22642685359687e-16","FALSE","weibull","6.46432120421554e-43","0","0.800000000000001"
"510","2046","2323","0.0232922412465427","8.36912322030223e-11","6.82230551458437e-16","FALSE","weibull","5.43204115451098e-42","0","0.800000000000001"
"511","2048","2324","0.0230681666486298","1.11191107475204e-10","1.32638763372975e-15","FALSE","weibull","8.77589107689676e-42","0","0.800000000000001"
"512","2050","2325","0.0229100155625772","1.36168687750134e-10","2.4340232259983e-15","FALSE","weibull","1.41911223887359e-41","0","0.800000000000001"
"513","2052","2326","0.0227475156089012","1.64883981996486e-10","4.28181850392599e-15","FALSE","weibull","2.29692933732174e-41","0","0.800000000000001"
"514","2054","2327","0.0225805167865657","1.97249270200051e-10","7.21381709991455e-15","FALSE","weibull","3.72127811021891e-41","0","0.800000000000001"
"515","2056","2328","0.0224632760214037","1.72797870450236e-10","4.53375254982499e-15","FALSE","weibull","6.0347417095418e-41","0","0.699999999999999"
"516","2058","2329","0.0222064098043655","2.23711973382424e-10","7.83270469666119e-15","FALSE","weibull","9.79616300141334e-41","0","0.699999999999999"
"517","2060","2330","0.0219913754123814","2.45212711882336e-10","8.88020036979332e-15","FALSE","weibull","1.59181652606149e-40","0","0.699999999999999"
"518","2062","2331","0.0217972737254337","2.5980276998749e-10","9.63545787201839e-15","FALSE","weibull","2.5892792235619e-40","0","0.699999999999999"
"519","2064","2332","0.021526478775384","3.63160031832418e-10","2.0463568972792e-14","FALSE","weibull","4.21621814258014e-40","0","0.699999999999999"
"520","2066","2333","0.0214114733583802","2.71315078713906e-10","9.25078831149415e-15","FALSE","weibull","6.13146307582145e-57","0","0.699999999999999"
"521","2068","2334","0.0211153238478528","3.43367564102799e-10","1.39980067075192e-14","FALSE","weibull","1.00571569697604e-56","0","0.699999999999999"
"522","2070","2335","0.020780445239406","3.94287682793258e-10","1.76458737497452e-14","FALSE","weibull","1.64981906478465e-56","0","0.699999999999999"
"523","2072","2336","0.020634218583561","3.32875804991866e-10","1.24010424076755e-14","FALSE","weibull","2.70675119160451e-56","0","0.699999999999999"
"524","2074","2337","0.0203084134576717","4.19782058015154e-10","1.64590910033598e-14","FALSE","weibull","4.44132200163182e-56","0","0.699999999999999"
"525","2076","2338","0.0200554962893731","4.28453533576819e-10","1.70951875606738e-14","FALSE","weibull","7.28834787934981e-56","0","0.699999999999999"
"526","2078","2339","0.0198779753037553","3.1772121453618e-10","7.43854123776143e-15","FALSE","weibull","1.19618916094252e-55","0","0.699999999999999"
"527","2080","2340","0.0195259443997972","3.89992660802122e-10","7.52179705826696e-15","FALSE","weibull","1.96347612442671e-55","0","0.699999999999999"
"528","2082","2341","0.0193204351187371","3.26046708240557e-10","4.83442235364892e-15","FALSE","weibull","3.22334999274371e-55","0","0.699999999999999"
"529","2084","2342","0.0190347998361542","2.98041309040403e-10","3.14125096943344e-15","FALSE","weibull","5.29232485894313e-55","0","0.699999999999999"
"530","2086","2343","0.0187153578113058","2.8551785788511e-10","1.82219534605789e-15","FALSE","weibull","8.69048193584969e-55","0","0.699999999999999"
"531","2088","2344","0.0185065848559932","1.72813858397146e-10","5.10238790480572e-16","FALSE","weibull","1.42725226021437e-54","0","0.699999999999999"
"532","2090","2345","0.0181235596057625","1.80499301234321e-10","2.80924742464966e-16","FALSE","norm","2.34432780128763e-54","0","0.699999999999999"
"533","2092","2346","0.0176801109073618","2.15569313505552e-10","1.53796373297322e-16","FALSE","norm","3.85121618972203e-54","0","0.699999999999999"
"534","2094","2347","0.0174325935163859","1.17045479817788e-10","3.16163678851145e-17","FALSE","norm","1.29457122866853e-55","0","0.699999999999999"
"535","2096","2348","0.0169674347040488","1.16428972549836e-10","5.02425989070816e-18","FALSE","norm","2.12998021805346e-55","0","0.699999999999999"
"536","2098","2349","0.0164700066047535","1.07539685512714e-10","4.41664393094268e-19","FALSE","norm","3.5046745677894e-55","0","0.699999999999999"
"537","2100","2350","0.0161921720486905","4.41264326457103e-11","2.65090479013544e-20","FALSE","norm","5.76690428809742e-55","0","0.699999999999999"
"538","2102","2351","0.0156753330073706","3.09134112741322e-11","5.25700386860095e-22","FALSE","lnorm","9.48988898415896e-55","0","0.699999999999999"
"539","2104","2352","0.015078450993562","1.13693182984122e-11","3.7e-24","FALSE","lnorm","1.56172044387246e-54","0","0.699999999999999"
"540","2106","2353","0.014739232625575","2.54343615862266e-12","3.7e-24","FALSE","lnorm","2.57021633359934e-54","0","0.699999999999999"
"541","2108","2354","0.0143323317680449","2.04871959453738e-13","3.7e-24","FALSE","lnorm","4.23019842904019e-54","0","0.699999999999999"
"542","2110","2355","0.0142231251253703","7.9241664246822e-14","3.7e-24","FALSE","lnorm","6.96268817655852e-54","0","0.699999999999999"
"543","2112","2356","0.0142117572109765","1.0319887215367e-13","3.7e-24","FALSE","lnorm","1.14609014777235e-53","0","0.699999999999999"
"544","2114","2357","0.0142349483679881","1.07773605488499e-13","3.7e-24","FALSE","lnorm","1.88662999354639e-53","0","0.699999999999999"
"545","2116","2358","0.0142582439237954","1.12335014947553e-13","3.7e-24","FALSE","lnorm","3.10585602762501e-53","0","0.699999999999999"
"546","2118","2359","0.0142916922873595","9.62129624928482e-14","3.7e-24","FALSE","lnorm","5.11332100765225e-53","0","0.699999999999999"
"547","2120","2360","0.0143343680562426","7.42979877447372e-14","3.7e-24","FALSE","lnorm","8.41884444549347e-53","0","0.699999999999999"
"548","2122","2361","0.014390272830555","5.3595110886715e-14","3.7e-24","FALSE","lnorm","1.38621359343653e-52","0","0.699999999999999"
"549","2124","2362","0.0144463456093921","3.84281316777411e-14","3.7e-24","FALSE","lnorm","2.28263582909109e-52","0","0.699999999999999"
"550","2126","2363","0.0144896278306275","2.91932290220391e-14","3.7e-24","FALSE","lnorm","4.92256030781463e-53","0","0.699999999999999"
"551","2182","2468","0.0126934257286064","7.59696333412444e-23","3.7e-24","FALSE","lnorm","2.30364391359294e-18","0","0.199999999999999"
"552","2184","2469","0.0125783179279828","5.05307242974908e-23","3.7e-24","FALSE","lnorm","6.81365992052617e-18","0","0.199999999999999"
"553","2186","2470","0.0124646131116247","3.24037785244374e-23","3.7e-24","FALSE","lnorm","2.07715296284142e-17","0","0.199999999999999"
"554","2188","2471","0.0123291766902712","2.39157410677913e-23","3.7e-24","FALSE","lnorm","6.5325411580936e-17","0","0.199999999999999"
"555","2190","2472","0.012150536665892","1.71170267683138e-23","3.7e-24","FALSE","lnorm","2.12141588921812e-16","0","0.199999999999999"
"556","2192","2473","0.0119585771755757","1.23778973710285e-23","3.7e-24","FALSE","lnorm","7.12034251284189e-16","0","0.199999999999999"
"557","2194","2474","0.0117730127358741","9.43415947985602e-24","3.7e-24","FALSE","lnorm","2.47229309231218e-15","0","0.199999999999999"
"558","2196","2475","0.0115782833804265","7.09481444014733e-24","3.7e-24","FALSE","lnorm","8.88790019008372e-15","0","0.199999999999999"
"559","2198","2476","0.0113645077065702","4.83671076126721e-24","3.7e-24","FALSE","lnorm","3.31091758669835e-14","0","0.199999999999999"
"560","2200","2477","0.0110626893241411","4.09940929180106e-24","3.7e-24","FALSE","lnorm","1.27896443894189e-13","0","0.199999999999999"
"561","2202","2478","0.0107491170675557","3.43570972462433e-24","3.7e-24","FALSE","lnorm","5.12607817649362e-13","0","0.199999999999999"
"562","2204","2479","0.0104172700134578","2.92502975536202e-24","3.7e-24","FALSE","lnorm","2.13259545420729e-12","0","0.199999999999999"
"563","2206","2480","0.0100651570767461","2.54760688163297e-24","3.7e-24","FALSE","lnorm","9.21097358409374e-12","0","0.149999999999999"
"564","2208","2481","0.00969037431905155","2.29264585663493e-24","3.7e-24","FALSE","lnorm","4.12968614685594e-11","0","0.100000000000001"
"565","2210","2482","0.00929930294922424","2.38835488087796e-24","3.7e-24","FALSE","lnorm","1.92089312550818e-10","0","0.100000000000001"
"566","2212","2483","0.00886965624246903","2.42250122952005e-24","3.7e-24","FALSE","lnorm","9.25949774520231e-10","0","0.100000000000001"
"567","2214","2484","0.0084027034497081","2.80141646545634e-24","3.7e-24","FALSE","lnorm","4.61725492672429e-09","0","0.100000000000001"
"568","2216","2485","0.00789903122946332","3.69476189039629e-24","3.7e-24","FALSE","lnorm","0.000254599858979586","0","0.100000000000001"
"569","2218","2486","0.00735647970686117","7.09086536697766e-24","3.7e-24","FALSE","lnorm","0.000318713278834279","0","0.100000000000001"
"570","2220","2487","0.00674324354135077","1.89809707903735e-23","3.7e-24","FALSE","lnorm","0.000402991428002985","0","0.100000000000001"
"571","2222","2488","0.00604805253088155","1.25068804887384e-22","3.7e-24","FALSE","lnorm","0.000786454844177837","0","0.100000000000001"
"572","2224","2489","0.00524346366315255","5.88372324924969e-21","3.7e-24","FALSE","lnorm","0.00153717119185541","0","0.100000000000001"
"573","2226","2490","0.00426367198913579","1.98855250921496e-16","3.7e-24","FALSE","lnorm","0.00195781293650126","5.70776759190039e-12","0.100000000000001"
"574","2228","2491","0.00365528720401828","3.02699619692296e-12","3.7e-24","FALSE","lnorm","0.00251461556441952","5.50223644424364e-10","0.100000000000001"
"575","2230","2492","0.00360218821437027","2.39842307750319e-12","3.7e-24","FALSE","lnorm","0.00460073975257328","1.15462783778497e-09","0.100000000000001"
"576","2232","2493","0.00360759771147106","2.12989761655286e-12","3.7e-24","FALSE","lnorm","0.00859381171978053","1.62956659277569e-09","0.100000000000001"
"577","2234","2494","0.00362809345850152","2.25982289239607e-12","3.7e-24","FALSE","lnorm","0.0110325593631523","2.04653005653199e-09","0.100000000000001"
"578","2236","2495","0.00364827497343535","2.35212457880371e-12","3.7e-24","FALSE","lnorm","0.014248391384195","1.39157629863718e-09","0.100000000000001"
"579","2238","2496","0.00365329744668816","2.00806527733941e-12","3.7e-24","FALSE","lnorm","0.0130730666070026","1.05922404181058e-09","0.100000000000001"
"580","2240","2497","0.00364330738136435","2.49264677790184e-12","3.7e-24","FALSE","lnorm","0.0148768039907895","1.69796166016312e-09","0.100000000000001"
"581","2242","2498","0.00364841812190001","2.49289853709854e-12","3.7e-24","FALSE","lnorm","0.0181114159263408","1.95758853571704e-09","0.100000000000001"
"582","2244","2499","0.00369940538727402","3.70171792856283e-12","3.7e-24","FALSE","lnorm","0.0145377212385055","1.06766129270852e-09","0.100000000000001"
"583","2246","2500","0.00374961020927147","6.08682237770031e-12","3.7e-24","FALSE","lnorm","0.0155012287200243","2.66624278211225e-10","0.100000000000001"
"584","2248","2501","0.00382853821977214","1.09537197628905e-11","3.7e-24","FALSE","lnorm","0.0124365660552035","3.91321419712654e-11","0.100000000000001"
"585","2250","2502","0.00392003591311576","1.13078268652701e-11","3.7e-24","FALSE","lnorm","0.00992520149738269","2.68096655986483e-12","0.100000000000001"
"586","2252","2503","0.0039938547228847","9.95672645745558e-12","3.7e-24","FALSE","lnorm","0.0074389352327462","1.38888900380607e-13","0.100000000000001"
"587","2254","2504","0.00413539135887101","5.57751394755908e-12","3.7e-24","FALSE","lnorm","0.00588163196169468","1.16573417585641e-14","0.100000000000001"
"588","2256","2505","0.00427091321590583","2.8234587203386e-12","3.7e-24","FALSE","lnorm","0.00440161488493025","2.22044604925031e-16","0.100000000000001"
"589","2258","2506","0.0044031670693416","1.26334345681295e-12","3.7e-24","FALSE","lnorm","0.00344995952515326","0","0.100000000000001"
"590","2260","2507","0.00452974268699257","7.43109999821735e-13","3.7e-24","FALSE","lnorm","0.00258213021730342","0","0.100000000000001"
"591","2262","2508","0.00461190953237041","2.25688903082785e-13","3.7e-24","FALSE","lnorm","0.00208767010320642","0","0.100000000000001"
"592","2264","2509","0.00479158907866603","1.01929760172054e-13","3.7e-24","FALSE","lnorm","0.00239349934551698","0","0.100000000000001"
"593","2266","2510","0.00490970219094748","7.40943765504126e-14","3.7e-24","FALSE","lnorm","0.00119568148148035","0","0.100000000000001"
"594","2268","2511","0.00507772011457581","3.66705415104815e-14","3.7e-24","FALSE","lnorm","0.000891859280464024","0","0.100000000000001"
"595","2270","2512","0.00524225038419381","1.77573618894807e-14","3.7e-24","FALSE","lnorm","0.000681622882153103","0","0.100000000000001"
"596","2272","2513","0.00538481608855608","9.22264540189941e-15","3.7e-24","FALSE","lnorm","0.000510529331685353","0","0.100000000000001"
"597","2274","2514","0.00552715770314309","3.65709862067217e-15","3.7e-24","FALSE","lnorm","0.000635609926542971","0","0.100000000000001"
"598","2276","2515","0.00567812738210735","2.52502080221807e-15","3.7e-24","FALSE","lnorm","0.000295666224229806","0","0.100000000000001"
"599","2278","2516","0.00587574052925244","1.35202201955275e-15","3.7e-24","FALSE","lnorm","0.000221678782325151","0","0.100000000000001"
"600","2280","2517","0.00606974361982979","9.00636600888745e-16","3.7e-24","FALSE","lnorm","0.000164865192503571","0","0.100000000000001"
