"";"initialIndex";"finalIndex";"shapiro";"ad";"normality";"correlation";"cortext";"kendall";"spearman";"pearson"
"1";"5214";"5314";"0,000175014255748896";"0,057939830472147";"FALSE";"FALSE";"NoCorrelated";"-0,0605940594059406";"-0,085824111822947";"NaN"
"2";"5216";"5315";"0,230172414531931";"0,511862101280367";"TRUE";"FALSE";"NoCorrelated";"-0,0408080808080808";"-0,0555175517551755";"-0,0834775264035887"
"3";"5218";"5316";"0,264636086812472";"0,546880641724134";"TRUE";"FALSE";"NoCorrelated";"-0,00886415172129458";"-0,00770562770562771";"-0,0417361402957874"
"4";"5220";"5317";"0,274796117708123";"0,584453921983123";"TRUE";"FALSE";"NoCorrelated";"-0,0077845571218178";"-0,00321965712245535";"-0,0365250745632113"
"5";"5222";"5318";"0,283782156533871";"0,599662022779504";"TRUE";"FALSE";"NoCorrelated";"0,000859106529209622";"0,0112560488112771";"-0,00853566461307438"
"6";"5224";"5319";"0,296798092491131";"0,633010103746019";"TRUE";"FALSE";"NoCorrelated";"0,0166666666666667";"0,0340748779164406";"0,0128445710772945"
"7";"5226";"5320";"0,292018873989434";"0,686117042610445";"TRUE";"FALSE";"NoCorrelated";"0,0163493840985442";"0,0362541993281075";"0,015157325995028"
"8";"5228";"5321";"0,291056937675512";"0,719722677634933";"TRUE";"FALSE";"NoCorrelated";"0,00800732097918097";"0,0256113860491999";"-0,00906324537702317"
"9";"5230";"5322";"0,318224096839934";"0,791005106379681";"TRUE";"FALSE";"NoCorrelated";"0,0219728845254792";"0,0460744233236848";"0,00826467560898032"
"10";"5232";"5323";"0,268092345197938";"0,696984336004562";"TRUE";"FALSE";"NoCorrelated";"0,0301003344481605";"0,05704113558251";"0,0226052449399804"
"11";"5234";"5324";"0,246508743909396";"0,618438572948948";"TRUE";"FALSE";"NoCorrelated";"0,0442002442002442";"0,0755375059722886";"0,0503215178018181"
"12";"5236";"5325";"0,254721140311432";"0,621514515020487";"TRUE";"FALSE";"NoCorrelated";"0,048689138576779";"0,0838210478659917";"0,0606761701970815"
"13";"5238";"5326";"0,258952231711975";"0,585728585889636";"TRUE";"FALSE";"NoCorrelated";"0,0541368743615935";"0,0900238338440586";"0,0639689552378522"
"14";"5240";"5327";"0,272943231290589";"0,663102978312811";"TRUE";"FALSE";"NoCorrelated";"0,0559038662486938";"0,0920538198724948";"0,0660271428477105"
"15";"5242";"5328";"0,297779784684297";"0,676487191586544";"TRUE";"FALSE";"NoCorrelated";"0,061748195669607";"0,0945542028140264";"0,0701701124831821"
"16";"4014";"4114";"0,00379297002211138";"0,0030708933412891";"FALSE";"FALSE";"NoCorrelated";"0,00752475247524752";"-0,0305416423995341";"NaN"
"17";"4016";"4115";"0,00721622666518153";"0,00695570135623103";"FALSE";"FALSE";"NoCorrelated";"-0,00242424242424242";"-0,0442244224422442";"NaN"
"18";"4018";"4116";"0,00808428303471512";"0,00708874720078269";"FALSE";"FALSE";"NoCorrelated";"-0,00680272108843537";"-0,0495485466914038";"NaN"
"19";"4020";"4117";"0,014345774547686";"0,0132752388926653";"FALSE";"FALSE";"NoCorrelated";"-0,00946770460761624";"-0,0574501590701885";"NaN"
"20";"4022";"4118";"0,0182698667441208";"0,0145706069354789";"FALSE";"FALSE";"NoCorrelated";"-0,0292096219931271";"-0,0855249316221334";"NaN"
"21";"4024";"4119";"0,0273244226325351";"0,023747213870565";"FALSE";"FALSE";"NoCorrelated";"-0,0385964912280702";"-0,101234400434075";"NaN"
"22";"4026";"4120";"0,0459963806163293";"0,0497841757788029";"FALSE";"FALSE";"NoCorrelated";"-0,0494960806270997";"-0,111352183650616";"NaN"
"23";"4028";"4121";"0,0155165136866604";"0,0293043570833756";"FALSE";"FALSE";"NoCorrelated";"-0,0652024708304736";"-0,13499259473323";"NaN"
"24";"4030";"4122";"0,0295033683261502";"0,0528731769253115";"FALSE";"FALSE";"NoCorrelated";"-0,0757363253856942";"-0,148936170212766";"NaN"
"25";"4032";"4123";"0,0589697299588078";"0,105740034656176";"TRUE";"FALSE";"NoCorrelated";"-0,093167701863354";"-0,17261840543748";"-0,138224337965721"
"26";"4034";"4124";"0,0836550324048885";"0,125445277904844";"TRUE";"FALSE";"NoCorrelated";"-0,124297924297924";"-0,224255454690237";"-0,194465768847982"
"27";"4036";"4125";"0,137875697174688";"0,164627701742774";"TRUE";"FALSE";"NoCorrelated";"-0,135580524344569";"-0,246705354570523";"-0,220546458664046"
"28";"4038";"4126";"0,207331369146207";"0,253175023480345";"TRUE";"FALSE";"NoCorrelated";"-0,134831460674157";"-0,245182158665305";"-0,21342591452248"
"29";"4040";"4127";"0,351919265048347";"0,403295066757729";"TRUE";"FALSE";"NoCorrelated";"-0,14576802507837";"-0,258391743862492";"-0,22835167781128"
"30";"4042";"4128";"0,563045253796956";"0,628163206522481";"TRUE";"FALSE";"NoCorrelated";"-0,159582999198075";"-0,277101407013195";"-0,244403228816541"
"31";"6035";"6135";"1,91793967110097e-05";"0,00255258620859856";"FALSE";"FALSE";"NoCorrelated";"0,153663366336634";"0,234641817122889";"NaN"
"32";"6037";"6136";"1,16980348355444e-05";"0,00115738072027996";"FALSE";"FALSE";"NoCorrelated";"0,17050505050505";"0,25999399939994";"NaN"
"33";"6039";"6137";"1,38739910024892e-05";"0,00142143638085373";"FALSE";"FALSE";"NoCorrelated";"0,174603174603175";"0,265516388373531";"NaN"
"34";"6041";"6138";"9,50209320052456e-06";"0,000892679522093018";"FALSE";"FALSE";"NoCorrelated";"0,168525142015569";"0,25791047440532";"NaN"
"35";"6043";"6139";"1,51827788283097e-05";"0,00156006743396353";"FALSE";"FALSE";"NoCorrelated";"0,176116838487973";"0,268869661266568";"NaN"
"36";"6045";"6140";"1,6745230758812e-05";"0,00145700483746733";"FALSE";"FALSE";"NoCorrelated";"0,164473684210526";"0,25";"NaN"
"37";"6047";"6141";"2,19866758819411e-06";"0,000360621937472161";"FALSE";"FALSE";"NoCorrelated";"0,156550951847704";"0,238731802911534";"NaN"
"38";"6049";"6142";"1,55011439163465e-06";"0,00022176428204005";"FALSE";"FALSE";"NoCorrelated";"0,148478609013956";"0,225950944623054";"NaN"
"39";"6051";"6143";"1,60562536143424e-06";"0,000204475034429721";"FALSE";"FALSE";"NoCorrelated";"0,148200093501636";"0,225314075975053";"NaN"
"40";"6053";"6144";"2,08700956021746e-06";"0,000292026715713712";"FALSE";"FALSE";"NoCorrelated";"0,143334925943622";"0,217899912149562";"NaN"
"41";"6055";"6145";"1,57658499258136e-06";"0,000136975106834011";"FALSE";"FALSE";"NoCorrelated";"0,138949938949939";"0,216802038541169";"NaN"
"42";"6057";"6146";"2,79960550895064e-06";"0,000363208935704262";"FALSE";"FALSE";"NoCorrelated";"0,15705368289638";"0,246573651068033";"NaN"
"43";"6059";"6147";"1,73470905297654e-06";"0,000268412566009036";"FALSE";"FALSE";"NoCorrelated";"0,163942798774259";"0,252059925093633";"NaN"
"44";"6061";"6148";"8,16124644815362e-07";"0,000398403211629755";"FALSE";"FALSE";"NoCorrelated";"0,161442006269592";"0,245711669190941";"NaN"
"45";"6063";"6149";"5,97403897550505e-07";"0,00022401454661324";"FALSE";"FALSE";"NoCorrelated";"0,162256081261695";"0,241269956987679";"NaN"
"46";"7500";"7600";"0,0144631701081795";"0,00517518758405155";"FALSE";"FALSE";"NoCorrelated";"0,0645544554455446";"0,101164822364589";"NaN"
"47";"7502";"7601";"0,0344510297309763";"0,0142664518437962";"FALSE";"FALSE";"NoCorrelated";"0,0767676767676768";"0,119087908790879";"NaN"
"48";"7504";"7602";"0,072601500347348";"0,0363663706106571";"FALSE";"FALSE";"NoCorrelated";"0,0752422180993609";"0,116079158936302";"NaN"
"49";"7506";"7603";"0,209478803906994";"0,136047425742227";"TRUE";"FALSE";"NoCorrelated";"0,0847885545970966";"0,130552314646571";"0,177269768139862"
"50";"7508";"7604";"0,134147940792626";"0,0714768381263484";"TRUE";"FALSE";"NoCorrelated";"0,0730240549828179";"0,113231117189144";"0,171691373966652"
"51";"7510";"7605";"0,112633961154055";"0,0670468881557366";"TRUE";"FALSE";"NoCorrelated";"0,0460526315789474";"0,0727753662506782";"0,130211592397276"
"52";"7512";"7606";"0,149536788007585";"0,127695310576756";"TRUE";"FALSE";"NoCorrelated";"0,00559910414333707";"0,0116881298992161";"0,0446168274051203"
"53";"7514";"7607";"0,105117752814669";"0,0981977793761397";"TRUE";"FALSE";"NoCorrelated";"0,00480439258750858";"0,0134017266914713";"0,0509284396393871"
"54";"7516";"7608";"0,474690705131169";"0,431299985840295";"TRUE";"FALSE";"NoCorrelated";"-0,0336605890603086";"-0,04567157052908";"-0,0180886642212407"
"55";"7518";"7609";"0,975287402703966";"0,95716486189123";"TRUE";"FALSE";"NoCorrelated";"-0,0602006688963211";"-0,0841052355778863";"-0,0780390135304853"
"56";"7520";"7610";"0,982557137321845";"0,978594410122484";"TRUE";"FALSE";"NoCorrelated";"-0,0705738705738706";"-0,0976429367733716";"-0,0925032776302239"
"57";"7522";"7611";"0,973523237312856";"0,985476462851025";"TRUE";"FALSE";"NoCorrelated";"-0,064669163545568";"-0,087492282997901";"-0,0828594108607474"
"58";"7524";"7612";"0,964377154699251";"0,986925588766582";"TRUE";"FALSE";"NoCorrelated";"-0,0587334014300306";"-0,0762683009874021";"-0,0765754127014475"
"59";"7526";"7613";"0,980252685847402";"0,993511929708375";"TRUE";"FALSE";"NoCorrelated";"-0,0438871473354232";"-0,0541192631467719";"-0,0624845980955993"
"60";"7528";"7614";"0,980875202690838";"0,991957874853123";"TRUE";"FALSE";"NoCorrelated";"-0,049452018176958";"-0,0625501202886928";"-0,0697200622329719"
"61";"2627";"2727";"0,000606278347142497";"9,88284716447433e-05";"FALSE";"FALSE";"NoCorrelated";"0,314059405940594";"0,4855329062318";"NaN"
"62";"2629";"2728";"0,00148128912622951";"0,000327366531745892";"FALSE";"FALSE";"NoCorrelated";"0,306666666666667";"0,471095109510951";"NaN"
"63";"2631";"2729";"0,00345423177566236";"0,000783595608074687";"FALSE";"FALSE";"NoCorrelated";"0,304885590599876";"0,460692640692641";"NaN"
"64";"2633";"2730";"0,00619819313779109";"0,00153924748473607";"FALSE";"FALSE";"NoCorrelated";"0,291815695350305";"0,445390152312096";"NaN"
"65";"2635";"2731";"0,00327995758635168";"0,000775280962781459";"FALSE";"FALSE";"NoCorrelated";"0,278350515463918";"0,430990953082264";"NaN"
"66";"2637";"2732";"0,00532805973275986";"0,000940987926368616";"FALSE";"FALSE";"NoCorrelated";"0,267982456140351";"0,414989148128052";"NaN"
"67";"2639";"2733";"0,00202945047880195";"0,00060619626887482";"FALSE";"FALSE";"NoCorrelated";"0,258230683090705";"0,399384098544233";"NaN"
"68";"2641";"2734";"0,00161182499792669";"0,000463486651553707";"FALSE";"FALSE";"NoCorrelated";"0,249142072752231";"0,382277932305025";"NaN"
"69";"2643";"2735";"0,00128686233973954";"0,000483344294521846";"FALSE";"FALSE";"NoCorrelated";"0,236559139784946";"0,364656381486676";"NaN"
"70";"2645";"2736";"0,000929535387686299";"0,000467591948433851";"FALSE";"FALSE";"NoCorrelated";"0,222646918299092";"0,343341090886673";"NaN"
"71";"2647";"2737";"0,000726899278030098";"0,000762866036038118";"FALSE";"FALSE";"NoCorrelated";"0,204395604395604";"0,314843127886606";"NaN"
"72";"2649";"2738";"0,000733676572391745";"0,00155594830060418";"FALSE";"FALSE";"NoCorrelated";"0,181523096129838";"0,28241346668313";"NaN"
"73";"2651";"2739";"0,000564482470759963";"0,00121271134722774";"FALSE";"FALSE";"NoCorrelated";"0,173135852911134";"0,270394960844399";"NaN"
"74";"2653";"2740";"0,000320568396656038";"0,00175709460119565";"FALSE";"FALSE";"NoCorrelated";"0,144200626959248";"0,223063646930365";"NaN"
"75";"2655";"2741";"0,000279978183748551";"0,0013258234166191";"FALSE";"FALSE";"NoCorrelated";"0,128040630847367";"0,20168404170008";"NaN"
"76";"482";"582";"1,70101881844961e-06";"5,02248863519351e-07";"FALSE";"FALSE";"NoCorrelated";"0,298613861386139";"0,438811881188119";"NaN"
"77";"484";"583";"2,99034177740939e-06";"1,5221637756092e-06";"FALSE";"FALSE";"NoCorrelated";"0,304646464646465";"0,447632763276328";"NaN"
"78";"486";"584";"1,65937307791933e-06";"4,39630438524534e-07";"FALSE";"FALSE";"NoCorrelated";"0,318491032776747";"0,469808286951144";"NaN"
"79";"488";"585";"4,11307855188216e-06";"2,78723758372032e-06";"FALSE";"FALSE";"NoCorrelated";"0,328003366294972";"0,483528744206211";"NaN"
"80";"490";"586";"6,30225019651392e-06";"6,34208985179855e-06";"FALSE";"FALSE";"NoCorrelated";"0,333333333333333";"0,491413317904481";"NaN"
"81";"492";"587";"1,70208493486788e-05";"2,80411985084694e-05";"FALSE";"FALSE";"NoCorrelated";"0,335964912280702";"0,498629951166576";"NaN"
"82";"494";"588";"3,00896888179201e-05";"2,85660487977487e-05";"FALSE";"FALSE";"NoCorrelated";"0,30481522956327";"0,458566629339306";"NaN"
"83";"496";"589";"4,84058855113981e-05";"5,88104689861705e-05";"FALSE";"FALSE";"NoCorrelated";"0,280713795470144";"0,423819672723332";"NaN"
"84";"498";"590";"0,000109876586205456";"0,000231101141951229";"FALSE";"FALSE";"NoCorrelated";"0,277699859747546";"0,417445018053773";"NaN"
"85";"500";"591";"9,22994539180825e-05";"0,000157185465304226";"FALSE";"FALSE";"NoCorrelated";"0,267558528428094";"0,402493719464266";"NaN"
"86";"502";"592";"0,000129161596670444";"0,000267108211900107";"FALSE";"FALSE";"NoCorrelated";"0,257631257631258";"0,387004300047778";"NaN"
"87";"504";"593";"0,000208389754255859";"0,000528497549838438";"FALSE";"FALSE";"NoCorrelated";"0,26541822721598";"0,39730830966786";"NaN"
"88";"506";"594";"0,000434873895682082";"0,00129638663976522";"FALSE";"FALSE";"NoCorrelated";"0,241573033707865";"0,365815457950289";"NaN"
"89";"508";"595";"0,000812122236713537";"0,00353688818335801";"FALSE";"FALSE";"NoCorrelated";"0,231974921630094";"0,351678348772498";"NaN"
"90";"510";"596";"0,00131324350691789";"0,00745386160195484";"FALSE";"FALSE";"NoCorrelated";"0,240844693932104";"0,359553838302836";"NaN"
"91";"5483";"5583";"0,000554635014397384";"0,000621521681789588";"FALSE";"FALSE";"NoCorrelated";"0,0772277227722772";"0,136191030867793";"NaN"
"92";"5485";"5584";"0,000355059822808272";"0,000304926795970127";"FALSE";"FALSE";"NoCorrelated";"0,0844444444444444";"0,142550255025503";"NaN"
"93";"5487";"5585";"0,000173321604319732";"0,000102451741658532";"FALSE";"FALSE";"NoCorrelated";"0,0851370851370851";"0,146196660482375";"NaN"
"94";"5489";"5586";"0,000115623810210821";"4,71281031313258e-05";"FALSE";"FALSE";"NoCorrelated";"0,0847885545970966";"0,142920898443726";"NaN"
"95";"5491";"5587";"9,0615479283377e-05";"2,85977211336677e-05";"FALSE";"FALSE";"NoCorrelated";"0,0811855670103093";"0,137058173784978";"NaN"
"96";"5493";"5588";"0,000104129075283275";"2,65427191999034e-05";"FALSE";"FALSE";"NoCorrelated";"0,0745614035087719";"0,127373846988606";"NaN"
"97";"5495";"5589";"5,05428070235989e-05";"8,42016179802321e-06";"FALSE";"FALSE";"NoCorrelated";"0,07010078387458";"0,116727323628219";"NaN"
"98";"5497";"5590";"7,92089103631651e-05";"1,91262104782586e-05";"FALSE";"FALSE";"NoCorrelated";"0,068405399222146";"0,113954412455297";"NaN"
"99";"5499";"5591";"5,26667288254035e-05";"7,90927397374971e-06";"FALSE";"FALSE";"NoCorrelated";"0,0640486208508649";"0,107397570946853";"NaN"
"100";"5501";"5592";"8,03949567544061e-05";"1,43202549944953e-05";"FALSE";"FALSE";"NoCorrelated";"0,0898232202580029";"0,147326726569363";"NaN"
"101";"5503";"5593";"0,000103688116483447";"1,71772279955573e-05";"FALSE";"FALSE";"NoCorrelated";"0,127228327228327";"0,211387163561077";"NaN"
"102";"5505";"5594";"0,000139161968635897";"2,47768103172181e-05";"FALSE";"FALSE";"NoCorrelated";"0,160549313358302";"0,266395028192781";"NaN"
"103";"5507";"5595";"7,46977919411828e-05";"7,745967964869e-06";"FALSE";"FALSE";"NoCorrelated";"0,153217568947906";"0,249676540687777";"NaN"
"104";"5509";"5596";"3,44651335532075e-05";"3,47883342792409e-06";"FALSE";"FALSE";"NoCorrelated";"0,125914315569488";"0,204554260152865";"NaN"
"105";"5511";"5597";"7,39983430738565e-05";"1,9720311927924e-05";"FALSE";"FALSE";"NoCorrelated";"0,109863672814755";"0,17795436319895";"NaN"
"106";"8049";"8149";"0,000323272612727008";"3,56007476466147e-05";"FALSE";"TRUE";"YesCorrelated";"0,367524752475248";"0,512987769365172";"NaN"
"107";"8051";"8150";"0,000589255230242578";"8,64107440535147e-05";"FALSE";"TRUE";"YesCorrelated";"0,377373737373737";"0,523240324032403";"NaN"
"108";"8053";"8151";"0,000759689467914464";"0,000126151715705761";"FALSE";"TRUE";"YesCorrelated";"0,376211090496805";"0,522943722943723";"NaN"
"109";"8055";"8152";"0,00165919619179264";"0,000489454939969586";"FALSE";"TRUE";"YesCorrelated";"0,397012413212708";"0,548036646711168";"NaN"
"110";"8057";"8153";"0,00279016199755452";"0,000973245889162396";"FALSE";"TRUE";"YesCorrelated";"0,388316151202749";"0,53897538396802";"NaN"
"111";"8059";"8154";"0,00423289525205991";"0,00180079200051132";"FALSE";"TRUE";"YesCorrelated";"0,392105263157895";"0,54511665762344";"NaN"
"112";"8061";"8155";"0,00761824157929826";"0,00451400969608383";"FALSE";"TRUE";"YesCorrelated";"0,401119820828667";"0,555725083986562";"NaN"
"113";"8063";"8156";"0,00846690898114209";"0,00491456519647857";"FALSE";"TRUE";"YesCorrelated";"0,389613360787005";"0,539428530144854";"NaN"
"114";"8065";"8157";"0,00631018657903923";"0,00372848087548535";"FALSE";"TRUE";"YesCorrelated";"0,397849462365591";"0,547730595923727";"NaN"
"115";"8067";"8158";"0,00163278348802227";"0,000869647054380167";"FALSE";"TRUE";"YesCorrelated";"0,385093167701863";"0,529291185672672";"NaN"
"116";"8069";"8159";"0,00255933984942908";"0,00184347130756699";"FALSE";"TRUE";"YesCorrelated";"0,391941391941392";"0,537951903169295";"NaN"
"117";"8071";"8160";"0,00363349102407933";"0,00303399994207577";"FALSE";"TRUE";"YesCorrelated";"0,401248439450687";"0,548273449397045";"NaN"
"118";"8073";"8161";"0,00249881990006891";"0,000154637887505578";"FALSE";"TRUE";"YesCorrelated";"0,4244126659857";"0,581681988423562";"NaN"
"119";"8075";"8162";"0,00324467684426748";"0,000232881074759311";"FALSE";"TRUE";"YesCorrelated";"0,449843260188088";"0,614314395406995";"NaN"
"120";"8077";"8163";"0,0045736228202516";"0,000401931434924574";"FALSE";"TRUE";"YesCorrelated";"0,445602780005346";"0,611449296493402";"NaN"
"121";"5313";"5413";"0,130063422234472";"0,0952455384532958";"TRUE";"TRUE";"YesCorrelated";"0,65980198019802";"0,853383808969132";"0,810343678716768"
"122";"5315";"5414";"0,123288930022919";"0,105850398535378";"TRUE";"TRUE";"YesCorrelated";"0,662626262626263";"0,857473747374737";"0,810180752557964"
"123";"5317";"5415";"0,0963207428318424";"0,0985732569280914";"TRUE";"TRUE";"YesCorrelated";"0,667285095856524";"0,86235003092146";"0,807276943207103"
"124";"5319";"5416";"0,0928054489516848";"0,0904607908918319";"TRUE";"TRUE";"YesCorrelated";"0,673469387755102";"0,867617900018489";"0,815803717279497"
"125";"5321";"5417";"0,101265092596754";"0,106313054062397";"TRUE";"TRUE";"YesCorrelated";"0,667525773195876";"0,862968125394488";"0,808440092079437"
"126";"5323";"5418";"0,0842659781844642";"0,0940643430981951";"TRUE";"TRUE";"YesCorrelated";"0,665350877192982";"0,861801410743353";"0,804011070285689"
"127";"5325";"5419";"0,0853075642941805";"0,114401997641987";"TRUE";"TRUE";"YesCorrelated";"0,660918253079507";"0,858090705487122";"0,801532896786439"
"128";"5327";"5420";"0,0475169205469969";"0,0749111277854115";"FALSE";"TRUE";"YesCorrelated";"0,660947151681537";"0,857977820322942";"NaN"
"129";"5329";"5421";"0,0256612772498818";"0,047410268248125";"FALSE";"TRUE";"YesCorrelated";"0,664329125759701";"0,858732953358599";"NaN"
"130";"5331";"5422";"0,0156192660379443";"0,0378497847245717";"FALSE";"TRUE";"YesCorrelated";"0,660774008600096";"0,855586209022394";"NaN"
"131";"5333";"5423";"0,00765932389402597";"0,0289067939264431";"FALSE";"TRUE";"YesCorrelated";"0,671306471306471";"0,862239210065297";"NaN"
"132";"5335";"5424";"0,00312981047661395";"0,0145993937269958";"FALSE";"TRUE";"YesCorrelated";"0,68039950062422";"0,865547186895502";"NaN"
"133";"5337";"5425";"0,00140807749445568";"0,00971591660550706";"FALSE";"TRUE";"YesCorrelated";"0,67926455566905";"0,86116785835887";"NaN"
"134";"5339";"5426";"0,00057591020327352";"0,00378354367194628";"FALSE";"TRUE";"YesCorrelated";"0,676593521421108";"0,855482371173963";"NaN"
"135";"5341";"5427";"0,000237326395536563";"0,00189774676613938";"FALSE";"TRUE";"YesCorrelated";"0,670141673349372";"0,84714223226653";"NaN"
"136";"7109";"7209";"0,0649297732518625";"0,0908092399920392";"TRUE";"FALSE";"NoCorrelated";"0,0510891089108911";"0,0767268491555038";"0,184234938149865"
"137";"7111";"7210";"0,0504611222928414";"0,0646534020706304";"TRUE";"FALSE";"NoCorrelated";"0,0666666666666667";"0,0981098109810981";"0,210414186392622"
"138";"7113";"7211";"0,0427209847233451";"0,0527721703389317";"FALSE";"FALSE";"NoCorrelated";"0,0781282209853638";"0,113692022263451";"NaN"
"139";"7115";"7212";"0,0508331220341679";"0,0666050567853466";"TRUE";"FALSE";"NoCorrelated";"0,0751104565537555";"0,108747904035091";"0,21762614858755"
"140";"7117";"7213";"0,0420942508773831";"0,0559245381046791";"FALSE";"FALSE";"NoCorrelated";"0,0721649484536082";"0,105315064169998";"NaN"
"141";"7119";"7214";"0,0462264302062126";"0,0637250569832793";"FALSE";"FALSE";"NoCorrelated";"0,0491228070175439";"0,0662778079218665";"NaN"
"142";"7121";"7215";"0,0895266594211544";"0,117972714091224";"TRUE";"FALSE";"NoCorrelated";"0,019484882418813";"0,0196528555431131";"0,0585499528075251"
"143";"7123";"7216";"0,137336918886748";"0,195626453458051";"TRUE";"FALSE";"NoCorrelated";"-0,0144131777625257";"-0,0294404508181917";"0,00910384452116624"
"144";"7125";"7217";"0,191972924643137";"0,29154404025938";"TRUE";"FALSE";"NoCorrelated";"-0,0247779336138382";"-0,0417624063740264";"-0,00355117447573843"
"145";"7127";"7218";"0,304169869301408";"0,383716315173161";"TRUE";"FALSE";"NoCorrelated";"-0,0382226469182991";"-0,061711079943899";"-0,0336278804351025"
"146";"7129";"7219";"0,234499862920642";"0,302187867313197";"TRUE";"FALSE";"NoCorrelated";"-0,0568986568986569";"-0,0885809842331581";"-0,0842359663849364"
"147";"7131";"7220";"0,324139264804379";"0,346413964368101";"TRUE";"FALSE";"NoCorrelated";"-0,0826466916354557";"-0,125241799399103";"-0,125008750464392"
"148";"7133";"7221";"0,360377680433671";"0,37798058205987";"TRUE";"FALSE";"NoCorrelated";"-0,0980592441266599";"-0,146152536601975";"-0,144624331271767"
"149";"7135";"7222";"0,362203581865801";"0,394215009211678";"TRUE";"FALSE";"NoCorrelated";"-0,0799373040752351";"-0,116938466415413";"-0,118133542850135"
"150";"7137";"7223";"0,321088737520423";"0,308013313634436";"TRUE";"FALSE";"NoCorrelated";"-0,0590751136059877";"-0,0864802799445943";"-0,0857420268552349"
"151";"6064";"6164";"3,16303326212494e-07";"0,000182283567265491";"FALSE";"FALSE";"NoCorrelated";"0,146138613861386";"0,219662201514269";"NaN"
"152";"6066";"6165";"1,98358784963262e-07";"0,000328221876249754";"FALSE";"FALSE";"NoCorrelated";"0,128080808080808";"0,195175517551755";"NaN"
"153";"6068";"6166";"2,03597392668469e-07";"0,000293743688373099";"FALSE";"FALSE";"NoCorrelated";"0,125953411667697";"0,19191094619666";"NaN"
"154";"6070";"6167";"1,29010774325488e-07";"0,000258921307925352";"FALSE";"FALSE";"NoCorrelated";"0,126446454870608";"0,191974446760897";"NaN"
"155";"6072";"6168";"8,24659183466245e-08";"0,000103012880438728";"FALSE";"FALSE";"NoCorrelated";"0,117268041237113";"0,178150641699979";"NaN"
"156";"6074";"6169";"5,30881355631742e-08";"0,000106913332548285";"FALSE";"FALSE";"NoCorrelated";"0,0864035087719298";"0,132691264243082";"NaN"
"157";"6076";"6170";"6,19818075671975e-08";"0,000119362221780841";"FALSE";"FALSE";"NoCorrelated";"0,0866741321388578";"0,13293673012318";"NaN"
"158";"6078";"6171";"7,90648527335887e-08";"0,000161009141857326";"FALSE";"FALSE";"NoCorrelated";"0,088538091969801";"0,134053390167251";"NaN"
"159";"6080";"6172";"1,15481458390464e-07";"0,000276553913713986";"FALSE";"FALSE";"NoCorrelated";"0,0916316035530622";"0,140640386738683";"NaN"
"160";"6082";"6173";"1,19903458940425e-07";"0,00249015661173775";"FALSE";"FALSE";"NoCorrelated";"0,0974677496416627";"0,148251468027064";"NaN"
"161";"6084";"6174";"6,39080109495831e-08";"0,00119893311047055";"FALSE";"FALSE";"NoCorrelated";"0,0881562881562882";"0,133142220098742";"NaN"
"162";"6086";"6175";"1,18633633191074e-07";"0,00233936647468305";"FALSE";"FALSE";"NoCorrelated";"0,118102372034956";"0,177692719265753";"NaN"
"163";"6088";"6176";"1,40976945766377e-07";"0,00243634302981813";"FALSE";"FALSE";"NoCorrelated";"0,119509703779367";"0,18106911814777";"NaN"
"164";"6090";"6177";"2,01543890486066e-07";"0,0034690943258272";"FALSE";"FALSE";"NoCorrelated";"0,115987460815047";"0,174368637948646";"NaN"
"165";"6092";"6178";"1,94579716315295e-07";"0,00293670455122575";"FALSE";"FALSE";"NoCorrelated";"0,124832932371024";"0,187395203032733";"NaN"
"166";"7817";"7917";"0,00633148768541704";"0,0510446868165977";"FALSE";"FALSE";"NoCorrelated";"-0,017029702970297";"-0,0265579499126383";"NaN"
"167";"7819";"7918";"0,00437560977967303";"0,0443424404846154";"FALSE";"FALSE";"NoCorrelated";"-0,00646464646464646";"-0,00954095409540954";"NaN"
"168";"7821";"7919";"0,00510077119694307";"0,0456572571744444";"FALSE";"FALSE";"NoCorrelated";"0,000618429189857761";"0,000160791589363018";"NaN"
"169";"7823";"7920";"0,00723171438468663";"0,0670764780660935";"FALSE";"FALSE";"NoCorrelated";"-0,00568062276456974";"-0,00782281047376776";"NaN"
"170";"7825";"7921";"0,0153348221101561";"0,0835283520788774";"FALSE";"FALSE";"NoCorrelated";"-0,0236254295532646";"-0,0364506627393225";"NaN"
"171";"7827";"7922";"0,0254554353770106";"0,0811076478407424";"FALSE";"FALSE";"NoCorrelated";"-0,0171052631578947";"-0,0252848616386327";"NaN"
"172";"7829";"7923";"0,0367906825401114";"0,111909354317404";"FALSE";"FALSE";"NoCorrelated";"-0,00291153415453527";"-0,00474524076147816";"NaN"
"173";"7831";"7924";"0,072950657595986";"0,161393653282758";"TRUE";"FALSE";"NoCorrelated";"0,00022878059940517";"-0,00208792399667666";"0,0402397328647695"
"174";"7833";"7925";"0,13686834106416";"0,233723104429326";"TRUE";"FALSE";"NoCorrelated";"0,00233754090696587";"-0,00153680880904778";"0,0360069898273744"
"175";"7835";"7926";"0,178829049691427";"0,219492466141176";"TRUE";"FALSE";"NoCorrelated";"0,0224558050645007";"0,0276960066581385";"0,0526448622120228"
"176";"7837";"7927";"0,187287909737672";"0,213356005438621";"TRUE";"FALSE";"NoCorrelated";"0,0505494505494506";"0,0714126453256888";"0,0951657198906951"
"177";"7839";"7928";"0,166478908663943";"0,179121385527716";"TRUE";"FALSE";"NoCorrelated";"0,064669163545568";"0,0951969378935671";"0,10539640205644"
"178";"7841";"7929";"0,177529054114282";"0,178028833213861";"TRUE";"FALSE";"NoCorrelated";"0,0617977528089888";"0,0926966292134832";"0,102868311485983"
"179";"7843";"7930";"0,170509863851851";"0,148041434347065";"TRUE";"FALSE";"NoCorrelated";"0,0726227795193313";"0,111320488887323";"0,104517700997894"
"180";"7845";"7931";"0,246812702661733";"0,19189431126362";"TRUE";"FALSE";"NoCorrelated";"0,0751136059877038";"0,114019100386382";"0,108813822032035"
"181";"9340";"9440";"0,000895387283797704";"0,00290155412286952";"FALSE";"FALSE";"NoCorrelated";"0,116831683168317";"0,170052417006406";"NaN"
"182";"9342";"9441";"0,001441210323266";"0,00954021210766902";"FALSE";"FALSE";"NoCorrelated";"0,122424242424242";"0,178673867386739";"NaN"
"183";"9344";"9442";"0,00118509709731164";"0,00758556739561555";"FALSE";"FALSE";"NoCorrelated";"0,13997113997114";"0,202832405689549";"NaN"
"184";"9346";"9443";"0,002339786713488";"0,0158958429983024";"FALSE";"FALSE";"NoCorrelated";"0,133179044813802";"0,191923442291631";"NaN"
"185";"9348";"9444";"0,00612018569367741";"0,0634656331430796";"FALSE";"FALSE";"NoCorrelated";"0,145618556701031";"0,211221859877972";"NaN"
"186";"9350";"9445";"0,00968936755818438";"0,0755479128647128";"FALSE";"FALSE";"NoCorrelated";"0,138157894736842";"0,200718936516549";"NaN"
"187";"9352";"9446";"0,0135865243230412";"0,108668363666902";"FALSE";"FALSE";"NoCorrelated";"0,135946248600224";"0,197578387458007";"NaN"
"188";"9354";"9447";"0,00923098869493469";"0,0561985397997961";"FALSE";"FALSE";"NoCorrelated";"0,112331274307939";"0,165567315681104";"NaN"
"189";"9356";"9448";"0,00302431227437067";"0,0170166334128973";"FALSE";"FALSE";"NoCorrelated";"0,133707339878448";"0,197054698457223";"NaN"
"190";"9358";"9449";"0,00380497399658696";"0,0218866837401021";"FALSE";"FALSE";"NoCorrelated";"0,137601528905877";"0,201285390626204";"NaN"
"191";"9360";"9450";"0,00508899599737818";"0,0308791511653957";"FALSE";"FALSE";"NoCorrelated";"0,11990231990232";"0,177177894569199";"NaN"
"192";"9362";"9451";"0,00410443785180605";"0,0200970850898477";"FALSE";"FALSE";"NoCorrelated";"0,0936329588014981";"0,139152981849611";"NaN"
"193";"9364";"9452";"0,00547613342041277";"0,0283809643717855";"FALSE";"FALSE";"NoCorrelated";"0,0720122574055158";"0,108750425604358";"NaN"
"194";"9366";"9453";"0,00792211489932052";"0,0474768380376094";"FALSE";"FALSE";"NoCorrelated";"0,04858934169279";"0,074900496636258";"NaN"
"195";"9368";"9454";"0,00714801468058769";"0,0375024761717522";"FALSE";"FALSE";"NoCorrelated";"0,0355519914461374";"0,0542757162644893";"NaN"
"196";"544";"644";"0,95576107677315";"0,849469440146388";"TRUE";"TRUE";"YesCorrelated";"0,421782178217822";"0,595084449621433";"0,555470763201887"
"197";"546";"645";"0,953125210053215";"0,908013593109121";"TRUE";"TRUE";"YesCorrelated";"0,425454545454545";"0,604020402040204";"0,553848300159976"
"198";"548";"646";"0,938151128326615";"0,944921043648459";"TRUE";"TRUE";"YesCorrelated";"0,423623995052566";"0,606641929499072";"0,551275789018151"
"199";"550";"647";"0,844275944273937";"0,888403496590426";"TRUE";"TRUE";"YesCorrelated";"0,416789396170839";"0,600749765698219";"0,549841733839028"
"200";"552";"648";"0,362428089968243";"0,6821335147022";"TRUE";"TRUE";"YesCorrelated";"0,414948453608247";"0,601725226172943";"0,555691361066579"
"201";"554";"649";"0,425693921051698";"0,814276587690036";"TRUE";"TRUE";"YesCorrelated";"0,410087719298246";"0,600488334237656";"0,550859446723044"
"202";"556";"650";"0,518442275167526";"0,855470588630843";"TRUE";"TRUE";"YesCorrelated";"0,393505039193729";"0,58547032474804";"0,527130211549938"
"203";"558";"651";"0,552655170989519";"0,893489245998837";"TRUE";"TRUE";"YesCorrelated";"0,380462136810798";"0,570537875230286";"0,511446608910852"
"204";"560";"652";"0,545995838076957";"0,897595063181211";"TRUE";"TRUE";"YesCorrelated";"0,375876577840112";"0,566231983527797";"0,505527104037514"
"205";"562";"653";"0,422904655695578";"0,826869948825696";"TRUE";"TRUE";"YesCorrelated";"0,372670807453416";"0,567544657306228";"0,504160107983453"
"206";"564";"654";"0,480697005072894";"0,883940528097756";"TRUE";"TRUE";"YesCorrelated";"0,372893772893773";"0,567813346074216";"0,502487019298216"
"207";"566";"655";"0,50324405342651";"0,896023610125326";"TRUE";"TRUE";"YesCorrelated";"0,375280898876404";"0,56793019714368";"0,499181965469831"
"208";"568";"656";"0,41286983124846";"0,774641173885133";"TRUE";"TRUE";"YesCorrelated";"0,378958120531154";"0,574446714334355";"0,502026973487974"
"209";"570";"657";"0,294379651343256";"0,520345122233786";"TRUE";"TRUE";"YesCorrelated";"0,38453500522466";"0,578528406889507";"0,502936318696427"
"210";"572";"658";"0,193442224116704";"0,348593511387927";"TRUE";"TRUE";"YesCorrelated";"0,390002673082064";"0,585751257563607";"0,511881330414477"
"211";"6003";"6103";"0,00436284258291661";"0,00790989270649823";"FALSE";"FALSE";"NoCorrelated";"0,238811881188119";"0,360337798485731";"NaN"
"212";"6005";"6104";"0,00267107509823037";"0,00633213043973164";"FALSE";"FALSE";"NoCorrelated";"0,248484848484848";"0,374641464146415";"NaN"
"213";"6007";"6105";"0,00194178370810877";"0,0049599440894769";"FALSE";"FALSE";"NoCorrelated";"0,241805813234385";"0,36421768707483";"NaN"
"214";"6009";"6106";"0,00144411770059547";"0,00329542231114831";"FALSE";"FALSE";"NoCorrelated";"0,244266778876499";"0,370005546736033";"NaN"
"215";"6011";"6107";"0,00172833271935722";"0,00415064303983788";"FALSE";"FALSE";"NoCorrelated";"0,259450171821306";"0,394145802650957";"NaN"
"216";"6013";"6108";"0,00242155331395749";"0,00682999302293491";"FALSE";"FALSE";"NoCorrelated";"0,242982456140351";"0,370442213781877";"NaN"
"217";"6015";"6109";"0,00391919910576263";"0,0119003650527898";"FALSE";"FALSE";"NoCorrelated";"0,225531914893617";"0,344918812989922";"NaN"
"218";"6017";"6110";"0,00953760732432796";"0,0313642727755195";"FALSE";"FALSE";"NoCorrelated";"0,219400594829558";"0,332962467940613";"NaN"
"219";"6019";"6111";"0,0129805679783651";"0,0314177167123181";"FALSE";"FALSE";"NoCorrelated";"0,214586255259467";"0,3268628211632";"NaN"
"220";"6021";"6112";"0,0102765649824724";"0,0221394402699983";"FALSE";"FALSE";"NoCorrelated";"0,206880076445294";"0,318835442257602";"NaN"
"221";"6023";"6113";"0,023798671528621";"0,0500559078560817";"FALSE";"FALSE";"NoCorrelated";"0,197557997557998";"0,306418219461698";"NaN"
"222";"6025";"6114";"0,0564648864335765";"0,0867554870543736";"TRUE";"FALSE";"NoCorrelated";"0,204494382022472";"0,315586286372803";"0,164267771437545"
"223";"6027";"6115";"0,0591725745330619";"0,0793103604478792";"TRUE";"FALSE";"NoCorrelated";"0,193054136874362";"0,299965951651345";"0,157033795103174"
"224";"6029";"6116";"0,0393303627796786";"0,0757097940721268";"FALSE";"FALSE";"NoCorrelated";"0,172413793103448";"0,272903384875489";"NaN"
"225";"6031";"6117";"0,0220423467239494";"0,0403665860564061";"FALSE";"FALSE";"NoCorrelated";"0,169206094627105";"0,264635124298316";"NaN"
"1";"3647";"3747";"1,43059724605549e-06";"1,44358108931362e-06";"FALSE";"FALSE";"NoCorrelated";"-0,0843564356435644";"-0,120477577169482";"NaN"
"2";"3649";"3748";"1,56264936429311e-06";"5,48286101907795e-07";"FALSE";"FALSE";"NoCorrelated";"-0,103030303030303";"-0,146018601860186";"NaN"
"3";"3651";"3749";"2,09925197678473e-06";"8,23502773269587e-07";"FALSE";"FALSE";"NoCorrelated";"-0,0979179550608122";"-0,139727891156463";"NaN"
"4";"3653";"3750";"5,18150236255363e-06";"1,37950073023258e-06";"FALSE";"FALSE";"NoCorrelated";"-0,127288028613507";"-0,180026649835192";"NaN"
"5";"3655";"3751";"8,04009952879499e-06";"2,19347353231003e-06";"FALSE";"FALSE";"NoCorrelated";"-0,152920962199313";"-0,21661319166842";"NaN"
"6";"3657";"3752";"1,68055468654785e-06";"5,73155021158084e-07";"FALSE";"FALSE";"NoCorrelated";"-0,15219298245614";"-0,213944655453066";"NaN"
"7";"3659";"3753";"3,59890686661447e-07";"8,61390562978224e-08";"FALSE";"FALSE";"NoCorrelated";"-0,156103023516237";"-0,218295072788354";"NaN"
"8";"3661";"3754";"2,40645672624928e-07";"7,77645121641002e-08";"FALSE";"FALSE";"NoCorrelated";"-0,143445435827042";"-0,201098146877145";"NaN"
"9";"3663";"3755";"1,70397985698642e-07";"3,55065624596943e-08";"FALSE";"FALSE";"NoCorrelated";"-0,153342683496961";"-0,219853182537077";"NaN"
"10";"3665";"3756";"1,8447820724753e-07";"3,09656163295666e-08";"FALSE";"FALSE";"NoCorrelated";"-0,187768752986144";"-0,270394402231709";"NaN"
"11";"3667";"3757";"2,36046121160167e-07";"4,73680392977663e-08";"FALSE";"FALSE";"NoCorrelated";"-0,206349206349206";"-0,299777034559643";"NaN"
"12";"3669";"3758";"5,89607550869156e-07";"1,73782322917594e-07";"FALSE";"FALSE";"NoCorrelated";"-0,200998751560549";"-0,291764415359921";"NaN"
"13";"3671";"3759";"6,70388240871418e-07";"1,90669668922983e-07";"FALSE";"FALSE";"NoCorrelated";"-0,183350357507661";"-0,268828736806265";"NaN"
"14";"3673";"3760";"1,12354176955075e-06";"5,60315002835938e-07";"FALSE";"FALSE";"NoCorrelated";"-0,175026123301985";"-0,256031841076397";"NaN"
"15";"3675";"3761";"1,33708727651154e-06";"8,87246870441773e-07";"FALSE";"FALSE";"NoCorrelated";"-0,175621491579791";"-0,25537654005978";"NaN"
"16";"4107";"4207";"0,014284456829096";"0,0258566056220734";"FALSE";"FALSE";"NoCorrelated";"0,200792079207921";"0,307338380896913";"NaN"
"17";"4109";"4208";"0,0118339041889981";"0,0218588200022865";"FALSE";"FALSE";"NoCorrelated";"0,185858585858586";"0,285376537653765";"NaN"
"18";"4111";"4209";"0,00868683260066431";"0,0153804850049994";"FALSE";"FALSE";"NoCorrelated";"0,168006596578025";"0,257365491651206";"NaN"
"19";"4113";"4210";"0,00437786421388603";"0,00647634290551897";"FALSE";"FALSE";"NoCorrelated";"0,153797601514833";"0,237444931112089";"NaN"
"20";"4115";"4211";"0,00231434514683418";"0,00288505076376505";"FALSE";"FALSE";"NoCorrelated";"0,132731958762887";"0,206869345676415";"NaN"
"21";"4117";"4212";"0,00203120866964402";"0,00226983497880964";"FALSE";"FALSE";"NoCorrelated";"0,104385964912281";"0,162249050461205";"NaN"
"22";"4119";"4213";"0,00161156810939575";"0,00174785902597089";"FALSE";"FALSE";"NoCorrelated";"0,0727883538633818";"0,115383538633819";"NaN"
"23";"4121";"4214";"0,00139770715037113";"0,00168636049385779";"FALSE";"FALSE";"NoCorrelated";"0,0318005033173187";"0,0519669111006755";"NaN"
"24";"4123";"4215";"0,00129540466559395";"0,00130530414074199";"FALSE";"FALSE";"NoCorrelated";"0,00514258999532492";"0,0122049476291367";"NaN"
"25";"4125";"4216";"0,000645873252157302";"0,000535343275358655";"FALSE";"FALSE";"NoCorrelated";"-0,0253225035833731";"-0,0344774440146109";"NaN"
"26";"4127";"4217";"0,000317720291379221";"0,000190599444396407";"FALSE";"FALSE";"NoCorrelated";"-0,054945054945055";"-0,0787227265488135";"NaN"
"27";"4129";"4218";"0,000197317771081957";"8,36198674246369e-05";"FALSE";"FALSE";"NoCorrelated";"-0,064669163545568";"-0,0958883812816397";"NaN"
"28";"4131";"4219";"8,28729242549206e-05";"1,76237424482293e-05";"FALSE";"FALSE";"NoCorrelated";"-0,0771195097037794";"-0,112717058222676";"NaN"
"29";"4133";"4220";"6,59345410616861e-05";"1,18596274880136e-05";"FALSE";"FALSE";"NoCorrelated";"-0,0956112852664577";"-0,1333168961995";"NaN"
"30";"4135";"4221";"7,15056240196783e-05";"9,99235946923135e-06";"FALSE";"FALSE";"NoCorrelated";"-0,109863672814755";"-0,148264926733251";"NaN"
"31";"9280";"9380";"1,15077438507419e-08";"8,36493726060544e-08";"FALSE";"FALSE";"NoCorrelated";"0,127524752475248";"0,185602795573675";"NaN"
"32";"9282";"9381";"1,45793358950952e-08";"8,0251000489664e-08";"FALSE";"FALSE";"NoCorrelated";"0,156767676767677";"0,224506450645065";"NaN"
"33";"9284";"9382";"2,54198431173663e-08";"2,57073069265123e-07";"FALSE";"FALSE";"NoCorrelated";"0,155225726654298";"0,222374768089054";"NaN"
"34";"9286";"9383";"3,3056134775748e-08";"4,32422879956414e-07";"FALSE";"FALSE";"NoCorrelated";"0,153797601514833";"0,222475119382336";"NaN"
"35";"9288";"9384";"2,25746734251039e-08";"2,50584614422873e-07";"FALSE";"FALSE";"NoCorrelated";"0,14733676975945";"0,212142331159268";"NaN"
"36";"9290";"9385";"3,37027781865975e-08";"5,83337523440762e-07";"FALSE";"FALSE";"NoCorrelated";"0,145175438596491";"0,208817145957678";"NaN"
"37";"9292";"9386";"4,30255841533094e-08";"8,12694080145078e-07";"FALSE";"FALSE";"NoCorrelated";"0,138185890257559";"0,199230123180291";"NaN"
"38";"9294";"9387";"6,42292679561556e-09";"7,79320872516654e-08";"FALSE";"FALSE";"NoCorrelated";"0,121024937085335";"0,176100856121085";"NaN"
"39";"9296";"9388";"8,62360932987101e-09";"1,35258456428872e-07";"FALSE";"FALSE";"NoCorrelated";"0,124824684431978";"0,1825818387992";"NaN"
"40";"9298";"9389";"5,45159096976631e-09";"4,413217600874e-08";"FALSE";"FALSE";"NoCorrelated";"0,107023411371237";"0,15695945008708";"NaN"
"41";"9300";"9390";"5,30521599306377e-09";"3,2139916287026e-08";"FALSE";"FALSE";"NoCorrelated";"0,0954822954822955";"0,141041567128524";"NaN"
"42";"9302";"9391";"6,84428316547717e-09";"5,04826596698772e-08";"FALSE";"FALSE";"NoCorrelated";"0,0921348314606742";"0,135992097789851";"NaN"
"43";"9304";"9392";"8,91524649358966e-09";"7,961640453938e-08";"FALSE";"FALSE";"NoCorrelated";"0,0960163432073545";"0,141096356826694";"NaN"
"44";"9306";"9393";"5,44469966548011e-09";"5,43707234369653e-08";"FALSE";"FALSE";"NoCorrelated";"0,0815047021943574";"0,119351202845972";"NaN"
"45";"9308";"9394";"6,69800221557902e-09";"4,7437704776591e-08";"FALSE";"FALSE";"NoCorrelated";"0,0430366212242716";"0,064008165050667";"NaN"
"46";"3082";"3182";"0,00152118841745881";"0,00253767099430943";"FALSE";"FALSE";"NoCorrelated";"0,131485148514851";"0,213919627256843";"NaN"
"47";"3084";"3183";"0,00130801096007073";"0,00199118635450098";"FALSE";"FALSE";"NoCorrelated";"0,126868686868687";"0,207032703270327";"NaN"
"48";"3086";"3184";"0,000577807160453478";"0,000595336320748144";"FALSE";"FALSE";"NoCorrelated";"0,110286538857967";"0,184613481756339";"NaN"
"49";"3088";"3185";"0,000338768283058613";"0,000282558338988899";"FALSE";"FALSE";"NoCorrelated";"0,100357668840732";"0,170272045087951";"NaN"
"50";"3090";"3186";"0,000459405084602525";"0,000432078337403993";"FALSE";"FALSE";"NoCorrelated";"0,106529209621993";"0,178729223648222";"NaN"
"51";"3092";"3187";"0,000605658813462259";"0,000561421775207254";"FALSE";"FALSE";"NoCorrelated";"0,0960526315789473";"0,162357569180684";"NaN"
"52";"3094";"3188";"0,000852235125576157";"0,000725023611794472";"FALSE";"FALSE";"NoCorrelated";"0,0633818589025756";"0,113871780515118";"NaN"
"53";"3096";"3189";"0,000715169566362434";"0,000713042361563772";"FALSE";"FALSE";"NoCorrelated";"0,0606268588423702";"0,111122349456345";"NaN"
"54";"3098";"3190";"0,0013975116417816";"0,00179212114221953";"FALSE";"FALSE";"NoCorrelated";"0,0551659654043946";"0,105293784130584";"NaN"
"55";"3100";"3191";"0,00401339692328812";"0,0055894000878486";"FALSE";"FALSE";"NoCorrelated";"0,0578117534639274";"0,110722377202041";"NaN"
"56";"3102";"3192";"0,00570240712556525";"0,00613062995235334";"FALSE";"FALSE";"NoCorrelated";"0,0437118437118437";"0,0868768912247173";"NaN"
"57";"3104";"3193";"0,00683058396023945";"0,00902795453784775";"FALSE";"FALSE";"NoCorrelated";"0,0227215980024969";"0,056772441042104";"NaN"
"58";"3106";"3194";"0,00598294670881995";"0,00956265526284501";"FALSE";"FALSE";"NoCorrelated";"-0,00357507660878447";"0,0153387810691181";"NaN"
"59";"3108";"3195";"0,00938958516561016";"0,0108927756309521";"FALSE";"FALSE";"NoCorrelated";"-0,0491118077324974";"-0,0551054911767814";"NaN"
"60";"3110";"3196";"0,00493080120975726";"0,00495835509514038";"FALSE";"FALSE";"NoCorrelated";"-0,0590751136059877";"-0,0694576073485456";"NaN"
"61";"4008";"4108";"0,00306538008149458";"0,00266917972556446";"FALSE";"FALSE";"NoCorrelated";"0,0118811881188119";"-0,0212696563774024";"NaN"
"62";"4010";"4109";"0,00251823256146084";"0,00186343207722885";"FALSE";"FALSE";"NoCorrelated";"0,0153535353535354";"-0,0187458745874587";"NaN"
"63";"4012";"4110";"0,0019891492300278";"0,00126355961168849";"FALSE";"FALSE";"NoCorrelated";"0,0187590187590188";"-0,0198144712430427";"NaN"
"64";"4014";"4111";"0,00207717098889303";"0,00118732152709053";"FALSE";"FALSE";"NoCorrelated";"0,00357668840732169";"-0,0387570210839725";"NaN"
"65";"4016";"4112";"0,00532599179563703";"0,00480812307208094";"FALSE";"FALSE";"NoCorrelated";"-0,00343642611683849";"-0,0479697033452556";"NaN"
"66";"4018";"4113";"0,00693287782399152";"0,00700077293519984";"FALSE";"FALSE";"NoCorrelated";"-0,00175438596491228";"-0,047680412371134";"NaN"
"67";"4020";"4114";"0,0134958953787016";"0,0147032458401584";"FALSE";"FALSE";"NoCorrelated";"-0,0167973124300112";"-0,0697368421052632";"NaN"
"68";"4022";"4115";"0,0167729569179167";"0,0161160621186037";"FALSE";"FALSE";"NoCorrelated";"-0,0354609929078014";"-0,0967308456453419";"NaN"
"69";"4024";"4116";"0,0288376659905016";"0,03075605276601";"FALSE";"FALSE";"NoCorrelated";"-0,0495558672276765";"-0,12030378084808";"NaN"
"70";"4026";"4117";"0,058805898244987";"0,0649219864239622";"TRUE";"FALSE";"NoCorrelated";"-0,0496894409937888";"-0,118443968373842";"-0,106325038797768"
"71";"4028";"4118";"0,0204141853943619";"0,03905497700943";"FALSE";"FALSE";"NoCorrelated";"-0,0598290598290598";"-0,129988851727982";"NaN"
"72";"4030";"4119";"0,0399608103904113";"0,0723135276029655";"FALSE";"FALSE";"NoCorrelated";"-0,0591760299625468";"-0,124072930814504";"NaN"
"73";"4032";"4120";"0,0654132942005444";"0,134076473092538";"TRUE";"FALSE";"NoCorrelated";"-0,0648621041879469";"-0,130881852230167";"-0,112255437084781"
"74";"4034";"4121";"0,0822951041828681";"0,151298622884818";"TRUE";"FALSE";"NoCorrelated";"-0,120167189132706";"-0,217885949772815";"-0,198218528489987"
"75";"4036";"4122";"0,114958701741784";"0,153539495862929";"TRUE";"FALSE";"NoCorrelated";"-0,144613739641807";"-0,257253772690822";"-0,232941532155554"
"76";"344";"444";"0,872153588559038";"0,960803294907483";"TRUE";"FALSE";"NoCorrelated";"0,0273267326732673";"0,0423412929528247";"0,0265189190210133"
"77";"346";"445";"0,799455095199746";"0,892919418080168";"TRUE";"FALSE";"NoCorrelated";"0,0214141414141414";"0,0353315331533153";"0,0162774502907789"
"78";"348";"446";"0,567286574903604";"0,705063812556616";"TRUE";"FALSE";"NoCorrelated";"0,033601319315605";"0,0544836116264688";"0,0302477319384671"
"79";"350";"447";"0,517983141387388";"0,654951253457053";"TRUE";"FALSE";"NoCorrelated";"0,0359772775089417";"0,0578326925896882";"0,0254599265512142"
"80";"352";"448";"0,532044742489211";"0,636078471439159";"TRUE";"FALSE";"NoCorrelated";"0,0420962199312715";"0,0692457395329266";"0,027648415332196"
"81";"354";"449";"0,481737251490186";"0,519809910586227";"TRUE";"FALSE";"NoCorrelated";"0,037280701754386";"0,0628865979381443";"0,0224487065072902"
"82";"356";"450";"0,434344143170887";"0,43554826024603";"TRUE";"FALSE";"NoCorrelated";"0,032474804031355";"0,0559910414333707";"0,01608070154513"
"83";"358";"451";"0,435750804845035";"0,50388902047113";"TRUE";"FALSE";"NoCorrelated";"0,0167009837565774";"0,0337318932196655";"-0,00144154521396016"
"84";"360";"452";"0,457616224030684";"0,538074844045485";"TRUE";"FALSE";"NoCorrelated";"0,00841514726507714";"0,0203366058906031";"0,00820742648451485"
"85";"362";"453";"0,485824094838025";"0,622272875171567";"TRUE";"FALSE";"NoCorrelated";"0,0324892498805542";"0,0557464975417289";"0,0400863565888419"
"86";"364";"454";"0,485530502573234";"0,598329867006926";"TRUE";"FALSE";"NoCorrelated";"0,0451770451770452";"0,0742315655359134";"0,0502916838578395"
"87";"366";"455";"0,460550730311573";"0,557523495428231";"TRUE";"FALSE";"NoCorrelated";"0,0506866416978777";"0,0796065357863111";"0,0530806802193119"
"88";"368";"456";"0,536471811736722";"0,722025420367285";"TRUE";"FALSE";"NoCorrelated";"0,0500510725229826";"0,0818692543411645";"0,0553650127550184"
"89";"370";"457";"0,505818354319333";"0,66636786025763";"TRUE";"FALSE";"NoCorrelated";"0,0553814002089864";"0,0885139656933535";"0,0577354333714493"
"90";"372";"458";"0,520779656178421";"0,690268899170888";"TRUE";"FALSE";"NoCorrelated";"0,0585404971932638";"0,0937887293139899";"0,0629044872328316"
"91";"4858";"4958";"0,000195025493278893";"0,00452397471958789";"FALSE";"FALSE";"NoCorrelated";"0,191683168316832";"0,305334886429819";"NaN"
"92";"4860";"4959";"0,000145059197374161";"0,00332494212914114";"FALSE";"FALSE";"NoCorrelated";"0,178181818181818";"0,283408340834083";"NaN"
"93";"4862";"4960";"0,000109186510705689";"0,00379301854089347";"FALSE";"FALSE";"NoCorrelated";"0,171717171717172";"0,272022263450835";"NaN"
"94";"4864";"4961";"0,000104438839819975";"0,00321796979385974";"FALSE";"FALSE";"NoCorrelated";"0,160950978329476";"0,257770212114837";"NaN"
"95";"4866";"4962";"9,30389429083071e-05";"0,00275222659366985";"FALSE";"FALSE";"NoCorrelated";"0,155068728522337";"0,250473385230381";"NaN"
"96";"4868";"4963";"0,000174383052280013";"0,0053047232044536";"FALSE";"FALSE";"NoCorrelated";"0,154824561403509";"0,249118285404232";"NaN"
"97";"4870";"4964";"0,000101167298489292";"0,00205418567767167";"FALSE";"FALSE";"NoCorrelated";"0,18521836506159";"0,297256438969765";"NaN"
"98";"4872";"4965";"8,33196134279104e-05";"0,00132909369314507";"FALSE";"FALSE";"NoCorrelated";"0,175474719743766";"0,283690351479247";"NaN"
"99";"4874";"4966";"5,45583461730915e-05";"0,00151731249517024";"FALSE";"FALSE";"NoCorrelated";"0,143992519869098";"0,238787263883501";"NaN"
"100";"4876";"4967";"4,16160779617812e-05";"0,00191817576363544";"FALSE";"FALSE";"NoCorrelated";"0,118490205446727";"0,201362452414346";"NaN"
"101";"4878";"4968";"2,324756486401e-05";"0,000894209541322104";"FALSE";"FALSE";"NoCorrelated";"0,124297924297924";"0,208695652173913";"NaN"
"102";"4880";"4969";"2,49383661331706e-05";"0,000597605552131449";"FALSE";"FALSE";"NoCorrelated";"0,124094881398252";"0,21065152076388";"NaN"
"103";"4882";"4970";"1,5181324355577e-05";"0,000381913217148552";"FALSE";"FALSE";"NoCorrelated";"0,117466802860061";"0,198621041879469";"NaN"
"104";"4884";"4971";"0,00259967537895116";"0,00739073123195488";"FALSE";"FALSE";"NoCorrelated";"0,100835945663532";"0,173857912718819";"NaN"
"105";"4886";"4972";"0,00342050571980207";"0,0169669728296614";"FALSE";"FALSE";"NoCorrelated";"0,109863672814755";"0,18528103812787";"NaN"
"106";"8056";"8156";"0,00323122037437034";"0,00119977886002034";"FALSE";"TRUE";"YesCorrelated";"0,393663366336634";"0,545591147350029";"NaN"
"107";"8058";"8157";"0,00450116556797151";"0,00187919137347789";"FALSE";"TRUE";"YesCorrelated";"0,385858585858586";"0,538073807380738";"NaN"
"108";"8060";"8158";"0,00557859134376671";"0,00252719675872081";"FALSE";"TRUE";"YesCorrelated";"0,360544217687075";"0,503339517625232";"NaN"
"109";"8062";"8159";"0,00702148965599189";"0,00381878490348938";"FALSE";"FALSE";"NoCorrelated";"0,357458447296444";"0,498218031354997";"NaN"
"110";"8064";"8160";"0,00906294925576192";"0,00555459014211845";"FALSE";"TRUE";"YesCorrelated";"0,371993127147766";"0,513281085630128";"NaN"
"111";"8066";"8161";"0,00346407420312745";"0,00207959619292271";"FALSE";"TRUE";"YesCorrelated";"0,389473684210526";"0,535037981551818";"NaN"
"112";"8068";"8162";"0,00180606747740487";"0,00104770930459656";"FALSE";"TRUE";"YesCorrelated";"0,407838745800672";"0,556900895856663";"NaN"
"113";"8070";"8163";"0,00260632860461584";"0,00183153433486967";"FALSE";"TRUE";"YesCorrelated";"0,40928849233585";"0,561969439728353";"NaN"
"114";"8072";"8164";"0,000649547688738064";"0,000475174236777581";"FALSE";"TRUE";"YesCorrelated";"0,417952314165498";"0,572498582554982";"NaN"
"115";"8074";"8165";"0,00156360371753209";"6,6466206245041e-05";"FALSE";"TRUE";"YesCorrelated";"0,459627329192547";"0,630951096589245";"NaN"
"116";"8076";"8166";"0,00229091887400601";"0,000135874474110969";"FALSE";"TRUE";"YesCorrelated";"0,461782661782662";"0,633667781493868";"NaN"
"117";"8078";"8167";"0,000933991654932494";"7,86690046241982e-05";"FALSE";"TRUE";"YesCorrelated";"0,466666666666667";"0,64114088159032";"NaN"
"118";"8080";"8168";"0,00164954951351842";"0,000201966597266401";"FALSE";"TRUE";"YesCorrelated";"0,460674157303371";"0,636074225400068";"NaN"
"119";"8082";"8169";"0,00320114309870531";"0,000593782627699343";"FALSE";"TRUE";"YesCorrelated";"0,464472309299896";"0,64059032792082";"NaN"
"120";"8084";"8170";"0,0061531375689971";"0,00181504352624889";"FALSE";"TRUE";"YesCorrelated";"0,463779738037958";"0,638568929066122";"NaN"
"121";"246";"346";"6,142030906106e-10";"2,89751855129936e-07";"FALSE";"FALSE";"NoCorrelated";"0,31049504950495";"0,436901572510192";"NaN"
"122";"248";"347";"3,58503729539734e-10";"2,71253464340448e-07";"FALSE";"FALSE";"NoCorrelated";"0,296969696969697";"0,422082208220822";"NaN"
"123";"250";"348";"2,51613036100784e-10";"8,04582048909277e-08";"FALSE";"FALSE";"NoCorrelated";"0,276437847866419";"0,394978354978355";"NaN"
"124";"252";"349";"1,75114819775732e-10";"2,74010123346263e-08";"FALSE";"FALSE";"NoCorrelated";"0,258994319377235";"0,372517516847414";"NaN"
"125";"254";"350";"1,67477187636918e-10";"1,69075251430629e-08";"FALSE";"FALSE";"NoCorrelated";"0,252577319587629";"0,36363875447086";"NaN"
"126";"256";"351";"1,76031599567013e-10";"1,28275442624879e-08";"FALSE";"FALSE";"NoCorrelated";"0,219736842105263";"0,317254476397179";"NaN"
"127";"258";"352";"7,14447573933414e-11";"2,02246141780535e-09";"FALSE";"FALSE";"NoCorrelated";"0,192833146696529";"0,280137178051512";"NaN"
"128";"260";"353";"2,27752479485851e-11";"5,96425718147528e-10";"FALSE";"FALSE";"NoCorrelated";"0,163578128574697";"0,23878192392443";"NaN"
"129";"262";"354";"1,16788860869134e-11";"2,11795502932002e-10";"FALSE";"FALSE";"NoCorrelated";"0,128564749883123";"0,19034048521381";"NaN"
"130";"264";"355";"3,85466891372404e-12";"1,65495456994986e-11";"FALSE";"FALSE";"NoCorrelated";"0,095078834209269";"0,141269670021423";"NaN"
"131";"266";"356";"2,47488710025083e-12";"3,00262733536942e-12";"FALSE";"FALSE";"NoCorrelated";"0,0652014652014652";"0,0992514731645166";"NaN"
"132";"268";"357";"2,34579090857131e-12";"1,45409568580473e-12";"FALSE";"FALSE";"NoCorrelated";"0,0387016229712859";"0,0566901263530477";"NaN"
"133";"270";"358";"1,29340397543391e-12";"3,59566072204181e-13";"FALSE";"FALSE";"NoCorrelated";"0,00612870275791624";"0,00769492679605039";"NaN"
"134";"272";"359";"1,08821964623995e-12";"1,40229370739504e-13";"FALSE";"FALSE";"NoCorrelated";"-0,0156739811912226";"-0,0253073156986369";"NaN"
"135";"274";"360";"1,2542434686495e-12";"1,38846169526131e-13";"FALSE";"FALSE";"NoCorrelated";"-0,0200481154771451";"-0,0312932857038711";"NaN"
"136";"8035";"8135";"4,52034076850909e-06";"6,2794195682337e-06";"FALSE";"FALSE";"NoCorrelated";"0,209504950495049";"0,297949912638323";"NaN"
"137";"8037";"8136";"6,96111916817656e-06";"4,63720120265365e-06";"FALSE";"FALSE";"NoCorrelated";"0,225858585858586";"0,318247824782478";"NaN"
"138";"8039";"8137";"1,39518969444368e-05";"4,45846999557694e-06";"FALSE";"FALSE";"NoCorrelated";"0,236446093588951";"0,333667285095857";"NaN"
"139";"8041";"8138";"2,37902666796946e-05";"6,37081050133463e-06";"FALSE";"FALSE";"NoCorrelated";"0,249316221333894";"0,35103188416885";"NaN"
"140";"8043";"8139";"2,17582910692325e-05";"5,11595157254031e-06";"FALSE";"FALSE";"NoCorrelated";"0,269759450171821";"0,379536608457816";"NaN"
"141";"8045";"8140";"4,99255844174856e-05";"1,42128259523841e-05";"FALSE";"FALSE";"NoCorrelated";"0,28640350877193";"0,402970699945741";"NaN"
"142";"8047";"8141";"0,000104753171882503";"1,95951042211497e-05";"FALSE";"FALSE";"NoCorrelated";"0,301679731243001";"0,423250279955207";"NaN"
"143";"8049";"8142";"7,05459509587243e-05";"4,61076794315449e-06";"FALSE";"FALSE";"NoCorrelated";"0,298101121024937";"0,418589025755879";"NaN"
"144";"8051";"8143";"0,000135537638443307";"9,3282627812443e-06";"FALSE";"FALSE";"NoCorrelated";"0,32398316970547";"0,448703410820328";"NaN"
"145";"8053";"8144";"0,000291872181888329";"2,71968434465955e-05";"FALSE";"FALSE";"NoCorrelated";"0,335881509794553";"0,466609127198187";"NaN"
"146";"8055";"8145";"0,000668800769213641";"0,000121880844428483";"FALSE";"FALSE";"NoCorrelated";"0,358730158730159";"0,494362159579551";"NaN"
"147";"8057";"8146";"0,00145493997738283";"0,000439094017978602";"FALSE";"TRUE";"YesCorrelated";"0,363795255930087";"0,502638185784253";"NaN"
"148";"8059";"8147";"0,00279378118580558";"0,00129072952912153";"FALSE";"TRUE";"YesCorrelated";"0,36976506639428";"0,511559414368403";"NaN"
"149";"8061";"8148";"0,0051493225758635";"0,00279685923462133";"FALSE";"TRUE";"YesCorrelated";"0,383490073145246";"0,529217005389032";"NaN"
"150";"8063";"8149";"0,00668747809518159";"0,00330510526222559";"FALSE";"TRUE";"YesCorrelated";"0,395348837209302";"0,545071808704527";"NaN"
"151";"4778";"4878";"0,0930983545264726";"0,123171496772722";"TRUE";"FALSE";"NoCorrelated";"0,0312871287128713";"0,0563075131042516";"0,102240148431215"
"152";"4780";"4879";"0,0852683365633388";"0,10821326748444";"TRUE";"FALSE";"NoCorrelated";"0,0347474747474747";"0,0634863486348635";"0,104632239831935"
"153";"4782";"4880";"0,12439116101462";"0,156628074880611";"TRUE";"FALSE";"NoCorrelated";"0,0368996083281798";"0,0634879406307978";"0,101461290806764"
"154";"4784";"4881";"0,139837130272222";"0,173146753061543";"TRUE";"FALSE";"NoCorrelated";"0,0372396381232905";"0,0621298191254009";"0,101517128796646"
"155";"4786";"4882";"0,0133943655352156";"0,0373837108113593";"FALSE";"FALSE";"NoCorrelated";"0,0425257731958763";"0,0690616452766674";"NaN"
"156";"4788";"4883";"0,0185164249392407";"0,0469951992071068";"FALSE";"FALSE";"NoCorrelated";"0,0276315789473684";"0,0488198589256647";"NaN"
"157";"4790";"4884";"0,0297895451171188";"0,0684626339013541";"FALSE";"FALSE";"NoCorrelated";"0,0226203807390817";"0,0388577827547592";"NaN"
"158";"4792";"4885";"0,0339739049960607";"0,0707542378071665";"FALSE";"FALSE";"NoCorrelated";"0,0189887897506291";"0,0328215872557165";"NaN"
"159";"4794";"4886";"0,0657436127315288";"0,0865339243755992";"TRUE";"FALSE";"NoCorrelated";"0,02945301542777";"0,0531019665184566";"0,0873939861536645"
"160";"4796";"4887";"0,0927922917025151";"0,117130921819267";"TRUE";"FALSE";"NoCorrelated";"0,0210224558050645";"0,0406577994235778";"0,0740013695102033"
"161";"4798";"4888";"0,0879152352086225";"0,121121328878974";"TRUE";"FALSE";"NoCorrelated";"-0,00170940170940171";"0,00676859372511546";"0,0532724822572326"
"162";"4800";"4889";"0,0750407886837996";"0,104597881921312";"TRUE";"FALSE";"NoCorrelated";"-0,000249687890137328";"0,00639585133967156";"0,0492851701336763"
"163";"4802";"4890";"0,0824110002490062";"0,10010451175912";"TRUE";"FALSE";"NoCorrelated";"-0,00715015321756895";"-0,00277494041538985";"0,0429199847942789"
"164";"4804";"4891";"0,0691562648532574";"0,0836120007757893";"TRUE";"FALSE";"NoCorrelated";"-0,0229885057471264";"-0,0235638054312986";"0,0361411801937011"
"165";"4806";"4892";"0,0691307220695248";"0,0734748620150482";"TRUE";"FALSE";"NoCorrelated";"-0,0243250467789361";"-0,0237479040606547";"0,0353417353863409"
"166";"9405";"9505";"1,24902840481475e-09";"7,27282414961022e-07";"FALSE";"FALSE";"NoCorrelated";"-0,000396039603960396";"-0,0169132207338381";"NaN"
"167";"9407";"9506";"1,56174794619704e-09";"1,11691221757589e-06";"FALSE";"FALSE";"NoCorrelated";"-0,00848484848484849";"-0,0292829282928293";"NaN"
"168";"9409";"9507";"1,96725700007615e-09";"1,74590758811425e-06";"FALSE";"FALSE";"NoCorrelated";"-0,0080395794681509";"-0,031317254174397";"NaN"
"169";"9411";"9508";"2,24769701994998e-09";"2,47016689989023e-06";"FALSE";"FALSE";"NoCorrelated";"-0,021670523879655";"-0,0515081384006273";"NaN"
"170";"9413";"9509";"2,11453286592424e-09";"2,01307041948808e-06";"FALSE";"FALSE";"NoCorrelated";"-0,0352233676975945";"-0,0752682516305491";"NaN"
"171";"9415";"9510";"2,75216254380884e-09";"3,23925089885673e-06";"FALSE";"FALSE";"NoCorrelated";"-0,0368421052631579";"-0,0784454693434617";"NaN"
"172";"9417";"9511";"2,88816831937056e-09";"3,00678966529e-06";"FALSE";"FALSE";"NoCorrelated";"-0,0535274356103023";"-0,099510078387458";"NaN"
"173";"9419";"9512";"1,61958752952236e-09";"1,13188024098637e-06";"FALSE";"FALSE";"NoCorrelated";"-0,0665751544269046";"-0,114893617021277";"NaN"
"174";"9421";"9513";"1,65941904949569e-09";"9,82793892818203e-07";"FALSE";"FALSE";"NoCorrelated";"-0,0738662926601216";"-0,128644325743786";"NaN"
"175";"9423";"9514";"1,84874977044551e-09";"8,22447709904421e-07";"FALSE";"FALSE";"NoCorrelated";"-0,0726230291447683";"-0,126566280843981";"NaN"
"176";"9425";"9515";"2,22893013685333e-09";"8,50187512299443e-07";"FALSE";"FALSE";"NoCorrelated";"-0,0666666666666667";"-0,117088708393056";"NaN"
"177";"9427";"9516";"2,36956361534795e-09";"6,00723811224891e-07";"FALSE";"FALSE";"NoCorrelated";"-0,0621722846441948";"-0,106095402724616";"NaN"
"178";"9429";"9517";"2,65855359293789e-09";"5,04392975466598e-07";"FALSE";"FALSE";"NoCorrelated";"-0,0582226762002043";"-0,105856315968676";"NaN"
"179";"9431";"9518";"3,43508711271773e-09";"6,86181642023657e-07";"FALSE";"FALSE";"NoCorrelated";"-0,061128526645768";"-0,110968264590891";"NaN"
"180";"9433";"9519";"4,72154860558554e-09";"1,23027526838306e-06";"FALSE";"FALSE";"NoCorrelated";"-0,0676289762095696";"-0,121983669898666";"NaN"
"181";"8195";"8295";"0,018868576964694";"0,0125177640700137";"FALSE";"FALSE";"NoCorrelated";"-0,0225742574257426";"-0,0318578916715201";"NaN"
"182";"8197";"8296";"0,0160563612983297";"0,00888171681278547";"FALSE";"FALSE";"NoCorrelated";"-0,00404040404040404";"-0,00516051605160516";"NaN"
"183";"8199";"8297";"0,0235629309520571";"0,015382117997235";"FALSE";"FALSE";"NoCorrelated";"-0,0133992991135848";"-0,0158317872603587";"NaN"
"184";"8201";"8298";"0,0526483112024478";"0,0317357717473873";"FALSE";"FALSE";"NoCorrelated";"-0,0233536713654534";"-0,0302010213644971";"NaN"
"185";"8203";"8299";"0,160849431042622";"0,091699935432613";"TRUE";"FALSE";"NoCorrelated";"-0,00987972508591065";"-0,0125841573742899";"-0,0428835311823862"
"186";"8205";"8300";"0,106837081986713";"0,0563220492354606";"TRUE";"FALSE";"NoCorrelated";"0,0105263157894737";"0,0148534997287032";"-0,0233467360643523"
"187";"8207";"8301";"0,223505894167496";"0,111231765413177";"TRUE";"FALSE";"NoCorrelated";"-0,0239641657334826";"-0,0366041433370661";"-0,0879348706421834"
"188";"8209";"8302";"0,486230055323112";"0,28394488522161";"TRUE";"FALSE";"NoCorrelated";"-0,0327156257149394";"-0,0469096557454033";"-0,108521319469777"
"189";"8211";"8303";"0,512086255330092";"0,280972819115798";"TRUE";"FALSE";"NoCorrelated";"-0,0575035063113604";"-0,0829578347408313";"-0,133060898727633"
"190";"8213";"8304";"0,529609163171605";"0,295456962848275";"TRUE";"FALSE";"NoCorrelated";"-0,0697563306258958";"-0,10252300294376";"-0,151313508177216"
"191";"8215";"8305";"0,587081992575163";"0,365087212977801";"TRUE";"FALSE";"NoCorrelated";"-0,0485958485958486";"-0,0675585284280937";"-0,100474611140226"
"192";"8217";"8306";"0,489658969817432";"0,395154019065431";"TRUE";"FALSE";"NoCorrelated";"-0,0352059925093633";"-0,0495781372185867";"-0,0714110402292028"
"193";"8219";"8307";"0,549711538371416";"0,438235892052688";"TRUE";"FALSE";"NoCorrelated";"-0,0801838610827375";"-0,115628192032686";"-0,134473364077891"
"194";"8221";"8308";"0,536323069388371";"0,514170682526437";"TRUE";"FALSE";"NoCorrelated";"-0,0903866248693835";"-0,12979465323518";"-0,138819895264535"
"195";"8223";"8309";"0,401270387947775";"0,477917356110686";"TRUE";"FALSE";"NoCorrelated";"-0,0799251537022186";"-0,115094408398338";"-0,128699124665881"
"196";"5219";"5319";"0,205552647448126";"0,473467434530913";"TRUE";"FALSE";"NoCorrelated";"0,00396039603960396";"0,0159697146185207";"-0,0224294716604257"
"197";"5221";"5320";"0,243757356053656";"0,584445855010912";"TRUE";"FALSE";"NoCorrelated";"0,016969696969697";"0,0364356435643564";"0,00868976744601536"
"198";"5223";"5321";"0,276767418851478";"0,700218172277826";"TRUE";"FALSE";"NoCorrelated";"0,0166975881261596";"0,0366852195423624";"0,0121362870536671"
"199";"5225";"5322";"0,270284149278898";"0,721921996430355";"TRUE";"FALSE";"NoCorrelated";"0,0174626551651588";"0,0383617364471562";"0,016961909122201"
"200";"5227";"5323";"0,245306583429821";"0,689793798285808";"TRUE";"FALSE";"NoCorrelated";"0,0262027491408935";"0,0515989901115085";"0,0272140781217161"
"201";"5229";"5324";"0,193808244799747";"0,538246389977331";"TRUE";"FALSE";"NoCorrelated";"0,025";"0,0495252306022789";"0,0130532670318258"
"202";"5231";"5325";"0,195836525601636";"0,548134989977259";"TRUE";"FALSE";"NoCorrelated";"0,0463605823068309";"0,0791153415453527";"0,047251903268771"
"203";"5233";"5326";"0,162866728457648";"0,496459520110952";"TRUE";"FALSE";"NoCorrelated";"0,0624571036376115";"0,102814001372684";"0,0744649230541693"
"204";"5235";"5327";"0,125073203083558";"0,391095796922875";"TRUE";"FALSE";"NoCorrelated";"0,0635811126694717";"0,10587568261168";"0,0812389726333693"
"205";"5237";"5328";"0,144044498423062";"0,450983645995059";"TRUE";"FALSE";"NoCorrelated";"0,073100812231247";"0,118289844797559";"0,096047692374661"
"206";"5239";"5329";"0,175907212876483";"0,501775364019848";"TRUE";"FALSE";"NoCorrelated";"0,0691086691086691";"0,110065297021819";"0,0819918735984509"
"207";"5241";"5330";"0,160036412225613";"0,467127482604564";"TRUE";"FALSE";"NoCorrelated";"0,0856429463171036";"0,128024035889204";"0,100601784920981"
"208";"5243";"5331";"0,154881401814586";"0,412727663263907";"TRUE";"FALSE";"NoCorrelated";"0,0970377936670072";"0,141556009533538";"0,116216377270394"
"209";"5245";"5332";"0,163897932972093";"0,434990062080407";"TRUE";"FALSE";"NoCorrelated";"0,0966562173458725";"0,140678383994928";"0,120629185888036"
"210";"5247";"5333";"0,124279148128563";"0,37238555077987";"TRUE";"FALSE";"NoCorrelated";"0,138732959101844";"0,198585696580885";"0,168150235973109"
"211";"241";"341";"1,07694969216566e-09";"5,91972617339495e-07";"FALSE";"FALSE";"NoCorrelated";"0,340990099009901";"0,471834595224228";"NaN"
"212";"243";"342";"1,36864406462274e-09";"9,59438714825512e-07";"FALSE";"FALSE";"NoCorrelated";"0,336969696969697";"0,466150615061506";"NaN"
"213";"245";"343";"9,37759309067306e-10";"5,12281430769242e-07";"FALSE";"FALSE";"NoCorrelated";"0,322201607915894";"0,447755102040816";"NaN"
"214";"247";"344";"1,17193204628228e-09";"7,45485215317543e-07";"FALSE";"FALSE";"NoCorrelated";"0,325899431937723";"0,454736721305204";"NaN"
"215";"249";"345";"4,48573286372561e-10";"2,53279282186311e-07";"FALSE";"FALSE";"NoCorrelated";"0,299398625429553";"0,419616557963391";"NaN"
"216";"251";"346";"2,99513364128988e-10";"7,67841333130422e-08";"FALSE";"FALSE";"NoCorrelated";"0,276754385964912";"0,390572436245252";"NaN"
"217";"253";"347";"2,56673309581081e-10";"3,38345245974616e-08";"FALSE";"FALSE";"NoCorrelated";"0,252407614781635";"0,360834266517357";"NaN"
"218";"255";"348";"2,63844372138351e-10";"2,31469800409302e-08";"FALSE";"FALSE";"NoCorrelated";"0,236787920384351";"0,339450204096377";"NaN"
"219";"257";"349";"1,18283291620885e-10";"3,00568547063995e-09";"FALSE";"FALSE";"NoCorrelated";"0,209911173445535";"0,302542448748172";"NaN"
"220";"259";"350";"5,71578053216277e-11";"4,30635377361182e-10";"FALSE";"FALSE";"NoCorrelated";"0,189202102245581";"0,275881201547401";"NaN"
"221";"261";"351";"2,13613495632303e-11";"4,83944290697446e-10";"FALSE";"FALSE";"NoCorrelated";"0,145787545787546";"0,21438127090301";"NaN"
"222";"263";"352";"8,5077204619071e-12";"5,0934452974525e-11";"FALSE";"FALSE";"NoCorrelated";"0,113607990012484";"0,169280158044203";"NaN"
"223";"265";"353";"2,89641911297594e-12";"3,57624856799034e-12";"FALSE";"FALSE";"NoCorrelated";"0,0786516853932584";"0,118981954375213";"NaN"
"224";"267";"354";"4,11236956851061e-12";"4,7519992034668e-12";"FALSE";"FALSE";"NoCorrelated";"0,0501567398119122";"0,0747948293473284";"NaN"
"225";"269";"355";"2,10940793405676e-12";"8,45833436699019e-13";"FALSE";"FALSE";"NoCorrelated";"0,0216519647153168";"0,0286870306918422";"NaN"
"1";"4468";"4568";"0,000147306496685222";"0,000357066434083413";"FALSE";"FALSE";"NoCorrelated";"-0,00198019801980198";"0,00880605707629586";"NaN"
"2";"4470";"4569";"8,50276063649535e-05";"0,000122205120888721";"FALSE";"FALSE";"NoCorrelated";"-0,000404040404040404";"0,0118331833183318";"NaN"
"3";"4472";"4570";"0,000106769989035423";"0,00020039857911589";"FALSE";"FALSE";"NoCorrelated";"-0,0080395794681509";"0,00358688930117502";"NaN"
"4";"4474";"4571";"0,000125985427620691";"0,000271097842510369";"FALSE";"FALSE";"NoCorrelated";"-0,0178834420366085";"-0,00613966298796932";"NaN"
"5";"4476";"4572";"0,000199911063927178";"0,000517852405660554";"FALSE";"FALSE";"NoCorrelated";"-0,0322164948453608";"-0,0271933515674311";"NaN"
"6";"4478";"4573";"0,000249222153281241";"0,000709352045771344";"FALSE";"FALSE";"NoCorrelated";"-0,0399122807017544";"-0,0364487249050461";"NaN"
"7";"4480";"4574";"0,00033525798416459";"0,000848336538675787";"FALSE";"FALSE";"NoCorrelated";"-0,0638297872340425";"-0,0743701007838746";"NaN"
"8";"4482";"4575";"0,000375312648525897";"0,000812303291688607";"FALSE";"FALSE";"NoCorrelated";"-0,0958590711507664";"-0,12363544413539";"NaN"
"9";"4484";"4576";"0,000479186386202398";"0,000890119076884311";"FALSE";"FALSE";"NoCorrelated";"-0,12669471715755";"-0,169168332786249";"NaN"
"10";"4486";"4577";"0,00112518917880764";"0,0022666980956713";"FALSE";"FALSE";"NoCorrelated";"-0,152412804586718";"-0,208097652697933";"NaN"
"11";"4488";"4578";"0,000719842867351023";"0,00120486740250455";"FALSE";"FALSE";"NoCorrelated";"-0,183394383394383";"-0,255072463768116";"NaN"
"12";"4490";"4579";"0,000776135333820049";"0,00141876896665188";"FALSE";"FALSE";"NoCorrelated";"-0,193508114856429";"-0,269341894060995";"NaN"
"13";"4492";"4580";"0,00129704540668193";"0,00249537824839336";"FALSE";"FALSE";"NoCorrelated";"-0,19050051072523";"-0,265985699693565";"NaN"
"14";"4494";"4581";"0,00170586934732953";"0,00276039743209589";"FALSE";"FALSE";"NoCorrelated";"-0,228317659352142";"-0,321880173294354";"NaN"
"15";"4496";"4582";"0,0026223671873641";"0,00441250816486939";"FALSE";"FALSE";"NoCorrelated";"-0,262763966853782";"-0,371783188743894";"NaN"
"16";"4012";"4112";"0,00309874193770037";"0,00259972979017131";"FALSE";"FALSE";"NoCorrelated";"0,00594059405940594";"-0,033733255678509";"NaN"
"17";"4014";"4113";"0,00330827249840504";"0,00274156790101722";"FALSE";"FALSE";"NoCorrelated";"0,00525252525252525";"-0,0357995799579958";"NaN"
"18";"4016";"4114";"0,00757595884216306";"0,00773812175581017";"FALSE";"FALSE";"NoCorrelated";"0,00309214594928881";"-0,0374273345701917";"NaN"
"19";"4018";"4115";"0,00739282454103046";"0,00683975707425382";"FALSE";"FALSE";"NoCorrelated";"-0,00610140963601935";"-0,0507175691269947";"NaN"
"20";"4020";"4116";"0,0139250112528595";"0,0137943658332651";"FALSE";"FALSE";"NoCorrelated";"-0,0240549828178694";"-0,0769645487060804";"NaN"
"21";"4022";"4117";"0,0184871306972085";"0,0156705844003156";"FALSE";"FALSE";"NoCorrelated";"-0,0214912280701754";"-0,075854584915898";"NaN"
"22";"4024";"4118";"0,0286053439024141";"0,0269493197037346";"FALSE";"FALSE";"NoCorrelated";"-0,0423292273236282";"-0,109938409854423";"NaN"
"23";"4026";"4119";"0,0544585685568679";"0,0527343636776196";"TRUE";"FALSE";"NoCorrelated";"-0,0542210020590254";"-0,120413250009031";"-0,104569971596761"
"24";"4028";"4120";"0,0169198869611054";"0,0329415768691026";"FALSE";"FALSE";"NoCorrelated";"-0,0518934081346424";"-0,113694010921787";"NaN"
"25";"4030";"4121";"0,0312521179869256";"0,0610101077834617";"FALSE";"FALSE";"NoCorrelated";"-0,0678451982799809";"-0,136907972812601";"NaN"
"26";"4032";"4122";"0,0560823764524799";"0,105464437737686";"TRUE";"FALSE";"NoCorrelated";"-0,0857142857142857";"-0,163513298295907";"-0,134328061480571"
"27";"4034";"4123";"0,0826145372333447";"0,133825341428156";"TRUE";"FALSE";"NoCorrelated";"-0,135081148564295";"-0,238572663291764";"-0,206536773156809"
"28";"4036";"4124";"0,125304241173432";"0,149835715537469";"TRUE";"FALSE";"NoCorrelated";"-0,140960163432074";"-0,251532175689479";"-0,223603789899048"
"29";"4038";"4125";"0,182859377310022";"0,215591068950158";"TRUE";"FALSE";"NoCorrelated";"-0,133228840125392";"-0,245130499101828";"-0,214043280046964"
"30";"4040";"4126";"0,310788236514287";"0,33310473314681";"TRUE";"FALSE";"NoCorrelated";"-0,152632985832665";"-0,269355544215207";"-0,238348404639371"
"31";"6191";"6291";"0,00396671680050735";"0,00252338915665665";"FALSE";"FALSE";"NoCorrelated";"0,0312871287128713";"0,0363191613278975";"NaN"
"32";"6193";"6292";"0,00512703042337611";"0,00365242187613233";"FALSE";"FALSE";"NoCorrelated";"0,0234343434343434";"0,0236903690369037";"NaN"
"33";"6195";"6293";"0,00508926664163252";"0,00384776064865822";"FALSE";"FALSE";"NoCorrelated";"0,0278293135435993";"0,0281632653061225";"NaN"
"34";"6197";"6294";"0,00521044782425437";"0,00381092604069773";"FALSE";"FALSE";"NoCorrelated";"0,0288239006942983";"0,0308385772303298";"NaN"
"35";"6199";"6295";"0,00337059278491895";"0,00231087417885959";"FALSE";"FALSE";"NoCorrelated";"0,0506872852233677";"0,0635125184094256";"NaN"
"36";"6201";"6296";"0,004443835527105";"0,00355137691109368";"FALSE";"FALSE";"NoCorrelated";"0,0442982456140351";"0,0556836679327184";"NaN"
"37";"6203";"6297";"0,0021542385534426";"0,00128771205892758";"FALSE";"FALSE";"NoCorrelated";"0,0656215005599104";"0,0867161254199328";"NaN"
"38";"6205";"6298";"0,00170466894421466";"0,00101653666720773";"FALSE";"FALSE";"NoCorrelated";"0,0674902768245253";"0,0887403821840118";"NaN"
"39";"6207";"6299";"0,00453822968906796";"0,00323910269347405";"FALSE";"FALSE";"NoCorrelated";"0,0691912108461898";"0,0919847214347528";"NaN"
"40";"6209";"6300";"0,00282764541736685";"0,00220958912639024";"FALSE";"FALSE";"NoCorrelated";"0,0869565217391304";"0,117503814558513";"NaN"
"41";"6211";"6301";"0,00210355249700058";"0,00164369507511693";"FALSE";"FALSE";"NoCorrelated";"0,119413919413919";"0,163401815575729";"NaN"
"42";"6213";"6302";"0,00200527573860483";"0,00147924747117302";"FALSE";"FALSE";"NoCorrelated";"0,124594257178527";"0,171403877021855";"NaN"
"43";"6215";"6303";"0,00115862875517123";"0,000804687544421582";"FALSE";"FALSE";"NoCorrelated";"0,136874361593463";"0,189853592100783";"NaN"
"44";"6217";"6304";"0,00121853181137487";"0,000814585207785728";"FALSE";"FALSE";"NoCorrelated";"0,145245559038663";"0,200151456447466";"NaN"
"45";"6219";"6305";"0,000599957210622487";"0,000245957060197255";"FALSE";"FALSE";"NoCorrelated";"0,156375300721732";"0,212491798498214";"NaN"
"46";"2516";"2616";"0,0693236037421925";"0,0268711385125888";"FALSE";"FALSE";"NoCorrelated";"0,0095049504950495";"0,013080955154339";"NaN"
"47";"2518";"2617";"0,0898481661989511";"0,0388199983304893";"FALSE";"FALSE";"NoCorrelated";"0,0355555555555556";"0,0570897089708971";"NaN"
"48";"2520";"2618";"0,0874384943691464";"0,0379954021754418";"FALSE";"FALSE";"NoCorrelated";"0,0521541950113379";"0,0823376623376623";"NaN"
"49";"2522";"2619";"0,0625332923144462";"0,0349690357893557";"FALSE";"FALSE";"NoCorrelated";"0,0814222596254997";"0,125324356546742";"NaN"
"50";"2524";"2620";"0,0842550572107117";"0,0607957713501179";"TRUE";"FALSE";"NoCorrelated";"0,100085910652921";"0,156480117820324";"0,0925607460725089"
"51";"2526";"2621";"0,0496253960456889";"0,0331962554796224";"FALSE";"FALSE";"NoCorrelated";"0,134210526315789";"0,210594139989148";"NaN"
"52";"2528";"2622";"0,0690053734268035";"0,0767719042640217";"TRUE";"FALSE";"NoCorrelated";"0,149384098544233";"0,230949048152296";"0,155343358511815"
"53";"2530";"2623";"0,0469752008073877";"0,0921768308977339";"FALSE";"FALSE";"NoCorrelated";"0,170441546556852";"0,26257992269624";"NaN"
"54";"2532";"2624";"0,0218130246779897";"0,0691511474953981";"FALSE";"FALSE";"NoCorrelated";"0,196820944366526";"0,300707230461639";"NaN"
"55";"2534";"2625";"0,025826240647656";"0,0874356444161304";"FALSE";"FALSE";"NoCorrelated";"0,208791208791209";"0,321794614922245";"NaN"
"56";"2536";"2626";"0,0246846191643189";"0,0992958281745421";"FALSE";"FALSE";"NoCorrelated";"0,218070818070818";"0,335212613473483";"NaN"
"57";"2538";"2627";"0,0156655186947472";"0,0657615241090316";"FALSE";"FALSE";"NoCorrelated";"0,238451935081149";"0,366127505453348";"NaN"
"58";"2540";"2628";"0,0246257607895352";"0,122999179076023";"FALSE";"FALSE";"NoCorrelated";"0,281920326864147";"0,427664283282261";"NaN"
"59";"2542";"2629";"0,0468628420720453";"0,23379754453862";"FALSE";"FALSE";"NoCorrelated";"0,29362591431557";"0,446849353668416";"NaN"
"60";"2544";"2630";"0,322216085510165";"0,282985453287981";"TRUE";"FALSE";"NoCorrelated";"0,295375568029938";"0,455784792593133";"0,390223532128841"
"61";"6563";"6663";"0,000139007571600666";"0,00315550685421586";"FALSE";"FALSE";"NoCorrelated";"0,10019801980198";"0,147990681421083";"NaN"
"62";"6565";"6664";"0,000104211379233358";"0,00210768816824791";"FALSE";"FALSE";"NoCorrelated";"0,094949494949495";"0,141902190219022";"NaN"
"63";"6567";"6665";"0,000115455952387918";"0,00211636820870851";"FALSE";"FALSE";"NoCorrelated";"0,0962688105545248";"0,144502164502164";"NaN"
"64";"6569";"6666";"0,00010353734876695";"0,00169957582765142";"FALSE";"FALSE";"NoCorrelated";"0,0974121607405849";"0,148365625537938";"NaN"
"65";"6571";"6667";"8,92295558643544e-05";"0,0012639124337885";"FALSE";"FALSE";"NoCorrelated";"0,0970790378006873";"0,148182726698927";"NaN"
"66";"6573";"6668";"8,24483108020525e-05";"0,000988539279385348";"FALSE";"FALSE";"NoCorrelated";"0,081578947368421";"0,128960933260988";"NaN"
"67";"6575";"6669";"0,000110124921303522";"0,00143067158118758";"FALSE";"FALSE";"NoCorrelated";"0,0812989921612542";"0,12964725643897";"NaN"
"68";"6577";"6670";"0,000157998503198171";"0,00216609951183995";"FALSE";"FALSE";"NoCorrelated";"0,0963166323495768";"0,153386554925405";"NaN"
"69";"6579";"6671";"0,000209809371791557";"0,00288658458593803";"FALSE";"FALSE";"NoCorrelated";"0,103319308087892";"0,165244248157321";"NaN"
"70";"6581";"6672";"0,000256451559879331";"0,00353359081392119";"FALSE";"FALSE";"NoCorrelated";"0,105590062111801";"0,172094385278116";"NaN"
"71";"6583";"6673";"0,000494761892019514";"0,00668776372804598";"FALSE";"FALSE";"NoCorrelated";"0,096947496947497";"0,160264373307852";"NaN"
"72";"6585";"6674";"0,000557069793527876";"0,00637560725210028";"FALSE";"FALSE";"NoCorrelated";"0,0971285892634207";"0,157509157509158";"NaN"
"73";"6587";"6675";"0,000737093096020667";"0,00754743322426547";"FALSE";"FALSE";"NoCorrelated";"0,0893769152196119";"0,146373850868233";"NaN"
"74";"6589";"6676";"0,00114181685047505";"0,0105942565895963";"FALSE";"FALSE";"NoCorrelated";"0,0966562173458725";"0,155771195097038";"NaN"
"75";"6591";"6677";"0,00114391079606611";"0,0103933930551812";"FALSE";"FALSE";"NoCorrelated";"0,0959636460839348";"0,161150397317198";"NaN"
"76";"8372";"8472";"0,125013424698354";"0,117745398406079";"TRUE";"FALSE";"NoCorrelated";"0,233267326732673";"0,338846825859056";"0,391667949557476"
"77";"8374";"8473";"0,134229549778254";"0,102842424440253";"TRUE";"FALSE";"NoCorrelated";"0,212121212121212";"0,309258925892589";"0,365442447852505"
"78";"8376";"8474";"0,13453295015967";"0,105901278098461";"TRUE";"FALSE";"NoCorrelated";"0,184910327767471";"0,267470624613482";"0,335985384481848"
"79";"8378";"8475";"0,120010051919918";"0,0857647336118358";"TRUE";"FALSE";"NoCorrelated";"0,171470650115716";"0,245529139490848";"0,311912838233675"
"80";"8380";"8476";"0,133998112443403";"0,0906993457888609";"TRUE";"FALSE";"NoCorrelated";"0,156786941580756";"0,224476646328635";"0,302230346617585"
"81";"8382";"8477";"0,211606469100833";"0,125393859074403";"TRUE";"FALSE";"NoCorrelated";"0,147368421052632";"0,210132935431362";"0,307718055351543"
"82";"8384";"8478";"0,176860546917813";"0,110446776002891";"TRUE";"FALSE";"NoCorrelated";"0,131914893617021";"0,187877939529675";"0,30041296295285"
"83";"8386";"8479";"0,151145765611693";"0,0863682869693953";"TRUE";"FALSE";"NoCorrelated";"0,117822008693663";"0,167243434598851";"0,29155370786891"
"84";"8388";"8480";"0,0853127918924985";"0,0537687628209311";"TRUE";"FALSE";"NoCorrelated";"0,0958391771856008";"0,131688102414133";"0,267658096468203"
"85";"8390";"8481";"0,102164285105219";"0,0627507337183361";"TRUE";"FALSE";"NoCorrelated";"0,0917343526039178";"0,124069478908189";"0,271125346337006"
"86";"8392";"8482";"0,186961660560652";"0,104891506229442";"TRUE";"FALSE";"NoCorrelated";"0,0881562881562882";"0,119652810957159";"0,288724587213129"
"87";"8394";"8483";"0,18951560523036";"0,0999301219096494";"TRUE";"FALSE";"NoCorrelated";"0,0761548064918851";"0,106029550973371";"0,299996091079956"
"88";"8396";"8484";"0,173668777406642";"0,0826206788914923";"TRUE";"FALSE";"NoCorrelated";"0,0250255362614913";"0,0317330609465441";"0,187683688891513"
"89";"8398";"8485";"0,135128055787418";"0,0658768437647238";"TRUE";"FALSE";"NoCorrelated";"-0,0026123301985371";"-0,00935155507026875";"0,159004370975198"
"90";"8400";"8486";"0,109794555491113";"0,0453278727895364";"FALSE";"FALSE";"NoCorrelated";"-0,0232558139534884";"-0,0388933440256616";"NaN"
"91";"7342";"7442";"0,00756795632206485";"0,0127240812928949";"FALSE";"FALSE";"NoCorrelated";"0,151287128712871";"0,21784507862551";"NaN"
"92";"7344";"7443";"0,00822988779964109";"0,0136949129035547";"FALSE";"FALSE";"NoCorrelated";"0,141818181818182";"0,203948394839484";"NaN"
"93";"7346";"7444";"0,0147770100279344";"0,033786936297836";"FALSE";"FALSE";"NoCorrelated";"0,142857142857143";"0,203525046382189";"NaN"
"94";"7348";"7445";"0,0131706363971978";"0,0266950999019748";"FALSE";"FALSE";"NoCorrelated";"0,12434252051336";"0,177463675254544";"NaN"
"95";"7350";"7446";"0,00632725715346947";"0,0134064337581234";"FALSE";"FALSE";"NoCorrelated";"0,118986254295533";"0,171588996423312";"NaN"
"96";"7352";"7447";"0,00483535321449647";"0,0132233402348863";"FALSE";"FALSE";"NoCorrelated";"0,135526315789474";"0,191779706999457";"NaN"
"97";"7354";"7448";"0,00257502427700813";"0,00555892215433709";"FALSE";"FALSE";"NoCorrelated";"0,146696528555431";"0,20531914893617";"NaN"
"98";"7356";"7449";"0,00382028584993546";"0,00933048469961079";"FALSE";"FALSE";"NoCorrelated";"0,152596659803249";"0,215186215366832";"NaN"
"99";"7358";"7450";"0,00221195426864337";"0,00448192900822091";"FALSE";"FALSE";"NoCorrelated";"0,14726507713885";"0,211825967592731";"NaN"
"100";"7360";"7451";"0,0154951767162485";"0,011978443806194";"FALSE";"FALSE";"NoCorrelated";"0,156235069278548";"0,224511813572122";"NaN"
"101";"7362";"7452";"0,00909607799821339";"0,00811741739864412";"FALSE";"FALSE";"NoCorrelated";"0,137484737484737";"0,196225513616818";"NaN"
"102";"7364";"7453";"0,00796895163157189";"0,00966946848504641";"FALSE";"FALSE";"NoCorrelated";"0,116104868913858";"0,163435815121208";"NaN"
"103";"7366";"7454";"0,052782653201674";"0,0262115167529183";"FALSE";"FALSE";"NoCorrelated";"0,10367722165475";"0,14230507320395";"NaN"
"104";"7368";"7455";"0,0275827251924011";"0,00948590193948367";"FALSE";"FALSE";"NoCorrelated";"0,0898641588296761";"0,124405621499771";"NaN"
"105";"7370";"7456";"0,0501008830036269";"0,0232430204537445";"FALSE";"FALSE";"NoCorrelated";"0,0772520716385993";"0,108533206969454";"NaN"
"106";"5823";"5923";"2,14458326622766e-17";"3,7e-24";"FALSE";"FALSE";"NoCorrelated";"0,240792079207921";"0,365509609784508";"NaN"
"107";"5825";"5924";"3,02412269500726e-17";"3,7e-24";"FALSE";"FALSE";"NoCorrelated";"0,234747474747475";"0,356123612361236";"NaN"
"108";"5827";"5925";"2,96952168884423e-17";"3,7e-24";"FALSE";"FALSE";"NoCorrelated";"0,225726654298083";"0,339925788497217";"NaN"
"109";"5829";"5926";"5,93946818242958e-17";"3,7e-24";"FALSE";"FALSE";"NoCorrelated";"0,234588680833158";"0,349705767967918";"NaN"
"110";"5831";"5927";"7,93758577580725e-17";"3,7e-24";"FALSE";"FALSE";"NoCorrelated";"0,238831615120275";"0,354657584683358";"NaN"
"111";"5833";"5928";"1,49296877694015e-16";"3,7e-24";"FALSE";"FALSE";"NoCorrelated";"0,235087719298246";"0,347232772653283";"NaN"
"112";"5835";"5929";"2,32774689113436e-16";"3,7e-24";"FALSE";"FALSE";"NoCorrelated";"0,234490481522956";"0,343966965285554";"NaN"
"113";"5837";"5930";"3,0487857426407e-16";"3,7e-24";"FALSE";"FALSE";"NoCorrelated";"0,23495767558911";"0,345562258425749";"NaN"
"114";"5839";"5931";"3,69635824527054e-16";"3,7e-24";"FALSE";"FALSE";"NoCorrelated";"0,219261337073399";"0,321655575781087";"NaN"
"115";"5841";"5932";"8,87295686336777e-16";"3,7e-24";"FALSE";"FALSE";"NoCorrelated";"0,212613473483039";"0,312269777907927";"NaN"
"116";"5843";"5933";"1,42878823777119e-15";"4,12639221438683e-24";"FALSE";"FALSE";"NoCorrelated";"0,207814407814408";"0,304650422041726";"NaN"
"117";"5845";"5934";"4,97129943485928e-15";"3,7e-24";"FALSE";"FALSE";"NoCorrelated";"0,216479400749064";"0,316738692019591";"NaN"
"118";"5847";"5935";"9,18113756229389e-15";"4,15516996826573e-23";"FALSE";"FALSE";"NoCorrelated";"0,216547497446374";"0,319288389513109";"NaN"
"119";"5849";"5936";"2,97515773801454e-14";"3,89918869459073e-23";"FALSE";"FALSE";"NoCorrelated";"0,227272727272727";"0,337184318974323";"NaN"
"120";"5851";"5937";"6,4664874988879e-14";"1,89254218708506e-22";"FALSE";"FALSE";"NoCorrelated";"0,228548516439455";"0,339633301742363";"NaN"
"121";"5058";"5158";"0,060016121353835";"0,0164513827897408";"FALSE";"FALSE";"NoCorrelated";"0,015049504950495";"0,0217239370995923";"NaN"
"122";"5060";"5159";"0,0816361899098042";"0,0218674289005752";"FALSE";"FALSE";"NoCorrelated";"0,00242424242424242";"0,00564056405640564";"NaN"
"123";"5062";"5160";"0,109204953169313";"0,0313179590611126";"FALSE";"FALSE";"NoCorrelated";"0,00886415172129458";"0,0173160173160173";"NaN"
"124";"5064";"5161";"0,162200897807843";"0,0551702042322055";"TRUE";"FALSE";"NoCorrelated";"0,0183042289080581";"0,0330955249953777";"0,00542810609330573"
"125";"5066";"5162";"0,203636957219484";"0,0859405796003354";"TRUE";"FALSE";"NoCorrelated";"0,0270618556701031";"0,0455633284241532";"0,0119811457796621"
"126";"5068";"5163";"0,200504757466781";"0,0797472738968275";"TRUE";"FALSE";"NoCorrelated";"0,0434210526315789";"0,0704150841020076";"0,0293225590388114"
"127";"5070";"5164";"0,207793120610656";"0,0813506667251839";"TRUE";"FALSE";"NoCorrelated";"0,0593505039193729";"0,0960246360582307";"0,0705883850591085"
"128";"5072";"5165";"0,184560499403017";"0,0679826114732453";"TRUE";"FALSE";"NoCorrelated";"0,0674902768245253";"0,114200050572554";"0,0861376065671553"
"129";"5074";"5166";"0,165582663680389";"0,0565171990397335";"TRUE";"FALSE";"NoCorrelated";"0,0677886863020103";"0,115857479633553";"0,0900979257683102"
"130";"5076";"5167";"0,256145776935957";"0,106149843527536";"TRUE";"FALSE";"NoCorrelated";"0,0654562828475872";"0,114005209376878";"0,0875156535685099"
"131";"5078";"5168";"0,229635797695942";"0,0852896484701353";"TRUE";"FALSE";"NoCorrelated";"0,051037851037851";"0,0900780379041249";"0,0633327866415053"
"132";"5080";"5169";"0,22840688736231";"0,0748607917744586";"TRUE";"FALSE";"NoCorrelated";"0,0292134831460674";"0,0570193851092727";"0,0199484684734024"
"133";"5082";"5170";"0,161767891873198";"0,0419521307516209";"FALSE";"FALSE";"NoCorrelated";"0,0454545454545455";"0,0846612189308819";"NaN"
"134";"5084";"5171";"0,117879793492189";"0,0323188983811547";"FALSE";"FALSE";"NoCorrelated";"0,0590386624869384";"0,105808178648163";"NaN"
"135";"5086";"5172";"0,117759739543136";"0,0328327183134162";"FALSE";"FALSE";"NoCorrelated";"0,0558674151296445";"0,0978165779689436";"NaN"
"136";"361";"461";"0,55627393343967";"0,716721033484629";"TRUE";"FALSE";"NoCorrelated";"0,0324752475247525";"0,0548281887012231";"0,0438341471993282"
"137";"363";"462";"0,590760089391175";"0,766801727895213";"TRUE";"FALSE";"NoCorrelated";"0,0549494949494949";"0,0894209420942094";"0,066361552138571"
"138";"365";"463";"0,522227013702648";"0,629703434923542";"TRUE";"FALSE";"NoCorrelated";"0,0636982065553494";"0,10126159554731";"0,0722537166039015"
"139";"367";"464";"0,490535038388599";"0,572543484584372";"TRUE";"FALSE";"NoCorrelated";"0,0687986534820113";"0,111043105152089";"0,0776929809389183"
"140";"369";"465";"0,449408385698574";"0,568469374990363";"TRUE";"FALSE";"NoCorrelated";"0,0618556701030928";"0,101659478224279";"0,0736893626284798"
"141";"371";"466";"0,413906022007925";"0,627199980473951";"TRUE";"FALSE";"NoCorrelated";"0,0776315789473684";"0,123521432447097";"0,0918061826534994"
"142";"373";"467";"0,356944769365311";"0,607534567349721";"TRUE";"FALSE";"NoCorrelated";"0,0826427771556551";"0,132642777155655";"0,103096307692432"
"143";"375";"468";"0,486069575221341";"0,667432283384461";"TRUE";"FALSE";"NoCorrelated";"0,0871654083733699";"0,140468879817939";"0,107672999160965"
"144";"377";"469";"0,414185532136382";"0,642490636775997";"TRUE";"FALSE";"NoCorrelated";"0,0598410472183263";"0,0973560920294829";"0,0676673443137613"
"145";"379";"470";"0,250800774778274";"0,514198821299492";"TRUE";"FALSE";"NoCorrelated";"0,0396559961777353";"0,0637609235084691";"0,0346071955143123"
"146";"381";"471";"0,174440393285617";"0,401331756546029";"TRUE";"FALSE";"NoCorrelated";"0,0266178266178266";"0,0417104634495939";"0,0161575500750548"
"147";"383";"472";"0,133211761758015";"0,296062690554522";"TRUE";"FALSE";"NoCorrelated";"0,00724094881398252";"0,011120714491501";"-0,0107029153445178"
"148";"385";"473";"0,0593689184778871";"0,137257871011503";"TRUE";"FALSE";"NoCorrelated";"-0,0137895812053115";"-0,0191862444671433";"-0,0533693605238817"
"149";"387";"474";"0,0279322293623601";"0,070410655386791";"FALSE";"FALSE";"NoCorrelated";"-0,0407523510971787";"-0,0596139621711106";"NaN"
"150";"389";"475";"0,00801275966958511";"0,018295457328421";"FALSE";"FALSE";"NoCorrelated";"-0,0804597701149425";"-0,119104031493767";"NaN"
"151";"8632";"8732";"0,0324254256726373";"0,0863703412242475";"FALSE";"FALSE";"NoCorrelated";"0,15960396039604";"0,238112987769365";"NaN"
"152";"8634";"8733";"0,0321931508722207";"0,0710976218444235";"FALSE";"FALSE";"NoCorrelated";"0,156767676767677";"0,232319231923192";"NaN"
"153";"8636";"8734";"0,0314447271601922";"0,0622753908505837";"FALSE";"FALSE";"NoCorrelated";"0,146980004122861";"0,218614718614719";"NaN"
"154";"8638";"8735";"0,0459241995126831";"0,0827475131326634";"FALSE";"FALSE";"NoCorrelated";"0,134020618556701";"0,200517695363056";"NaN"
"155";"8640";"8736";"0,0549553224233708";"0,0932677261169702";"TRUE";"FALSE";"NoCorrelated";"0,118127147766323";"0,179150010519672";"0,128278398328931"
"156";"8642";"8737";"0,0391478354565335";"0,0739856835798725";"FALSE";"FALSE";"NoCorrelated";"0,0947368421052631";"0,14628323385784";"NaN"
"157";"8644";"8738";"0,0326554446494954";"0,044117399057599";"FALSE";"FALSE";"NoCorrelated";"0,0795072788353863";"0,125545912653975";"NaN"
"158";"8646";"8739";"0,0243855394942891";"0,0247263697714809";"FALSE";"FALSE";"NoCorrelated";"0,0770990619995424";"0,117162157280642";"NaN"
"159";"8648";"8740";"0,0221108874397315";"0,0191087291076361";"FALSE";"FALSE";"NoCorrelated";"0,0748013090229079";"0,111485780788398";"NaN"
"160";"8650";"8741";"0,0165513416997069";"0,0108442524089249";"FALSE";"FALSE";"NoCorrelated";"0,0912565695174391";"0,132376739669867";"NaN"
"161";"8652";"8742";"0,0176068122401728";"0,00819564464481303";"FALSE";"FALSE";"NoCorrelated";"0,0671550671550672";"0,0956681000159261";"NaN"
"162";"8654";"8743";"0,0162217950186097";"0,00636165298121512";"FALSE";"FALSE";"NoCorrelated";"0,0471910112359551";"0,0692513479030333";"NaN"
"163";"8656";"8744";"0,0228776046406226";"0,012063382849521";"FALSE";"FALSE";"NoCorrelated";"0,0572012257405516";"0,083946203609125";"NaN"
"164";"8658";"8745";"0,0319757896833561";"0,0249476495261325";"FALSE";"FALSE";"NoCorrelated";"0,0574712643678161";"0,0870170124335177";"NaN"
"165";"8660";"8746";"0,0274032891608819";"0,019014513541305";"FALSE";"FALSE";"NoCorrelated";"0,0686982090350174";"0,101315885397682";"NaN"
"166";"4928";"5028";"0,0171879253308485";"0,157678060010475";"FALSE";"FALSE";"NoCorrelated";"0,107722772277228";"0,17668025626092";"NaN"
"167";"4930";"5029";"0,0273657109904765";"0,190129199389608";"FALSE";"FALSE";"NoCorrelated";"0,0880808080808081";"0,145610561056106";"NaN"
"168";"4932";"5030";"0,0322469620180221";"0,20203816148072";"FALSE";"FALSE";"NoCorrelated";"0,0871985157699443";"0,144514533085962";"NaN"
"169";"4934";"5031";"0,029656390645156";"0,147838231094795";"FALSE";"FALSE";"NoCorrelated";"0,0641699978960656";"0,110851838392339";"NaN"
"170";"4936";"5032";"0,0406257893270692";"0,174624690022487";"FALSE";"FALSE";"NoCorrelated";"0,0425257731958763";"0,0781348621922996";"NaN"
"171";"4938";"5033";"0,0288963129938287";"0,116105005940849";"FALSE";"FALSE";"NoCorrelated";"0,0219298245614035";"0,0460661964188823";"NaN"
"172";"4940";"5034";"0,0261372715810205";"0,100072261591371";"FALSE";"FALSE";"NoCorrelated";"0,0132138857782755";"0,0329787234042553";"NaN"
"173";"4942";"5035";"0,019906599572646";"0,064776509742317";"FALSE";"FALSE";"NoCorrelated";"0,0167009837565774";"0,0371419282592205";"NaN"
"174";"4944";"5036";"0,022570145478264";"0,064359348728693";"FALSE";"FALSE";"NoCorrelated";"0,00607760635811127";"0,0208886634239503";"NaN"
"175";"4946";"5037";"0,0199995869165553";"0,0547445408438517";"FALSE";"FALSE";"NoCorrelated";"-0,0262780697563306";"-0,0264630180478708";"NaN"
"176";"4948";"5038";"0,0212352742681996";"0,0621107188803674";"FALSE";"FALSE";"NoCorrelated";"-0,0481074481074481";"-0,0602643733078516";"NaN"
"177";"4950";"5039";"0,0236065295638231";"0,0702957607619443";"FALSE";"FALSE";"NoCorrelated";"-0,0716604244694132";"-0,0942256245627032";"NaN"
"178";"4952";"5040";"0,0291633224215149";"0,0448681673129559";"FALSE";"FALSE";"NoCorrelated";"-0,0638406537282942";"-0,0825502213142663";"NaN"
"179";"4954";"5041";"0,0337695682504951";"0,0503314314162925";"FALSE";"FALSE";"NoCorrelated";"-0,0747126436781609";"-0,0996618646754253";"NaN"
"180";"4956";"5042";"0,0698277839854521";"0,0701579809596505";"TRUE";"FALSE";"NoCorrelated";"-0,0975674953221064";"-0,132189983232485";"-0,14584907055217"
"181";"6785";"6885";"6,27800483357364e-06";"0,0259528611857508";"FALSE";"FALSE";"NoCorrelated";"-0,111287128712871";"-0,164239953407105";"NaN"
"182";"6787";"6886";"1,61674705418571e-05";"0,0358400672428558";"FALSE";"FALSE";"NoCorrelated";"-0,0925252525252525";"-0,134149414941494";"NaN"
"183";"6789";"6887";"1,40160710169876e-05";"0,0310030646414909";"FALSE";"FALSE";"NoCorrelated";"-0,100391671820243";"-0,146691403834261";"NaN"
"184";"6791";"6888";"1,64662950463516e-05";"0,0360944384154923";"FALSE";"FALSE";"NoCorrelated";"-0,0990953082263833";"-0,146848242577256";"NaN"
"185";"6793";"6889";"1,70008380380278e-05";"0,0341056540725104";"FALSE";"FALSE";"NoCorrelated";"-0,0962199312714777";"-0,141989269934778";"NaN"
"186";"6795";"6890";"2,99768691980626e-05";"0,03292167133101";"FALSE";"FALSE";"NoCorrelated";"-0,075";"-0,110295713510581";"NaN"
"187";"6797";"6891";"3,36643468844987e-05";"0,0151793550245616";"FALSE";"FALSE";"NoCorrelated";"-0,0629339305711086";"-0,0901175811870101";"NaN"
"188";"6799";"6892";"3,82290450229029e-05";"0,0153261067037801";"FALSE";"FALSE";"NoCorrelated";"-0,0555936856554564";"-0,0784669291623018";"NaN"
"189";"6801";"6893";"2,29776184588362e-05";"0,00820624710298804";"FALSE";"FALSE";"NoCorrelated";"-0,0448807854137447";"-0,0622034555817493";"NaN"
"190";"6803";"6894";"2,91257981567131e-05";"0,00929355418376319";"FALSE";"FALSE";"NoCorrelated";"-0,0334448160535117";"-0,043601559730592";"NaN"
"191";"6805";"6895";"2,89714372784136e-05";"0,00986938212279926";"FALSE";"FALSE";"NoCorrelated";"-0,0246642246642247";"-0,0297658862876254";"NaN"
"192";"6807";"6896";"6,48450512328133e-05";"0,0168216906788216";"FALSE";"FALSE";"NoCorrelated";"0,00823970037453184";"0,0204716631682924";"NaN"
"193";"6809";"6897";"0,000105121018201935";"0,0281986430547877";"FALSE";"FALSE";"NoCorrelated";"0,0214504596527068";"0,0397854954034729";"NaN"
"194";"6811";"6898";"0,000152098964007986";"0,0402371096945836";"FALSE";"FALSE";"NoCorrelated";"0,0208986415882968";"0,0386566165334085";"NaN"
"195";"6813";"6899";"0,000150607807519521";"0,0367358181807876";"FALSE";"FALSE";"NoCorrelated";"0,0323442929697942";"0,0519063935262812";"NaN"
"196";"2576";"2676";"0,0163443315958008";"0,0353852706370768";"FALSE";"TRUE";"YesCorrelated";"0,458613861386139";"0,672894583576005";"NaN"
"197";"2578";"2677";"0,0252059791004342";"0,0573692057577574";"FALSE";"TRUE";"YesCorrelated";"0,462626262626263";"0,680876087608761";"NaN"
"198";"2580";"2678";"0,0210332705531867";"0,0404234604815819";"FALSE";"TRUE";"YesCorrelated";"0,459905174190888";"0,681224489795918";"NaN"
"199";"2582";"2679";"0,0234348282376465";"0,0401363252123869";"FALSE";"TRUE";"YesCorrelated";"0,454239427729855";"0,679602675184413";"NaN"
"200";"2584";"2680";"0,0161089641191731";"0,0214707541272641";"FALSE";"TRUE";"YesCorrelated";"0,456185567010309";"0,682121817799285";"NaN"
"201";"2586";"2681";"0,0116731846756417";"0,0142591980931806";"FALSE";"TRUE";"YesCorrelated";"0,460526315789474";"0,687032013022246";"NaN"
"202";"2588";"2682";"0,00878358291683723";"0,00821136915644308";"FALSE";"TRUE";"YesCorrelated";"0,45531914893617";"0,683300671892497";"NaN"
"203";"2590";"2683";"0,00563379225645805";"0,00426056904688015";"FALSE";"TRUE";"YesCorrelated";"0,454129489819263";"0,682751146913268";"NaN"
"204";"2592";"2684";"0,00346028031088984";"0,00175314668286239";"FALSE";"TRUE";"YesCorrelated";"0,449742870500234";"0,680880904777536";"NaN"
"205";"2594";"2685";"0,00278868602947811";"0,00105223007348618";"FALSE";"TRUE";"YesCorrelated";"0,446727185857621";"0,679684971410077";"NaN"
"206";"2596";"2686";"0,00163258583331591";"0,000396835470023682";"FALSE";"TRUE";"YesCorrelated";"0,444688644688645";"0,679073100812231";"NaN"
"207";"2598";"2687";"0,00154821999376863";"0,000394284788770096";"FALSE";"TRUE";"YesCorrelated";"0,450686641697878";"0,687615755031485";"NaN"
"208";"2600";"2688";"0,00170525329447636";"0,000484963649665121";"FALSE";"TRUE";"YesCorrelated";"0,453524004085802";"0,688270343888322";"NaN"
"209";"2602";"2689";"0,00138614611080553";"0,000351755292017831";"FALSE";"TRUE";"YesCorrelated";"0,449843260188088";"0,684970589271248";"NaN"
"210";"2604";"2690";"0,000766487796421636";"0,000127587152662509";"FALSE";"TRUE";"YesCorrelated";"0,432237369687249";"0,67288765765109";"NaN"
"211";"4360";"4460";"0,0161993821215612";"0,0800226955989437";"FALSE";"FALSE";"NoCorrelated";"0,202772277227723";"0,308701223063483";"NaN"
"212";"4362";"4461";"0,0220987796920668";"0,111511520833538";"FALSE";"FALSE";"NoCorrelated";"0,210909090909091";"0,32019201920192";"NaN"
"213";"4364";"4462";"0,0278770108986496";"0,117005750530322";"FALSE";"FALSE";"NoCorrelated";"0,223252937538652";"0,339381570810142";"NaN"
"214";"4366";"4463";"0,0324655491714251";"0,11210029988177";"FALSE";"FALSE";"NoCorrelated";"0,227856090889964";"0,347474322437504";"NaN"
"215";"4368";"4464";"0,0271320140009519";"0,0976211038575674";"FALSE";"FALSE";"NoCorrelated";"0,234536082474227";"0,358720807910793";"NaN"
"216";"4370";"4465";"0,0294456223658397";"0,0824256729365205";"FALSE";"FALSE";"NoCorrelated";"0,240350877192982";"0,37319587628866";"NaN"
"217";"4372";"4466";"0,0215874422174754";"0,0622502085988243";"FALSE";"FALSE";"NoCorrelated";"0,260918253079507";"0,409070548712206";"NaN"
"218";"4374";"4467";"0,0194232332185779";"0,0551995593953708";"FALSE";"FALSE";"NoCorrelated";"0,257835735529627";"0,406075931076834";"NaN"
"219";"4376";"4468";"0,0364741594850888";"0,0917084351254256";"FALSE";"FALSE";"NoCorrelated";"0,273492286115007";"0,432783265196503";"NaN"
"220";"4378";"4469";"0,0493027437914795";"0,10306694407384";"FALSE";"FALSE";"NoCorrelated";"0,276158623984711";"0,440438943945255";"NaN"
"221";"4380";"4470";"0,0997402531863076";"0,217869590632364";"TRUE";"FALSE";"NoCorrelated";"0,295726495726496";"0,47214524605829";"0,552651459544332"
"222";"4382";"4471";"0,143775147088997";"0,263579809436132";"TRUE";"FALSE";"NoCorrelated";"0,31585518102372";"0,494949993826398";"0,558930866170355"
"223";"4384";"4472";"0,172267132157098";"0,287371523771908";"TRUE";"TRUE";"YesCorrelated";"0,324821246169561";"0,510725229826354";"0,562748240743936"
"224";"4386";"4473";"0,246451986983111";"0,377339210232001";"TRUE";"TRUE";"YesCorrelated";"0,345872518286311";"0,536525659539995";"0,57015459406748"
"225";"4388";"4474";"0,304473821002614";"0,408909425084323";"TRUE";"TRUE";"YesCorrelated";"0,355787222667736";"0,547987898228475";"0,569644580928172"
