"";"initialIndex";"finalIndex";"shapiro";"ad";"normality";"trend";"outliers";"snht";"grubbs";"pettitt";"lanzante";"buishandU";"buishandRange"
"1";"685";"1283";"1,13491453187331e-08";"1,42211809146725e-14";"FALSE";"none";"TRUE";"0";"0,520899145361835";"9,91362113594708e-22";"5,81999955261656e-27";"NaN";"NaN"
"2";"687";"1284";"8,68553301394894e-09";"7,88299415435915e-15";"FALSE";"none";"TRUE";"0";"0,523801546054282";"4,45592782796867e-21";"2,57932046518021e-26";"NaN";"NaN"
"3";"689";"1285";"7,23946927777456e-09";"5,35281259471692e-15";"FALSE";"none";"TRUE";"0";"0,523270053235122";"2,07268872023772e-20";"1,20417563442397e-25";"NaN";"NaN"
"4";"691";"1286";"5,88384573573314e-09";"3,42392163293607e-15";"FALSE";"none";"TRUE";"0";"0,522899489079053";"8,89661798977312e-20";"5,16253625331967e-25";"NaN";"NaN"
"5";"693";"1287";"7,32542076898687e-09";"6,16889793866892e-15";"FALSE";"none";"TRUE";"0";"0,50529937525112";"3,18928184331211e-19";"1,91011546942151e-32";"NaN";"NaN"
"6";"695";"1288";"7,53955898094759e-09";"6,77130643228382e-15";"FALSE";"none";"TRUE";"0";"0,494810058447191";"8,30499275087962e-20";"3,7857282853565e-33";"NaN";"NaN"
"7";"697";"1289";"6,76689889319048e-09";"5,49494231583944e-15";"FALSE";"none";"TRUE";"0";"0,49034342511032";"2,34961440872887e-20";"8,78325304687186e-34";"NaN";"NaN"
"8";"699";"1290";"4,97014656041166e-09";"2,60492560736331e-15";"FALSE";"none";"TRUE";"0";"0,493711511155507";"7,05878904549413e-21";"2,29094057332278e-34";"NaN";"NaN"
"9";"701";"1291";"4,22896237394628e-09";"1,72669822737534e-15";"FALSE";"none";"TRUE";"0";"0,492220145541994";"1,85224617326854e-21";"4,91495149933129e-35";"NaN";"NaN"
"10";"703";"1292";"4,02496280016361e-09";"1,57388019093269e-15";"FALSE";"none";"TRUE";"0";"0,485062514328697";"4,6700612436146e-22";"1,01208823582881e-35";"NaN";"NaN"
"11";"705";"1293";"2,64923776755065e-09";"5,0564557966501e-16";"FALSE";"none";"TRUE";"0";"0,497099630337422";"1,40190138025995e-22";"2,79734429739577e-36";"NaN";"NaN"
"12";"707";"1294";"2,58920692498921e-09";"4,7928918892703e-16";"FALSE";"none";"TRUE";"0";"0,488017081897886";"3,23246196183639e-23";"5,22842206593374e-37";"NaN";"NaN"
"13";"709";"1295";"2,99494804001738e-09";"6,77849916124836e-16";"FALSE";"none";"TRUE";"0";"0,47178888540235";"5,37439444693609e-24";"6,04913912888957e-38";"NaN";"NaN"
"14";"711";"1296";"3,26071654031883e-09";"8,7979145731322e-16";"FALSE";"none";"TRUE";"0";"0,460161081857599";"1,07270583903338e-24";"9,52733677760961e-39";"NaN";"NaN"
"15";"713";"1297";"1,34968044516964e-20";"7,73498326464522e-22";"FALSE";"decrease";"TRUE";"0,543";"0";"1,58762181129829";"0,335462461732737";"NaN";"NaN"
"16";"715";"1298";"1,05176318338163e-20";"7,00843970343226e-22";"FALSE";"decrease";"TRUE";"0,409666666666667";"0";"1,61852518881756";"0,515144635082819";"NaN";"NaN"
"17";"717";"1299";"6,03163091274664e-21";"6,45432926150106e-22";"FALSE";"decrease";"TRUE";"0,996333333333333";"0";"1,62323968771491";"0,518126445731928";"NaN";"NaN"
"18";"719";"1300";"6,35828241136823e-21";"6,71528759455899e-22";"FALSE";"decrease";"TRUE";"0,997333333333333";"0";"1,64588495952918";"0,362652637012461";"NaN";"NaN"
"19";"721";"1301";"6,01812556027696e-21";"3,42564383737233e-22";"FALSE";"decrease";"TRUE";"0,985333333333333";"0";"1,4636752692764";"0,244414737606026";"NaN";"NaN"
"20";"723";"1302";"3,84704413736926e-21";"1,76982003937312e-22";"FALSE";"decrease";"TRUE";"0,374666666666667";"0";"1,45295241067914";"0,2340411901481";"NaN";"NaN"
"21";"725";"1303";"2,7367438226994e-21";"1,19936854601713e-22";"FALSE";"decrease";"TRUE";"0,999666666666667";"0";"1,48533249809425";"0,245769147255565";"NaN";"NaN"
"22";"727";"1304";"2,6079440499493e-21";"8,19708586682263e-23";"FALSE";"decrease";"TRUE";"0,984666666666667";"0";"1,59711410710132";"0,307465151015544";"NaN";"NaN"
"23";"729";"1305";"2,72904424079518e-21";"8,89766705245557e-23";"FALSE";"decrease";"TRUE";"0,553";"0";"1,62523274081778";"0,321416487271216";"NaN";"NaN"
"24";"731";"1306";"2,20314329541055e-21";"9,4535627437628e-23";"FALSE";"decrease";"TRUE";"0,998";"0";"1,54006393091059";"0,260073992930175";"NaN";"NaN"
"25";"733";"1307";"1,78827383774835e-21";"3,24929581032027e-23";"FALSE";"decrease";"TRUE";"0,996666666666667";"0";"1,53430832487154";"0,250785753757514";"NaN";"NaN"
"26";"735";"1308";"1,82201159798387e-21";"2,88401972256208e-23";"FALSE";"decrease";"TRUE";"0,951666666666667";"0";"1,64951827210391";"0,32131321170016";"NaN";"NaN"
"27";"737";"1309";"1,4531737233917e-21";"8,71822841592942e-24";"FALSE";"decrease";"TRUE";"0,944333333333333";"0";"1,63190411545986";"0,301706119027714";"NaN";"NaN"
"28";"739";"1310";"1,26975373314679e-21";"3,7e-24";"FALSE";"decrease";"TRUE";"0,729333333333333";"0";"1,6642513902597";"0,544410401101845";"NaN";"NaN"
"29";"741";"1311";"1,01715926922684e-21";"3,7e-24";"FALSE";"decrease";"TRUE";"0,742";"0";"1,61397522366073";"0,275239439528622";"NaN";"NaN"
"30";"743";"1312";"6,02776018059829e-22";"3,7e-24";"FALSE";"decrease";"TRUE";"0,36";"0";"1,60809351904642";"0,263951247317945";"NaN";"NaN"
"31";"8532";"9130";"3,44414230396592e-22";"3,7e-24";"FALSE";"increase";"TRUE";"0,999666666666667";"0";"1,82593127348429";"0,445150369209774";"NaN";"NaN"
"32";"8534";"9131";"3,39752590626703e-22";"3,7e-24";"FALSE";"increase";"TRUE";"0,999333333333333";"0";"1,86493310240846";"0,624851218176269";"NaN";"NaN"
"33";"8536";"9132";"3,97444489489335e-22";"3,7e-24";"FALSE";"increase";"TRUE";"1";"0";"1,7965937084404";"0,546460040289805";"NaN";"NaN"
"34";"8538";"9133";"5,74803263509847e-22";"3,7e-24";"FALSE";"increase";"TRUE";"0,841";"0";"1,70337968022276";"0,462507058013248";"NaN";"NaN"
"35";"8540";"9134";"7,54949528915963e-22";"3,7e-24";"FALSE";"increase";"TRUE";"0,991333333333333";"0";"1,78821069940039";"0,541289822628138";"NaN";"NaN"
"36";"8542";"9135";"9,25082820182365e-22";"3,7e-24";"FALSE";"increase";"TRUE";"0,999333333333333";"0";"1,71167305300411";"0,473094194621878";"NaN";"NaN"
"37";"8544";"9136";"1,23981426149487e-21";"3,7e-24";"FALSE";"increase";"TRUE";"0,832666666666667";"0";"1,60899188299289";"0,398299143232104";"NaN";"NaN"
"38";"8546";"9137";"1,55714562742989e-21";"3,7e-24";"FALSE";"increase";"TRUE";"0,689666666666667";"0";"1,50948435397634";"0,338689388665678";"NaN";"NaN"
"39";"8548";"9138";"2,22293103868478e-21";"3,7e-24";"FALSE";"increase";"TRUE";"0,447";"0";"1,62278250356341";"0,411526278554596";"NaN";"NaN"
"40";"8550";"9139";"2,55354535902159e-21";"3,7e-24";"FALSE";"increase";"TRUE";"0,611";"0";"1,71960963363218";"0,486869664000172";"NaN";"NaN"
"41";"8552";"9140";"2,77233228598131e-21";"3,7e-24";"FALSE";"increase";"TRUE";"0,851333333333333";"0";"1,73172019657854";"0,498873545025906";"NaN";"NaN"
"42";"8554";"9141";"3,15182059001716e-21";"3,7e-24";"FALSE";"increase";"TRUE";"0,998666666666667";"0";"1,66892908195264";"0,4501881577543";"NaN";"NaN"
"43";"8556";"9142";"3,99282178433722e-21";"3,7e-24";"FALSE";"increase";"TRUE";"0,813333333333333";"0";"1,74757547409052";"0,51605902749797";"NaN";"NaN"
"44";"8558";"9143";"4,06830402178787e-21";"3,7e-24";"FALSE";"increase";"TRUE";"0,963666666666667";"0";"1,70347091429501";"0,480432074480162";"NaN";"NaN"
"45";"8560";"9144";"5,29372242523706e-21";"3,7e-24";"FALSE";"increase";"TRUE";"0,786333333333333";"0";"1,78535265954626";"0,554388668664842";"NaN";"NaN"
"46";"8562";"9145";"6,38009733655709e-21";"3,7e-24";"FALSE";"increase";"TRUE";"0,103666666666667";"0";"1,70302943345692";"0,483377556641352";"NaN";"NaN"
"47";"8564";"9146";"8,60886565979148e-21";"3,7e-24";"FALSE";"increase";"TRUE";"0,893";"0";"1,79450526870904";"0,566349308440506";"NaN";"NaN"
"48";"8566";"9147";"1,22923453821329e-20";"3,7e-24";"FALSE";"increase";"TRUE";"0,564333333333333";"6,45039577307216e-14";"1,79946482508782";"0,0773482582911278";"NaN";"NaN"
"49";"8568";"9148";"1,69667339386515e-20";"3,7e-24";"FALSE";"increase";"TRUE";"0,118";"1,28785870856518e-13";"1,78537020372233";"0,560212456642163";"NaN";"NaN"
"50";"8570";"9149";"2,15018857739411e-20";"3,7e-24";"FALSE";"increase";"TRUE";"0,969666666666667";"1,28563826251593e-13";"1,82666703701801";"0,135291410068425";"NaN";"NaN"
"51";"8572";"9150";"2,78736129405281e-20";"3,7e-24";"FALSE";"increase";"TRUE";"0,997";"1,28341781646668e-13";"1,72844131107311";"0,0686229341919265";"NaN";"NaN"
"52";"8574";"9151";"2,96712969929494e-20";"3,7e-24";"FALSE";"increase";"TRUE";"0,995333333333333";"1,28119737041743e-13";"1,66821089065728";"0,0504084821612521";"NaN";"NaN"
"53";"8576";"9152";"4,02224571358337e-20";"3,7e-24";"FALSE";"increase";"TRUE";"0,993";"1,27897692436818e-13";"1,78497657731573";"0,134491211965839";"NaN";"NaN"
"54";"8578";"9153";"5,06361870446661e-20";"3,7e-24";"FALSE";"increase";"TRUE";"0,996333333333333";"1,27675647831893e-13";"1,67160413874003";"0,0687586948808148";"NaN";"NaN"
"55";"8580";"9154";"4,65243403767847e-20";"3,7e-24";"FALSE";"increase";"TRUE";"1";"1,27453603226968e-13";"1,75189651522801";"0,129204994567255";"NaN";"NaN"
"56";"8582";"9155";"5,13062728478233e-20";"3,7e-24";"FALSE";"increase";"TRUE";"1";"1,27231558622043e-13";"1,6815469078072";"0,0915125544901279";"NaN";"NaN"
"57";"8584";"9156";"6,51436748153608e-20";"3,7e-24";"FALSE";"increase";"TRUE";"1";"1,90514271025677e-13";"1,78930985284065";"0,188241203491007";"NaN";"NaN"
"58";"8586";"9157";"7,77344536203035e-20";"3,7e-24";"FALSE";"increase";"TRUE";"0,999666666666667";"1,90181204118289e-13";"1,70479363611281";"0,124450942838079";"NaN";"NaN"
"59";"8588";"9158";"8,26114146902213e-20";"3,7e-24";"FALSE";"increase";"TRUE";"0,999333333333333";"1,89848137210902e-13";"1,70996017989601";"0,137504895181752";"NaN";"NaN"
"60";"8590";"9159";"8,51947531781381e-20";"3,7e-24";"FALSE";"increase";"TRUE";"0,997666666666667";"2,52686760404686e-13";"1,69349039097507";"0,134844765237274";"NaN";"NaN"
"61";"5788";"6386";"2,37725810428406e-33";"3,7e-24";"FALSE";"increase";"TRUE";"0,996333333333333";"0";"1,61820448114117";"0,458765529689268";"NaN";"NaN"
"62";"5790";"6387";"2,55075537657672e-33";"3,7e-24";"FALSE";"increase";"TRUE";"0,998";"0";"1,55708424711197";"0,41887804497491";"NaN";"NaN"
"63";"5792";"6388";"3,42827762479473e-33";"3,7e-24";"FALSE";"increase";"TRUE";"0,812333333333333";"0";"1,63566687882607";"0,467099830034218";"NaN";"NaN"
"64";"5794";"6389";"3,82121185655439e-33";"3,7e-24";"FALSE";"increase";"TRUE";"0,998333333333333";"0";"1,58236618928555";"0,430785648299075";"NaN";"NaN"
"65";"5796";"6390";"4,33250024176999e-33";"3,7e-24";"FALSE";"increase";"TRUE";"0,999333333333333";"0";"1,58308370857291";"0,429431175479357";"NaN";"NaN"
"66";"5798";"6391";"5,77033961749888e-33";"3,7e-24";"FALSE";"increase";"TRUE";"0,849";"0";"1,59722408762867";"0,43651611812402";"NaN";"NaN"
"67";"5800";"6392";"6,57263741067318e-33";"3,7e-24";"FALSE";"increase";"TRUE";"0,997666666666667";"0";"1,64044746726445";"0,463306652637433";"NaN";"NaN"
"68";"5802";"6393";"7,37272717591676e-33";"3,7e-24";"FALSE";"increase";"TRUE";"0,998666666666667";"0";"1,66682147836909";"0,480051184010475";"NaN";"NaN"
"69";"5804";"6394";"9,07124906857713e-33";"3,7e-24";"FALSE";"increase";"TRUE";"0,996";"0";"1,67784976373447";"0,486243216578434";"NaN";"NaN"
"70";"5806";"6395";"1,11092971994793e-32";"3,7e-24";"FALSE";"increase";"TRUE";"0,998";"0";"1,67441632797975";"0,481790303682352";"NaN";"NaN"
"71";"5808";"6396";"1,21904727776652e-32";"3,7e-24";"FALSE";"increase";"TRUE";"0,999666666666667";"0";"1,64881448412678";"0,461362663833551";"NaN";"NaN"
"72";"5810";"6397";"1,31584599097358e-32";"3,7e-24";"FALSE";"increase";"TRUE";"0,999";"0";"1,62701840004932";"0,44422075618905";"NaN";"NaN"
"73";"5812";"6398";"1,8148375353655e-32";"3,7e-24";"FALSE";"increase";"TRUE";"0,734333333333333";"0";"1,67811672584272";"0,478476197875873";"NaN";"NaN"
"74";"5814";"6399";"2,23136774118751e-32";"3,7e-24";"FALSE";"increase";"TRUE";"0,999333333333333";"0";"1,64892582157932";"0,455087914052831";"NaN";"NaN"
"75";"5816";"6400";"2,4261275200968e-32";"3,7e-24";"FALSE";"increase";"TRUE";"0,998666666666667";"0";"1,66623745866275";"0,465352332702978";"NaN";"NaN"
"76";"5818";"6401";"2,79840482062533e-32";"3,7e-24";"FALSE";"increase";"TRUE";"0,999";"0";"1,63854493500762";"0,443248106586682";"NaN";"NaN"
"77";"5820";"6402";"3,00377599564711e-32";"3,7e-24";"FALSE";"increase";"TRUE";"0,999333333333333";"0";"1,5989530500794";"0,414132131883551";"NaN";"NaN"
"78";"5822";"6403";"3,30274521631923e-32";"3,7e-24";"FALSE";"increase";"TRUE";"0,997";"0";"1,64079385324499";"0,440026657048036";"NaN";"NaN"
"79";"5824";"6404";"3,93058735165674e-32";"3,7e-24";"FALSE";"increase";"TRUE";"0,999";"0";"1,72803884625024";"0,504739902551201";"NaN";"NaN"
"80";"5826";"6405";"4,38303640598717e-32";"3,7e-24";"FALSE";"increase";"TRUE";"0,999333333333333";"0";"1,67083930170571";"0,456835483803958";"NaN";"NaN"
"81";"5828";"6406";"4,76914696877641e-32";"3,7e-24";"FALSE";"increase";"TRUE";"0,998333333333333";"0";"1,6900401947679";"0,468961044131803";"NaN";"NaN"
"82";"5830";"6407";"5,97507765592621e-32";"3,7e-24";"FALSE";"increase";"TRUE";"0,993333333333333";"0";"1,68708613066158";"0,464035240676774";"NaN";"NaN"
"83";"5832";"6408";"6,70465515081377e-32";"3,7e-24";"FALSE";"increase";"TRUE";"0,995666666666667";"0";"1,71707458737253";"0,485520984457789";"NaN";"NaN"
"84";"5834";"6409";"9,15098772266265e-32";"3,7e-24";"FALSE";"increase";"TRUE";"0,852";"0";"1,64871688195813";"0,429660894336575";"NaN";"NaN"
"85";"5836";"6410";"1,22365574856584e-31";"3,7e-24";"FALSE";"increase";"TRUE";"0,864";"0";"1,70031251786499";"0,466228664612986";"NaN";"NaN"
"86";"5838";"6411";"1,39406484395367e-31";"3,7e-24";"FALSE";"increase";"TRUE";"0,999333333333333";"0";"1,7047229308205";"0,466904939438725";"NaN";"NaN"
"87";"5840";"6412";"1,69864851701288e-31";"3,7e-24";"FALSE";"increase";"TRUE";"0,992666666666667";"0";"1,70329361261386";"0,462740897295292";"NaN";"NaN"
"88";"5842";"6413";"1,89624835160371e-31";"3,7e-24";"FALSE";"increase";"TRUE";"0,998666666666667";"0";"1,67898030170156";"0,440218569441564";"NaN";"NaN"
"89";"5844";"6414";"2,21698573903119e-31";"3,7e-24";"FALSE";"increase";"TRUE";"0,999333333333333";"0";"1,71311853626299";"0,464650579242015";"NaN";"NaN"
"90";"5846";"6415";"2,71100237297448e-31";"3,7e-24";"FALSE";"increase";"TRUE";"0,998666666666667";"0";"1,69647417407451";"0,447593894236293";"NaN";"NaN"
"91";"2127";"2725";"2,12079205211695e-17";"5,72016308049303e-16";"FALSE";"increase";"TRUE";"0,989";"0";"1,50101203878663";"0,44007519344682";"NaN";"NaN"
"92";"2129";"2726";"1,64794355266432e-17";"2,04712861752654e-16";"FALSE";"increase";"TRUE";"1";"0";"1,51203917685614";"0,445470272541757";"NaN";"NaN"
"93";"2131";"2727";"1,56547181149442e-17";"2,24089098722433e-16";"FALSE";"increase";"TRUE";"0,996666666666667";"0";"1,3976188643784";"0,387211613825583";"NaN";"NaN"
"94";"2133";"2728";"1,51639350885667e-17";"1,66845676362128e-16";"FALSE";"increase";"TRUE";"1";"0";"1,50018627441087";"0,438085355547932";"NaN";"NaN"
"95";"2135";"2729";"1,65415232296951e-17";"2,24203282149455e-16";"FALSE";"increase";"TRUE";"0,997333333333333";"0";"1,47198142851778";"0,422793402882261";"NaN";"NaN"
"96";"2137";"2730";"1,43539668800048e-17";"2,90264165582814e-16";"FALSE";"increase";"TRUE";"0,997666666666667";"0";"1,5067171067299";"0,440450076621025";"NaN";"NaN"
"97";"2139";"2731";"1,34454896439514e-17";"1,97631359200286e-16";"FALSE";"increase";"TRUE";"1";"0";"1,44846079108321";"0,409679224106207";"NaN";"NaN"
"98";"2141";"2732";"1,36844751371982e-17";"1,76509060720464e-16";"FALSE";"increase";"TRUE";"0,999333333333333";"0";"1,48312549839546";"0,426785202800855";"NaN";"NaN"
"99";"2143";"2733";"1,31312681078093e-17";"1,17421856903958e-16";"FALSE";"increase";"TRUE";"0,781666666666667";"0";"1,30473617951948";"0,341500279802482";"NaN";"NaN"
"100";"2145";"2734";"8,07792102167281e-18";"9,78340714192097e-17";"FALSE";"increase";"TRUE";"0,996";"0";"1,26941603103076";"0,325770588305627";"NaN";"NaN"
"101";"2147";"2735";"8,4025755074413e-18";"9,61359463704942e-17";"FALSE";"increase";"TRUE";"0,997";"0";"1,37936989299061";"0,373672575354345";"NaN";"NaN"
"102";"2149";"2736";"9,12524013374936e-18";"1,21733446148041e-16";"FALSE";"increase";"TRUE";"0,999";"0";"1,38340460745723";"0,374850350871649";"NaN";"NaN"
"103";"2151";"2737";"1,00926387469675e-17";"1,78134735173554e-16";"FALSE";"increase";"TRUE";"0,997333333333333";"0";"1,41399342820924";"0,388687208291903";"NaN";"NaN"
"104";"2153";"2738";"1,03332382733515e-17";"1,53479863423944e-16";"FALSE";"increase";"TRUE";"0,722666666666667";"0";"1,47336029549816";"0,40337373687992";"NaN";"NaN"
"105";"2155";"2739";"7,46105974737883e-18";"5,74968765524029e-17";"FALSE";"increase";"TRUE";"0,990333333333333";"0";"1,32829846134864";"0,347474019262756";"NaN";"NaN"
"106";"2157";"2740";"5,19518628416451e-18";"1,66303205305854e-17";"FALSE";"increase";"TRUE";"0,989333333333333";"0";"1,31455394832512";"0,340617996531103";"NaN";"NaN"
"107";"2159";"2741";"5,66902145224912e-18";"2,22126397896833e-17";"FALSE";"increase";"TRUE";"0,614333333333333";"0";"1,2983334495558";"0,332749616301183";"NaN";"NaN"
"108";"2161";"2742";"5,1722069738503e-18";"6,69897421210099e-17";"FALSE";"increase";"TRUE";"0,826666666666667";"0";"1,40625385548901";"0,381014864503006";"NaN";"NaN"
"109";"2163";"2743";"3,87231655856489e-18";"2,47809981362345e-17";"FALSE";"increase";"TRUE";"0,994";"0";"1,18864593073578";"0,286092828807398";"NaN";"NaN"
"110";"2165";"2744";"3,59636157660161e-18";"1,90905885077186e-17";"FALSE";"increase";"TRUE";"0,996";"0";"1,24359255041917";"0,307146113620515";"NaN";"NaN"
"111";"2167";"2745";"2,5512725699109e-18";"6,87574122187252e-18";"FALSE";"increase";"TRUE";"0,996";"0";"1,21605741455137";"0,295099546155843";"NaN";"NaN"
"112";"2169";"2746";"2,51173974359148e-18";"5,31049426143073e-18";"FALSE";"increase";"TRUE";"0,952333333333333";"0";"1,10084226606535";"0,250466201085362";"NaN";"NaN"
"113";"2171";"2747";"2,74891763785994e-18";"7,05948377468942e-18";"FALSE";"increase";"TRUE";"0,448";"0";"1,13817094985648";"0,263188754867486";"NaN";"NaN"
"114";"2173";"2748";"1,65547302434425e-18";"1,06605758905177e-17";"FALSE";"increase";"TRUE";"0,998";"0";"1,16488843141454";"0,272267227516155";"NaN";"NaN"
"115";"2175";"2749";"1,16116315832917e-09";"5,52719292813783e-15";"FALSE";"none";"TRUE";"0";"0,000670534197810824";"2,87830403052491e-14";"1,71447792051248e-20";"NaN";"NaN"
"116";"2177";"2750";"1,78557318865263e-09";"1,47220728756851e-14";"FALSE";"none";"TRUE";"0";"0,00069212580346556";"1,19402116696005e-13";"8,39567855690755e-20";"NaN";"NaN"
"117";"2179";"2751";"2,8729340873357e-09";"3,8255070023102e-14";"FALSE";"none";"TRUE";"0";"0,000727082598376838";"4,22106607244513e-13";"3,36675732966004e-19";"NaN";"NaN"
"118";"2181";"2752";"7,07857663614595e-09";"1,75915297067461e-13";"FALSE";"none";"TRUE";"0";"0,000774557109120444";"1,86900222827667e-12";"1,88898392804858e-18";"NaN";"NaN"
"119";"2183";"2753";"1,25629659390741e-08";"5,91491196091351e-13";"FALSE";"none";"TRUE";"0";"0,00084026821793648";"4,90825109638841e-12";"5,19240594436391e-18";"NaN";"NaN"
"120";"2185";"2754";"1,76014421672197e-08";"1,42450192647752e-12";"FALSE";"none";"TRUE";"0";"0,000869740277531506";"1,58481379838851e-11";"1,94527503237164e-17";"NaN";"NaN"
"121";"6375";"6973";"0,000370088378093522";"0,00695863978561269";"FALSE";"none";"TRUE";"0";"0,000675021454414226";"3,36029574219426e-08";"2,27020181479686e-21";"NaN";"NaN"
"122";"6377";"6974";"0,000473356322455204";"0,00939863554131877";"FALSE";"none";"TRUE";"0";"0,000653764168411675";"2,03581201001849e-08";"1,23855089164875e-21";"NaN";"NaN"
"123";"6379";"6975";"0,000536943197700266";"0,0105011160555265";"FALSE";"none";"TRUE";"0";"0,000660792862169579";"1,228982966407e-08";"6,80696418020175e-22";"NaN";"NaN"
"124";"6381";"6976";"0,000653334082345984";"0,0127350124508621";"FALSE";"none";"TRUE";"0";"0,000612840261108083";"7,59376475462623e-09";"4,02187178742397e-22";"NaN";"NaN"
"125";"6383";"6977";"0,000857232012068542";"0,0186508121757178";"FALSE";"none";"TRUE";"0";"0,000604538794448661";"4,54202382365517e-09";"2,2274029038527e-22";"NaN";"NaN"
"126";"6385";"6978";"0,000914996111346622";"0,0190384629256391";"FALSE";"none";"TRUE";"0";"0,000614509829669707";"2,71638133693967e-09";"1,25181103810046e-22";"NaN";"NaN"
"127";"6387";"6979";"0,00109524499095277";"0,0235498087016216";"FALSE";"none";"TRUE";"0";"0,000598320832069232";"1,52705183640273e-09";"6,17466092830581e-23";"NaN";"NaN"
"128";"6389";"6980";"0,00105692746789353";"0,0211717391963725";"FALSE";"none";"TRUE";"0";"0,000615963370799832";"7,89621272932331e-10";"2,55560599864811e-23";"NaN";"NaN"
"129";"6391";"6981";"0,000957880957026262";"0,0173627272076104";"FALSE";"none";"TRUE";"0";"0,000656297184689292";"4,11994596361263e-10";"1,10337827572464e-23";"NaN";"NaN"
"130";"6393";"6982";"0,00113876962737064";"0,0216939491774471";"FALSE";"none";"TRUE";"0";"0,000643601409079375";"2,25076919207316e-10";"5,39117069914975e-24";"NaN";"NaN"
"131";"6395";"6983";"0,00124870443150856";"0,0229197603323455";"FALSE";"none";"TRUE";"0";"0,000629034994116928";"1,28234778017786e-10";"2,94075291244158e-24";"NaN";"NaN"
"132";"6397";"6984";"0,00138818910131786";"0,0258593777873301";"FALSE";"none";"TRUE";"0";"0,000631779820104761";"7,50876831330573e-11";"1,72710369550447e-24";"NaN";"NaN"
"133";"6399";"6985";"0,00150086248911118";"0,0293383809370487";"FALSE";"none";"TRUE";"0";"0,000642633590900887";"3,98843581297089e-11";"8,31005908826346e-25";"NaN";"NaN"
"134";"6401";"6986";"0,001470734748415";"0,0262806094962493";"FALSE";"none";"TRUE";"0";"0,000652572102166626";"2,39755998312877e-11";"5,29684968585536e-25";"NaN";"NaN"
"135";"6403";"6987";"0,00177653466951739";"0,0341610145425406";"FALSE";"none";"TRUE";"0";"0,000624539089634224";"1,80771018258312e-11";"5,5033419449415e-25";"NaN";"NaN"
"136";"6405";"6988";"0,0018231201385855";"0,0335933056548105";"FALSE";"none";"TRUE";"0";"0,000620512651119398";"1,34472430321763e-11";"5,54721040478084e-25";"NaN";"NaN"
"137";"6407";"6989";"0,00187633085711666";"0,0338310795523022";"FALSE";"none";"TRUE";"0";"0,000615678686920917";"1,1490085787628e-11";"7,43482236934187e-25";"NaN";"NaN"
"138";"6409";"6990";"0,00190882262085909";"0,0358854814546662";"FALSE";"none";"TRUE";"0";"0,000625500202390938";"9,263261560981e-12";"8,77928863234068e-25";"NaN";"NaN"
"139";"6411";"6991";"0,00202940491790668";"0,0400693766912183";"FALSE";"none";"TRUE";"0";"0,000624331070230744";"7,21706430818079e-12";"9,6272514674599e-25";"NaN";"NaN"
"140";"6413";"6992";"0,00193299804294325";"0,0368630964639544";"FALSE";"none";"TRUE";"0";"0,000629211480744907";"5,21807594099472e-12";"9,06334701424437e-25";"NaN";"NaN"
"141";"6415";"6993";"0,0019579793385935";"0,0384599963155489";"FALSE";"none";"TRUE";"0";"0,000638673698481251";"5,29287744764592e-12";"1,66596337393635e-24";"NaN";"NaN"
"142";"6417";"6994";"0,00194202176294272";"0,0391284049483899";"FALSE";"none";"TRUE";"0";"0,000637510434011723";"5,71198478307431e-12";"3,40763573576162e-24";"NaN";"NaN"
"143";"6419";"6995";"0,00173196491181437";"0,0307241762836289";"FALSE";"none";"TRUE";"0";"0,000608167048296471";"8,9566170821198e-12";"1,41285317850175e-23";"NaN";"NaN"
"144";"6421";"6996";"0,00159784338351947";"0,0249533626802415";"FALSE";"none";"TRUE";"0";"0,000598934133648754";"1,40245640302771e-11";"5,66543928353131e-23";"NaN";"NaN"
"145";"6423";"6997";"0,00134753671394025";"0,0189305858939608";"FALSE";"none";"TRUE";"0";"0,000621847377202389";"2,3215214659307e-11";"2,45062755155909e-22";"NaN";"NaN"
"146";"6425";"6998";"0,00124818541045389";"0,0164314833409155";"FALSE";"none";"TRUE";"0";"0,000642867846960549";"5,10152347038188e-11";"1,74979548566936e-21";"NaN";"NaN"
"147";"6427";"6999";"0,00129427250705583";"0,0178780222290926";"FALSE";"none";"TRUE";"0";"0,000662779140443437";"1,20811642842953e-10";"1,37950784502906e-20";"NaN";"NaN"
"148";"6429";"7000";"0,00141980722810095";"0,0216765991720853";"FALSE";"none";"TRUE";"0";"0,000684085006561919";"2,96788808619072e-10";"1,1165627185043e-19";"NaN";"NaN"
"149";"6431";"7001";"0,00162998642785519";"0,0269582275342564";"FALSE";"none";"TRUE";"0";"0,000702632219783172";"7,59372331217409e-10";"9,34197421417722e-19";"NaN";"NaN"
"150";"6433";"7002";"0,00174813167273463";"0,0305892112947307";"FALSE";"none";"TRUE";"0";"0,000704893140953677";"1,83407654127226e-09";"6,75908626926151e-18";"NaN";"NaN"
"151";"1319";"1917";"4,99650494186194e-14";"4,42172214278004e-16";"FALSE";"increase";"TRUE";"0,994333333333333";"4,61641905473709e-05";"1,0004252742066";"0,23091250152649";"NaN";"NaN"
"152";"1321";"1918";"5,71301078973209e-14";"6,86594072999053e-16";"FALSE";"increase";"TRUE";"0,986333333333333";"4,68189502127458e-05";"0,95340756890656";"0,215779668154907";"NaN";"NaN"
"153";"1323";"1919";"5,88465702889073e-14";"6,83569193521191e-16";"FALSE";"increase";"TRUE";"0,993333333333333";"4,79007924782948e-05";"0,981174788723278";"0,225307540300507";"NaN";"NaN"
"154";"1325";"1920";"7,41823124437804e-14";"1,51453421822112e-15";"FALSE";"increase";"TRUE";"0,997333333333333";"5,00441806694507e-05";"1,07685803459204";"0,258662141177795";"NaN";"NaN"
"155";"1327";"1921";"7,81086044293488e-14";"7,77070403285736e-16";"FALSE";"increase";"TRUE";"0,0506666666666667";"6,75356273505123e-05";"1,18049307734805";"0,297652790463497";"NaN";"NaN"
"156";"1329";"1922";"7,3743127132102e-14";"2,81437520403147e-16";"FALSE";"increase";"TRUE";"0,123";"7,98702589832612e-05";"1,11503302318974";"0,273297788739374";"NaN";"NaN"
"157";"1331";"1923";"7,58580025936096e-14";"2,68377560187766e-16";"FALSE";"increase";"TRUE";"0,823333333333333";"8,04343373488337e-05";"1,20565223456228";"0,308301451509378";"NaN";"NaN"
"158";"1333";"1924";"8,17308537550377e-14";"2,86318294898087e-16";"FALSE";"increase";"TRUE";"0,622333333333333";"8,01490599282584e-05";"1,17772530226932";"0,297729347023418";"NaN";"NaN"
"159";"1335";"1925";"9,30197767497285e-14";"4,3492001911145e-16";"FALSE";"increase";"TRUE";"0,647";"8,13769516416762e-05";"1,1310123988008";"0,280331891619223";"NaN";"NaN"
"160";"1337";"1926";"9,36028706045362e-14";"3,92492224614124e-16";"FALSE";"increase";"TRUE";"0,889666666666667";"8,30856356226484e-05";"1,13562510159754";"0,282405603615917";"NaN";"NaN"
"161";"1339";"1927";"8,33715248835126e-14";"2,17719206438892e-16";"FALSE";"increase";"TRUE";"0,959666666666667";"8,3109968151529e-05";"1,12326257501082";"0,278136662622098";"NaN";"NaN"
"162";"1341";"1928";"8,54724378748032e-14";"2,24704174239127e-16";"FALSE";"increase";"TRUE";"0,904666666666667";"8,4371326232846e-05";"0,989121743157558";"0,231184674500855";"NaN";"NaN"
"163";"1343";"1929";"9,42276234339912e-14";"2,85266448132814e-16";"FALSE";"increase";"TRUE";"0,988333333333333";"8,67136499405063e-05";"1,04642187871322";"0,251105909410372";"NaN";"NaN"
"164";"1345";"1930";"9,3919381396569e-14";"2,48562806863227e-16";"FALSE";"increase";"TRUE";"0,997666666666667";"8,89465956588342e-05";"1,05606705399673";"0,254792717184421";"NaN";"NaN"
"165";"1347";"1931";"9,99229617133171e-14";"2,72506917044128e-16";"FALSE";"increase";"TRUE";"0,998333333333333";"9,00856489600699e-05";"1,04705042699474";"0,251917024432302";"NaN";"NaN"
"166";"1349";"1932";"1,04294906488921e-13";"2,69673001937496e-16";"FALSE";"increase";"TRUE";"0,997333333333333";"9,15850738503199e-05";"1,0791082296633";"0,26355494622749";"NaN";"NaN"
"167";"1351";"1933";"1,11423775354946e-13";"3,06015664458416e-16";"FALSE";"increase";"TRUE";"0,999333333333333";"9,27729402933064e-05";"1,1991993229371";"0,30898643136969";"NaN";"NaN"
"168";"1353";"1934";"1,15737640721205e-13";"3,21128259193744e-16";"FALSE";"increase";"TRUE";"0,999";"9,26196975823412e-05";"1,18614245863124";"0,304125371647683";"NaN";"NaN"
"169";"1355";"1935";"1,30298986123755e-13";"4,58717526786019e-16";"FALSE";"increase";"TRUE";"0,998333333333333";"9,4897488809309e-05";"1,20066620316843";"0,310077865505873";"NaN";"NaN"
"170";"1357";"1936";"1,05010747587558e-13";"1,85507730047076e-16";"FALSE";"increase";"TRUE";"0,997666666666667";"9,29817786552434e-05";"1,18032203969154";"0,302348124364628";"NaN";"NaN"
"171";"1359";"1937";"1,50465623894435e-13";"5,3453018137472e-16";"FALSE";"increase";"TRUE";"0,996666666666667";"9,93973901968204e-05";"1,28666586671317";"0,345772138210095";"NaN";"NaN"
"172";"1361";"1938";"1,59079575416846e-13";"6,29640499713261e-16";"FALSE";"increase";"TRUE";"0,999333333333333";"0,000100737698571773";"1,16658730320348";"0,297484115887215";"NaN";"NaN"
"173";"1363";"1939";"1,77951906156688e-13";"8,66827238514218e-16";"FALSE";"increase";"TRUE";"0,998666666666667";"0,000103085943237602";"1,1708948010368";"0,299345110575766";"NaN";"NaN"
"174";"1365";"1940";"1,70463999329989e-13";"7,9093040878241e-16";"FALSE";"increase";"TRUE";"0,999333333333333";"0,000104543047235728";"1,1922707951033";"0,307849429100029";"NaN";"NaN"
"175";"1367";"1941";"1,87132509726763e-13";"9,88077180517612e-16";"FALSE";"increase";"TRUE";"0,999";"0,000106706264767942";"1,18141949793711";"0,303790664394776";"NaN";"NaN"
"176";"1369";"1942";"2,16693123974659e-13";"1,5204509397317e-15";"FALSE";"increase";"TRUE";"0,998333333333333";"0,000109523563426528";"1,07013828006727";"0,26252574740287";"NaN";"NaN"
"177";"1371";"1943";"2,21988409423198e-13";"1,47149137057093e-15";"FALSE";"increase";"TRUE";"0,998666666666667";"0,000109499191018436";"1,0772310623657";"0,26521497210867";"NaN";"NaN"
"178";"1373";"1944";"2,88817799997482e-13";"3,25487585489236e-15";"FALSE";"increase";"TRUE";"0,997333333333333";"0,000113573697480662";"0,971339902628842";"0,228831363160667";"NaN";"NaN"
"179";"1375";"1945";"3,87072228338616e-13";"5,68433038204898e-15";"FALSE";"increase";"TRUE";"0,871666666666667";"0,000118985506567526";"0,889569146971771";"0,20259043091583";"NaN";"NaN"
"180";"1377";"1946";"5,40685986567256e-13";"1,18051968825903e-14";"FALSE";"increase";"TRUE";"0,975666666666667";"0,00012772527077809";"1,00519375061445";"0,2404428463981";"NaN";"NaN"
"181";"559";"1157";"4,41129952098612e-19";"3,16614095686017e-18";"FALSE";"increase";"TRUE";"0,973333333333333";"1,39421807432427e-12";"1,6851289356602";"0,528017145258705";"NaN";"NaN"
"182";"561";"1158";"4,49354428874824e-19";"2,73453307319494e-18";"FALSE";"increase";"TRUE";"0,994";"1,45816692054268e-12";"1,74307794173676";"0,596771331017458";"NaN";"NaN"
"183";"563";"1159";"4,83412380846284e-19";"3,27955352319394e-18";"FALSE";"increase";"TRUE";"0,988333333333333";"1,52189372215616e-12";"1,7131889006023";"0,574806101034805";"NaN";"NaN"
"184";"565";"1160";"6,65814274117133e-19";"8,50543413558193e-18";"FALSE";"increase";"TRUE";"0,958666666666667";"1,84963155902551e-12";"1,62105036545983";"0,513654610054159";"NaN";"NaN"
"185";"567";"1161";"7,02330076286733e-19";"9,18931334245833e-18";"FALSE";"increase";"TRUE";"0,963666666666667";"1,91247018221929e-12";"1,66732527269875";"0,543557586056466";"NaN";"NaN"
"186";"569";"1162";"7,7084513928962e-19";"1,24187466637253e-17";"FALSE";"increase";"TRUE";"0,958666666666667";"1,97508676080815e-12";"1,72663278482951";"0,58531590686234";"NaN";"NaN"
"187";"571";"1163";"8,03931924980523e-19";"1,30765359232247e-17";"FALSE";"increase";"TRUE";"0,824666666666667";"2,03748129479209e-12";"1,67676940604537";"0,550342085773588";"NaN";"NaN"
"188";"573";"1164";"8,69622291096351e-19";"1,61298950413679e-17";"FALSE";"increase";"TRUE";"0,630333333333333";"2,16526796492644e-12";"1,60900507750913";"0,507247243899857";"NaN";"NaN"
"189";"575";"1165";"8,22823841109079e-19";"1,09718118816227e-17";"FALSE";"increase";"TRUE";"0,714666666666667";"2,16160422894518e-12";"1,65966112100889";"0,539391905401321";"NaN";"NaN"
"190";"577";"1166";"9,57637820078839e-19";"2,03077172608374e-17";"FALSE";"increase";"TRUE";"0,419666666666667";"2,28872476526476e-12";"1,67827516637514";"0,553294596249985";"NaN";"NaN"
"191";"579";"1167";"9,3180120205801e-19";"1,58056188785436e-17";"FALSE";"increase";"TRUE";"0,0606666666666667";"2,21955787083061e-12";"1,59974558637092";"0,458865242029106";"NaN";"NaN"
"192";"581";"1168";"8,35686918282458e-19";"7,93335853035556e-18";"FALSE";"increase";"TRUE";"0,113333333333333";"2,21578311254689e-12";"1,73428625920609";"0,593209262490987";"NaN";"NaN"
"193";"583";"1169";"8,84456260882834e-19";"8,85920545636103e-18";"FALSE";"increase";"TRUE";"0,001";"2,34212649274923e-12";"1,76007605113118";"0,613093939434694";"NaN";"NaN"
"194";"585";"1170";"6,0773536023163e-19";"4,86264131199157e-17";"FALSE";"increase";"TRUE";"0";"9,74220704108575e-13";"1,73537336984624";"0,580015864284575";"NaN";"NaN"
"195";"587";"1171";"4,15903826288877e-17";"2,41875127116244e-13";"FALSE";"increase";"TRUE";"0,989333333333333";"1,29674049276218e-13";"1,79157433872709";"0,638265387799256";"NaN";"NaN"
"196";"589";"1172";"3,61587250936906e-17";"1,5421022386802e-13";"FALSE";"increase";"TRUE";"0,999333333333333";"1,29452004671293e-13";"1,71761352893129";"0,580443257441977";"NaN";"NaN"
"197";"591";"1173";"3,56068991208991e-17";"1,20885989670296e-13";"FALSE";"increase";"TRUE";"0,999666666666667";"1,29229960066368e-13";"1,77733029827738";"0,626573661932528";"NaN";"NaN"
"198";"593";"1174";"3,86061675479148e-17";"1,49689254002114e-13";"FALSE";"increase";"TRUE";"0,881333333333333";"1,29007915461443e-13";"1,77130593832798";"0,621759822018563";"NaN";"NaN"
"199";"595";"1175";"3,0975636957147e-17";"9,51176033244021e-14";"FALSE";"increase";"TRUE";"0,992333333333333";"1,28785870856518e-13";"1,72222789828764";"0,584141172977319";"NaN";"NaN"
"200";"597";"1176";"3,38093847198626e-17";"1,16714155322446e-13";"FALSE";"increase";"TRUE";"0,696";"1,28563826251593e-13";"1,6827108745649";"0,556419054190292";"NaN";"NaN"
"201";"599";"1177";"2,50657080300288e-17";"8,45638633669874e-14";"FALSE";"increase";"TRUE";"0,992";"6,4170890823334e-14";"1,63028182097498";"0,52238823385208";"NaN";"NaN"
"202";"601";"1178";"2,52683330261389e-17";"7,67824271516272e-14";"FALSE";"increase";"TRUE";"0,838666666666667";"6,40598685208715e-14";"1,57717106651635";"0,490552471184745";"NaN";"NaN"
"203";"603";"1179";"2,74311563356828e-17";"9,15780741517409e-14";"FALSE";"increase";"TRUE";"0,708";"6,3948846218409e-14";"1,56948458238302";"0,486200019618436";"NaN";"NaN"
"204";"605";"1180";"2,88507682590517e-17";"9,41396401481763e-14";"FALSE";"increase";"TRUE";"0,630666666666667";"1,27675647831893e-13";"1,65179902635276";"0,536260747834246";"NaN";"NaN"
"205";"607";"1181";"3,06711592173651e-17";"1,08535715429777e-13";"FALSE";"increase";"TRUE";"0,00466666666666667";"1,27453603226968e-13";"1,65809934728215";"0,540396134621884";"NaN";"NaN"
"206";"609";"1182";"2,35611337103458e-16";"7,86624135359178e-11";"FALSE";"increase";"TRUE";"0,681";"0";"1,65518684671384";"0,538541584677014";"NaN";"NaN"
"207";"611";"1183";"1,58590723905123e-16";"4,23193699024165e-11";"FALSE";"increase";"TRUE";"1";"0";"1,6345343204112";"0,52538915054469";"NaN";"NaN"
"208";"613";"1184";"1,7149838589548e-16";"5,08088995219998e-11";"FALSE";"increase";"TRUE";"0,995666666666667";"0";"1,65085221648235";"0,53578524454521";"NaN";"NaN"
"209";"615";"1185";"1,5490118662393e-16";"3,13173510922222e-11";"FALSE";"increase";"TRUE";"0,983";"0";"1,53198544477274";"0,465434620958345";"NaN";"NaN"
"210";"617";"1186";"1,03098913709995e-16";"1,55605023520944e-11";"FALSE";"increase";"TRUE";"0,972333333333333";"0";"1,53296998286212";"0,465967169628564";"NaN";"NaN"
"211";"7015";"7613";"2,36811907061432e-16";"3,7e-24";"FALSE";"increase";"TRUE";"0,252";"0,00270853246634051";"1,69164131357019";"0,27289209322175";"NaN";"NaN"
"212";"7017";"7614";"3,74482345860275e-16";"3,7e-24";"FALSE";"increase";"TRUE";"0,811333333333333";"0,00286644220640908";"1,8012896994089";"0,391274515679045";"NaN";"NaN"
"213";"7019";"7615";"4,48173582956965e-16";"3,7e-24";"FALSE";"increase";"TRUE";"0,618666666666667";"0,0028889281853548";"1,8044470312957";"0,629861321864461";"NaN";"NaN"
"214";"7021";"7616";"4,44649761420223e-16";"3,7e-24";"FALSE";"increase";"TRUE";"0,0926666666666667";"0,00350830731985385";"1,78415886145657";"0,380481623819492";"NaN";"NaN"
"215";"7023";"7617";"5,35038531824148e-16";"3,7e-24";"FALSE";"increase";"TRUE";"0,985";"0,00358761143478992";"1,72813543064481";"0,461090336168094";"NaN";"NaN"
"216";"7025";"7618";"5,8172252218021e-16";"3,7e-24";"FALSE";"increase";"TRUE";"0,941";"0,00360177772264147";"1,71441524171434";"0,557322588127811";"NaN";"NaN"
"217";"7027";"7619";"5,25716709641259e-16";"3,7e-24";"FALSE";"increase";"TRUE";"0,974333333333333";"0,00356391194940997";"1,80618354814768";"0,63373418334761";"NaN";"NaN"
"218";"7029";"7620";"4,08730378222499e-16";"3,7e-24";"FALSE";"increase";"TRUE";"0,987";"0,00358742310153826";"1,7217843676953";"0,444367398870429";"NaN";"NaN"
"219";"7031";"7621";"4,30337593914702e-16";"3,7e-24";"FALSE";"increase";"TRUE";"0,990333333333333";"0,0036166765239587";"1,76866125721434";"0,484629026654161";"NaN";"NaN"
"220";"7033";"7622";"3,71127668193837e-16";"3,7e-24";"FALSE";"increase";"TRUE";"0,986333333333333";"0,00354003795762092";"1,79836725585498";"0,628241423936347";"NaN";"NaN"
"221";"7035";"7623";"3,78137086565664e-16";"3,7e-24";"FALSE";"increase";"TRUE";"0,963666666666667";"0,00355158164034464";"1,68567049527511";"0,539668489143975";"NaN";"NaN"
"222";"7037";"7624";"3,63251762994163e-16";"3,7e-24";"FALSE";"increase";"TRUE";"0,96";"0,00359412615809473";"1,64318267401908";"0,363606935044715";"NaN";"NaN"
"223";"7039";"7625";"3,67251479333431e-16";"3,7e-24";"FALSE";"increase";"TRUE";"0,977666666666667";"0,00361469750860621";"1,7093214336594";"0,557865480038843";"NaN";"NaN"
"224";"7041";"7626";"3,87648424692996e-16";"3,7e-24";"FALSE";"increase";"TRUE";"0,995666666666667";"0,00369776062284055";"1,65989367885705";"0,366727389320368";"NaN";"NaN"
"225";"7043";"7627";"4,85372907020713e-16";"3,7e-24";"FALSE";"increase";"TRUE";"0,972666666666667";"0,00373977342178566";"1,6918070810213";"0,546397464093444";"NaN";"NaN"
"226";"7045";"7628";"6,62881302179354e-16";"3,7e-24";"FALSE";"increase";"TRUE";"0,994333333333333";"0,00389922788817643";"1,68040889862825";"0,372862878290558";"NaN";"NaN"
"227";"7047";"7629";"7,6812527651669e-16";"3,7e-24";"FALSE";"increase";"TRUE";"0,999333333333333";"0,00399009390408933";"1,63045594486982";"0,328984385521129";"NaN";"NaN"
"228";"7049";"7630";"8,71245592487225e-16";"3,7e-24";"FALSE";"increase";"TRUE";"0,999666666666667";"0,0040682398373969";"1,5746793593004";"0,285342117858181";"NaN";"NaN"
"229";"7051";"7631";"1,28716566228425e-15";"3,7e-24";"FALSE";"increase";"TRUE";"0,996";"0,00417562963513696";"1,56921437344254";"0,276093160467283";"NaN";"NaN"
"230";"7053";"7632";"1,94969544925863e-15";"3,7e-24";"FALSE";"increase";"TRUE";"0,759666666666667";"0,00435680700668151";"1,63432981168807";"0,314369728687318";"NaN";"NaN"
"231";"7055";"7633";"2,77443678224412e-15";"3,7e-24";"FALSE";"increase";"TRUE";"0,995";"0,0045693184138007";"1,6665249708477";"0,332705165292693";"NaN";"NaN"
"232";"7057";"7634";"4,26107795744368e-15";"3,7e-24";"FALSE";"increase";"TRUE";"0,525333333333333";"0,00498452271159033";"1,73387133552301";"0,385068253248405";"NaN";"NaN"
"233";"7059";"7635";"4,63494845892491e-15";"3,7e-24";"FALSE";"increase";"TRUE";"0,760333333333333";"0,00503804067744085";"1,77638177231807";"0,447820238358666";"NaN";"NaN"
"234";"7061";"7636";"5,11011175294668e-15";"3,7e-24";"FALSE";"increase";"TRUE";"0,985666666666667";"0,00512066844055026";"1,69296344978123";"0,334256849500856";"NaN";"NaN"
"235";"7063";"7637";"6,48003448242089e-15";"3,7e-24";"FALSE";"increase";"TRUE";"0,963";"0,00525330334434448";"1,67982769379364";"0,315873390396097";"NaN";"NaN"
"236";"7065";"7638";"1,04581173395952e-14";"3,7e-24";"FALSE";"increase";"TRUE";"0,908666666666667";"0,00550315346667718";"1,72060751109602";"0,344000081146799";"NaN";"NaN"
"237";"7067";"7639";"1,34624741907472e-14";"3,7e-24";"FALSE";"increase";"TRUE";"1";"0,00567128816038842";"1,67523494315834";"0,296467388377412";"NaN";"NaN"
"238";"7069";"7640";"2,04207989643484e-14";"3,7e-24";"FALSE";"increase";"TRUE";"0,945666666666667";"0,00588084979355519";"1,73638788277023";"0,342790497310238";"NaN";"NaN"
"239";"7071";"7641";"2,08016758601822e-14";"3,7e-24";"FALSE";"increase";"TRUE";"0,975";"0,00593154561030929";"1,71044691862468";"0,309543851395842";"NaN";"NaN"
"240";"7073";"7642";"2,25465571723831e-14";"3,7e-24";"FALSE";"increase";"TRUE";"0,171";"0,00694757587184391";"1,7824520626884";"0,374180925744334";"NaN";"NaN"
"241";"8802";"9400";"4,06034988150498e-24";"3,7e-24";"FALSE";"decrease";"TRUE";"0,993666666666667";"0";"1,37371466406611";"0,346399539722619";"NaN";"NaN"
"242";"8804";"9401";"4,29352229922602e-24";"3,7e-24";"FALSE";"decrease";"TRUE";"0,999";"0";"1,4054590196778";"0,362465017679384";"NaN";"NaN"
"243";"8806";"9402";"4,45519092074186e-24";"3,7e-24";"FALSE";"decrease";"TRUE";"1";"0";"1,48988080183098";"0,406357707820744";"NaN";"NaN"
"244";"8808";"9403";"4,73219824519074e-24";"3,7e-24";"FALSE";"decrease";"TRUE";"1";"0";"1,49638433281939";"0,410767910593357";"NaN";"NaN"
"245";"8810";"9404";"5,06162528949892e-24";"3,7e-24";"FALSE";"decrease";"TRUE";"1";"0";"1,50290201093352";"0,415198544676371";"NaN";"NaN"
"246";"8812";"9405";"5,52881791985338e-24";"3,7e-24";"FALSE";"decrease";"TRUE";"1";"0";"1,59001562330001";"0,466233166946855";"NaN";"NaN"
"247";"8814";"9406";"6,11639271436181e-24";"3,7e-24";"FALSE";"decrease";"TRUE";"1";"0";"1,54129045538594";"0,438321413789158";"NaN";"NaN"
"248";"8816";"9407";"8,36371024943835e-24";"3,7e-24";"FALSE";"decrease";"TRUE";"0,862333333333333";"0";"1,43906482545123";"0,384541553466662";"NaN";"NaN"
"249";"8818";"9408";"1,27056995693888e-23";"3,7e-24";"FALSE";"decrease";"TRUE";"0,321";"0";"1,55168288461632";"0,445976338840939";"NaN";"NaN"
"250";"8820";"9409";"1,37861121714297e-23";"3,7e-24";"FALSE";"decrease";"TRUE";"0,962333333333333";"0";"1,47748900237552";"0,405988650470047";"NaN";"NaN"
"251";"8822";"9410";"1,4768606678307e-23";"3,7e-24";"FALSE";"decrease";"TRUE";"0,999333333333333";"0";"1,46680877936599";"0,40126357985881";"NaN";"NaN"
"252";"8824";"9411";"1,73276522929068e-23";"3,7e-24";"FALSE";"decrease";"TRUE";"1";"0";"1,4030096619607";"0,362072276271263";"NaN";"NaN"
"253";"8826";"9412";"1,86664192490273e-23";"3,7e-24";"FALSE";"decrease";"TRUE";"1";"0";"1,47902862503886";"0,409284912143641";"NaN";"NaN"
"254";"8828";"9413";"2,25510805419445e-23";"3,7e-24";"FALSE";"decrease";"TRUE";"1";"0";"1,37409445660632";"0,35823654965306";"NaN";"NaN"
"255";"8830";"9414";"2,3195344522196e-23";"3,7e-24";"FALSE";"decrease";"TRUE";"1";"0";"1,4545897736916";"0,398256238424334";"NaN";"NaN"
"256";"8832";"9415";"2,84036482974241e-23";"3,7e-24";"FALSE";"decrease";"TRUE";"0,911333333333333";"0";"1,5505096670622";"0,450845238017";"NaN";"NaN"
"257";"8834";"9416";"3,11648532981801e-23";"3,7e-24";"FALSE";"decrease";"TRUE";"1";"0";"1,47434278783365";"0,409994544372339";"NaN";"NaN"
"258";"8836";"9417";"3,41160833651529e-23";"3,7e-24";"FALSE";"decrease";"TRUE";"1";"0";"1,49017740808662";"0,41907844718031";"NaN";"NaN"
"259";"8838";"9418";"5,14875107916022e-23";"3,7e-24";"FALSE";"decrease";"TRUE";"0,374333333333333";"0";"1,38314464292426";"0,366436228459229";"NaN";"NaN"
"260";"8840";"9419";"7,08098277397198e-23";"3,7e-24";"FALSE";"decrease";"TRUE";"0,922333333333333";"0";"1,50094021700556";"0,426301470671743";"NaN";"NaN"
"261";"8842";"9420";"7,16369920028488e-23";"3,7e-24";"FALSE";"decrease";"TRUE";"0,999666666666667";"0";"1,44300208125075";"0,396978514643203";"NaN";"NaN"
"262";"8844";"9421";"8,45355790490916e-23";"3,7e-24";"FALSE";"decrease";"TRUE";"0,969333333333333";"0";"1,51909423264832";"0,437578732185363";"NaN";"NaN"
"263";"8846";"9422";"9,83301102434578e-23";"3,7e-24";"FALSE";"decrease";"TRUE";"1";"0";"1,45034435209497";"0,402108920228529";"NaN";"NaN"
"264";"8848";"9423";"1,05668433158683e-22";"3,7e-24";"FALSE";"decrease";"TRUE";"1";"0";"1,42326278172592";"0,38934306393374";"NaN";"NaN"
"265";"8850";"9424";"1,18741940754046e-22";"3,7e-24";"FALSE";"decrease";"TRUE";"1";"0";"1,51195795047783";"0,435732037987464";"NaN";"NaN"
"266";"8852";"9425";"1,33513295973665e-22";"3,7e-24";"FALSE";"decrease";"TRUE";"1";"0";"1,4270760795969";"0,392590553388957";"NaN";"NaN"
"267";"8854";"9426";"1,39922974812676e-22";"3,7e-24";"FALSE";"decrease";"TRUE";"1";"0";"1,44466763927557";"0,401988436525862";"NaN";"NaN"
"268";"8856";"9427";"1,62874284702315e-22";"3,7e-24";"FALSE";"decrease";"TRUE";"1";"0";"1,48328039333395";"0,422410588340177";"NaN";"NaN"
"269";"8858";"9428";"1,68492147635837e-22";"3,7e-24";"FALSE";"decrease";"TRUE";"0,998333333333333";"0";"1,48677798597607";"0,424879868066151";"NaN";"NaN"
"270";"8860";"9429";"1,54031709098339e-22";"3,7e-24";"FALSE";"decrease";"TRUE";"1";"0";"1,36125345670322";"0,364003277002393";"NaN";"NaN"
"271";"9209";"9807";"1,69390068374841e-27";"3,7e-24";"FALSE";"increase";"TRUE";"0,956333333333333";"0";"1,16283664506007";"0,297568413132891";"NaN";"NaN"
"272";"9211";"9808";"1,89742429306943e-27";"3,7e-24";"FALSE";"increase";"TRUE";"0,95";"0";"1,19417659343041";"0,309794925835336";"NaN";"NaN"
"273";"9213";"9809";"1,76836144763691e-27";"3,7e-24";"FALSE";"increase";"TRUE";"0,969666666666667";"0";"1,17031601830482";"0,300564317789817";"NaN";"NaN"
"274";"9215";"9810";"1,68488080492171e-27";"3,7e-24";"FALSE";"increase";"TRUE";"0,98";"0";"1,19374925965821";"0,309725028827909";"NaN";"NaN"
"275";"9217";"9811";"1,50737397723933e-27";"3,7e-24";"FALSE";"increase";"TRUE";"0,860666666666667";"0";"1,00245705333841";"0,239936799725874";"NaN";"NaN"
"276";"9219";"9812";"1,31914966415506e-27";"3,7e-24";"FALSE";"increase";"TRUE";"0,867666666666667";"0";"0,977581079190264";"0,231584095020028";"NaN";"NaN"
"277";"9221";"9813";"1,52994481794771e-27";"3,7e-24";"FALSE";"increase";"TRUE";"0,895666666666667";"0";"1,10768082066408";"0,277104712990194";"NaN";"NaN"
"278";"9223";"9814";"1,56689896148178e-27";"3,7e-24";"FALSE";"increase";"TRUE";"0,796666666666667";"0";"1,01064783028512";"0,242744686551922";"NaN";"NaN"
"279";"9225";"9815";"1,78846725602889e-27";"3,7e-24";"FALSE";"increase";"TRUE";"0,715666666666667";"0";"0,925541331962461";"0,214527462864478";"NaN";"NaN"
"280";"9227";"9816";"1,53178912355825e-22";"3,7e-24";"FALSE";"none";"TRUE";"0";"0";"1,04017824269332e-12";"1,28886155449854e-16";"NaN";"NaN"
"281";"9229";"9817";"1,29324124410736e-22";"3,7e-24";"FALSE";"none";"TRUE";"0";"0";"4,17635081515227e-12";"5,84043283071291e-16";"NaN";"NaN"
"282";"9231";"9818";"8,25727493902212e-23";"3,7e-24";"FALSE";"none";"TRUE";"0";"0";"1,39438701064032e-11";"2,13739380164806e-15";"NaN";"NaN"
"283";"9233";"9819";"8,73538998351278e-23";"3,7e-24";"FALSE";"none";"TRUE";"0";"0";"2,28593896879772e-11";"3,2537062408242e-15";"NaN";"NaN"
"284";"9235";"9820";"7,75021137379153e-23";"3,7e-24";"FALSE";"none";"TRUE";"0";"0";"3,84330203121421e-11";"5,12343332192003e-15";"NaN";"NaN"
"285";"9237";"9821";"6,57150252162586e-23";"3,7e-24";"FALSE";"none";"TRUE";"0";"0";"1,49177497111013e-10";"2,3384884559048e-14";"NaN";"NaN"
"286";"9239";"9822";"5,36531397217484e-23";"3,7e-24";"FALSE";"none";"TRUE";"0";"0";"1,92448093938441e-10";"2,65852337979605e-14";"NaN";"NaN"
"287";"9241";"9823";"3,77293874891964e-23";"3,7e-24";"FALSE";"none";"TRUE";"0";"0";"7,23747278852781e-10";"1,19600693263208e-13";"NaN";"NaN"
"288";"9243";"9824";"4,44979400626419e-23";"3,7e-24";"FALSE";"none";"TRUE";"0";"0";"1,10759551838751e-09";"1,70807519887918e-13";"NaN";"NaN"
"289";"9245";"9825";"5,0625267815566e-23";"3,7e-24";"FALSE";"none";"TRUE";"0";"0";"2,28913492245805e-09";"3,61932270311675e-13";"NaN";"NaN"
"290";"9247";"9826";"5,02546440533913e-23";"3,7e-24";"FALSE";"none";"TRUE";"0";"0";"5,46363263266106e-09";"9,34572027861973e-13";"NaN";"NaN"
"291";"9249";"9827";"5,00631425841287e-23";"3,7e-24";"FALSE";"none";"TRUE";"0";"0";"8,73421236514088e-09";"1,43400129596961e-12";"NaN";"NaN"
"292";"9251";"9828";"5,31125363373768e-23";"3,7e-24";"FALSE";"none";"TRUE";"0";"0";"2,12897247268372e-08";"3,8833214431878e-12";"NaN";"NaN"
"293";"9253";"9829";"6,35694627548848e-23";"3,7e-24";"FALSE";"none";"TRUE";"0";"0";"2,80497289730727e-08";"4,64512900472412e-12";"NaN";"NaN"
"294";"9255";"9830";"7,74317529452789e-23";"3,7e-24";"FALSE";"none";"TRUE";"0";"0";"4,24922188603314e-08";"6,71714299046938e-12";"NaN";"NaN"
"295";"9257";"9831";"7,40570763634988e-23";"3,7e-24";"FALSE";"none";"TRUE";"0";"0";"2,79217536626747e-08";"3,09888414600075e-12";"NaN";"NaN"
"296";"9259";"9832";"3,29544839117092e-16";"1,3986464743661e-17";"FALSE";"none";"TRUE";"0";"5,04716268778793e-11";"2,63421589861473e-08";"2,31987759510306e-12";"NaN";"NaN"
"297";"9261";"9833";"4,01745184867114e-16";"3,15042610773142e-17";"FALSE";"none";"TRUE";"0";"5,45823386488564e-11";"4,4771732451921e-08";"3,91354565016262e-12";"NaN";"NaN"
"298";"9263";"9834";"2,18139654864059e-15";"2,52019219594174e-15";"FALSE";"none";"TRUE";"0";"2,10835793268416e-11";"2,68724342007009e-08";"1,5360484714066e-12";"NaN";"NaN"
"299";"9265";"9835";"1,93340315129943e-15";"1,6031805442499e-15";"FALSE";"none";"TRUE";"0";"2,09199324530118e-11";"1,28079476110036e-08";"4,2632928231085e-13";"NaN";"NaN"
"300";"9267";"9836";"2,27602108792214e-15";"2,96489898642217e-15";"FALSE";"none";"TRUE";"0";"2,24020801908864e-11";"2,29564768812338e-08";"7,66435753742239e-13";"NaN";"NaN"
"1";"6879";"7477";"1,77864194064412e-17";"3,7e-24";"FALSE";"increase";"TRUE";"0,014";"0,000132081949168583";"0,891730754704005";"0,158947154312842";"NaN";"NaN"
"2";"6881";"7478";"2,49531624943232e-17";"3,7e-24";"FALSE";"increase";"TRUE";"0,22";"9,55397205305575e-05";"0,89780126205256";"0,159423320682554";"NaN";"NaN"
"3";"6883";"7479";"2,87451782888205e-17";"3,7e-24";"FALSE";"increase";"TRUE";"0,602333333333333";"7,59878406988435e-05";"0,851940400141032";"0,145137604623265";"NaN";"NaN"
"4";"6885";"7480";"2,19758724238367e-17";"3,7e-24";"FALSE";"increase";"TRUE";"0,678";"7,15060998490724e-05";"0,840873363710227";"0,140810865832417";"NaN";"NaN"
"5";"6887";"7481";"3,02248444334985e-17";"3,7e-24";"FALSE";"increase";"TRUE";"0,014";"7,49155739923069e-05";"0,823509953318442";"0,134829348973705";"NaN";"NaN"
"6";"6889";"7482";"1,78181868280996e-17";"3,7e-24";"FALSE";"increase";"TRUE";"0";"7,0094988544156e-05";"0,863338383428389";"0,144320584085883";"NaN";"NaN"
"7";"6891";"7483";"2,09119024587197e-17";"3,7e-24";"FALSE";"increase";"TRUE";"0,448333333333333";"7,16707529715421e-05";"0,922821344392486";"0,159834783553157";"NaN";"NaN"
"8";"6893";"7484";"1,83955507324029e-17";"3,7e-24";"FALSE";"increase";"TRUE";"0,408333333333333";"6,33555089044613e-05";"0,870001964190789";"0,143367845635511";"NaN";"NaN"
"9";"6895";"7485";"1,489620657835e-17";"3,7e-24";"FALSE";"increase";"TRUE";"0,227333333333333";"5,93862881426155e-05";"0,817120480661075";"0,127763317134611";"NaN";"NaN"
"10";"6897";"7486";"1,47812672245951e-17";"3,7e-24";"FALSE";"increase";"TRUE";"0,0613333333333333";"5,94803199309712e-05";"1,007051454576";"0,180803965149126";"NaN";"NaN"
"11";"6899";"7487";"1,53348934553421e-17";"3,7e-24";"FALSE";"increase";"TRUE";"0,834";"4,53291671185241e-05";"1,19524683158202";"0,244598151006173";"NaN";"NaN"
"12";"6901";"7488";"1,57300731074428e-17";"3,7e-24";"FALSE";"increase";"TRUE";"0,971";"4,75668152508657e-05";"1,04553481223162";"0,189797390523099";"NaN";"NaN"
"13";"6903";"7489";"2,17102616987749e-17";"3,7e-24";"FALSE";"increase";"TRUE";"0,751666666666667";"5,05203286029765e-05";"1,15701641076896";"0,226592267867111";"NaN";"NaN"
"14";"6905";"7490";"1,976811932619e-17";"3,7e-24";"FALSE";"increase";"TRUE";"0,874666666666667";"5,05500628605882e-05";"1,07771711195657";"0,196890353458412";"NaN";"NaN"
"15";"6907";"7491";"1,38983139359206e-17";"3,7e-24";"FALSE";"increase";"TRUE";"0,986";"4,91248224658847e-05";"0,868674945243458";"0,132333642867505";"NaN";"NaN"
"16";"6909";"7492";"1,4559187520983e-17";"3,7e-24";"FALSE";"increase";"TRUE";"0,878333333333333";"5,03199187786851e-05";"0,858352539278524";"0,127967603674373";"NaN";"NaN"
"17";"6911";"7493";"1,77447362526222e-17";"3,7e-24";"FALSE";"increase";"TRUE";"0,995666666666667";"5,38720288378869e-05";"0,757189659481748";"0,101374170076723";"NaN";"NaN"
"18";"6913";"7494";"1,95452166346724e-17";"3,7e-24";"FALSE";"increase";"TRUE";"0,992333333333333";"5,54263073737626e-05";"0,773823943868291";"0,103731532917311";"NaN";"NaN"
"19";"6915";"7495";"2,3366217483378e-17";"3,7e-24";"FALSE";"increase";"TRUE";"0,980666666666667";"5,71461726339706e-05";"0,765290089443635";"0,100179534387896";"NaN";"NaN"
"20";"6917";"7496";"2,54559485871626e-17";"3,7e-24";"FALSE";"increase";"TRUE";"0,130666666666667";"6,76819583578236e-05";"0,608905057483059";"0,0660984929945742";"NaN";"NaN"
"21";"6919";"7497";"3,33591819490089e-17";"3,7e-24";"FALSE";"increase";"TRUE";"0,872333333333333";"7,10142102779976e-05";"0,729022972756643";"0,0889358383196637";"NaN";"NaN"
"22";"6921";"7498";"5,14992789963457e-17";"3,7e-24";"FALSE";"increase";"TRUE";"0,529";"8,13272866039272e-05";"0,777169031864654";"0,0980575948163881";"NaN";"NaN"
"23";"6923";"7499";"6,23668959838997e-17";"3,7e-24";"FALSE";"increase";"TRUE";"0,573666666666667";"8,45733459584608e-05";"0,749504598511442";"0,0902149805291661";"NaN";"NaN"
"24";"6925";"7500";"8,4575654181606e-17";"3,7e-24";"FALSE";"increase";"TRUE";"0,095";"9,99113184352307e-05";"0,754638017554845";"0,0896809075883917";"NaN";"NaN"
"25";"6927";"7501";"9,12417905649475e-17";"3,7e-24";"FALSE";"increase";"TRUE";"0,781666666666667";"0,000105222231145063";"0,711130460946563";"0,0788695228518628";"NaN";"NaN"
"26";"6929";"7502";"1,30721925304159e-16";"3,7e-24";"FALSE";"increase";"TRUE";"0,550333333333333";"0,000109416196594769";"0,757038741353422";"0,0867977252010032";"NaN";"NaN"
"27";"6931";"7503";"1,94041474807579e-16";"3,7e-24";"FALSE";"increase";"TRUE";"0,409";"0,000129272981683748";"0,875104577513312";"0,112192857081055";"NaN";"NaN"
"28";"6933";"7504";"1,1514326769478e-16";"3,7e-24";"FALSE";"increase";"TRUE";"0,719";"0,00010850942913998";"0,873018262949289";"0,109644369636889";"NaN";"NaN"
"29";"6935";"7505";"1,44790254805171e-16";"3,7e-24";"FALSE";"increase";"TRUE";"0,976";"0,000111885001703449";"0,862943722825063";"0,105146279512144";"NaN";"NaN"
"30";"6937";"7506";"1,85748089262995e-16";"3,7e-24";"FALSE";"increase";"TRUE";"0,492";"0,000120116490107236";"0,888368951483551";"0,109213475369441";"NaN";"NaN"
"31";"6861";"7459";"9,1172030583886e-19";"3,7e-24";"FALSE";"none";"TRUE";"0";"0,83518291807721";"2,33046004121598e-34";"7,66487216482075e-50";"NaN";"NaN"
"32";"6863";"7460";"1,11805459026006e-18";"3,7e-24";"FALSE";"none";"TRUE";"0";"0,8630521457227";"2,1549134323623e-34";"2,49486751162582e-50";"NaN";"NaN"
"33";"6865";"7461";"9,67763749564949e-19";"3,7e-24";"FALSE";"none";"TRUE";"0";"0,872493889689851";"1,11756693625365e-33";"9,42766393600667e-50";"NaN";"NaN"
"34";"6867";"7462";"2,12034548690919e-17";"3,7e-24";"FALSE";"increase";"TRUE";"0,452";"0,000104444425452765";"0,919367186429662";"0,17617360223592";"NaN";"NaN"
"35";"6869";"7463";"1,66934800671417e-17";"3,7e-24";"FALSE";"increase";"TRUE";"0,853333333333333";"0,00010175797702261";"0,915761398980674";"0,173949534712673";"NaN";"NaN"
"36";"6871";"7464";"1,4956405901277e-17";"3,7e-24";"FALSE";"increase";"TRUE";"0,951";"9,97246030984833e-05";"0,873555195369016";"0,160357693698875";"NaN";"NaN"
"37";"6873";"7465";"1,28837998749732e-17";"3,7e-24";"FALSE";"increase";"TRUE";"0,737";"9,57732682156376e-05";"0,911812884689019";"0,170426978322389";"NaN";"NaN"
"38";"6875";"7466";"1,37867175429732e-17";"3,7e-24";"FALSE";"increase";"TRUE";"0,358";"9,67828261180248e-05";"1,09219294146881";"0,227656256386743";"NaN";"NaN"
"39";"6877";"7467";"1,29486245431313e-17";"3,7e-24";"FALSE";"increase";"TRUE";"0,703";"9,37920967092332e-05";"0,971424913012369";"0,186192324110608";"NaN";"NaN"
"40";"6879";"7468";"2,26739477923635e-17";"3,7e-24";"FALSE";"increase";"TRUE";"0,00833333333333333";"6,55476087659812e-05";"0,929702287703829";"0,172078843339247";"NaN";"NaN"
"41";"6881";"7469";"4,49018062750676e-17";"3,7e-24";"FALSE";"increase";"TRUE";"0,196666666666667";"4,81484360781437e-05";"0,914936967965428";"0,166378796807956";"NaN";"NaN"
"42";"6883";"7470";"5,69023769965427e-17";"3,7e-24";"FALSE";"increase";"TRUE";"0,112333333333333";"4,75280763236885e-05";"0,939240878057525";"0,172330514423267";"NaN";"NaN"
"43";"6885";"7471";"5,38479814734346e-17";"3,7e-24";"FALSE";"increase";"TRUE";"0,643";"4,50232296231867e-05";"0,873898108619441";"0,151881404294108";"NaN";"NaN"
"44";"6887";"7472";"5,8432889987019e-17";"3,7e-24";"FALSE";"increase";"TRUE";"0,00833333333333333";"4,56059392900388e-05";"0,871839654444501";"0,149975336608213";"NaN";"NaN"
"45";"6889";"7473";"2,50058039522089e-16";"3,7e-24";"FALSE";"increase";"TRUE";"0,933";"2,09944575821908e-05";"0,853323022287988";"0,143477788251222";"NaN";"NaN"
"46";"6891";"7474";"5,77452406792035e-17";"3,7e-24";"FALSE";"increase";"TRUE";"0";"3,4296338248696e-05";"0,908884829499847";"0,15779456395974";"NaN";"NaN"
"47";"6893";"7475";"5,43796354067446e-17";"3,7e-24";"FALSE";"increase";"TRUE";"0,569333333333333";"3,05579309436421e-05";"0,939134281880044";"0,165225465516099";"NaN";"NaN"
"48";"6895";"7476";"5,44144105948859e-17";"3,7e-24";"FALSE";"increase";"TRUE";"0,206";"3,04945418968527e-05";"0,952051284616642";"0,16758217485404";"NaN";"NaN"
"49";"6897";"7477";"6,62152282707094e-17";"3,7e-24";"FALSE";"increase";"TRUE";"0,0383333333333333";"3,14019051250725e-05";"1,08124478007581";"0,20740631404816";"NaN";"NaN"
"50";"6899";"7478";"7,67423921511552e-17";"3,7e-24";"FALSE";"increase";"TRUE";"0,792";"2,32770048975706e-05";"1,26105240901316";"0,273176737610955";"NaN";"NaN"
"51";"6901";"7479";"6,79325333856659e-17";"3,7e-24";"FALSE";"increase";"TRUE";"0,747333333333333";"2,34872501243544e-05";"1,04637786917536";"0,192336142814941";"NaN";"NaN"
"52";"6903";"7480";"7,82638929690628e-17";"3,7e-24";"FALSE";"increase";"TRUE";"0,723666666666667";"2,412460555834e-05";"1,14059845034067";"0,223002971517468";"NaN";"NaN"
"53";"6905";"7481";"8,86792982089733e-17";"3,7e-24";"FALSE";"increase";"TRUE";"0,660333333333333";"2,48013426755733e-05";"1,00020706121972";"0,174126364948733";"NaN";"NaN"
"54";"6907";"7482";"1,00890305245476e-17";"3,7e-24";"FALSE";"increase";"TRUE";"0,000333333333333333";"4,80935107877167e-05";"0,836484037273846";"0,125865904907999";"NaN";"NaN"
"55";"6909";"7483";"1,05756584171726e-17";"3,7e-24";"FALSE";"increase";"TRUE";"0,429";"4,89800425849118e-05";"0,824924985353426";"0,121316809841348";"NaN";"NaN"
"56";"6911";"7484";"1,36454055198146e-17";"3,7e-24";"FALSE";"increase";"TRUE";"0,385666666666667";"5,27835879208238e-05";"0,66077466078832";"0,0818573372980131";"NaN";"NaN"
"57";"6913";"7485";"1,53916884330859e-17";"3,7e-24";"FALSE";"increase";"TRUE";"0,476666666666667";"5,36546241987068e-05";"0,637268587806482";"0,0757255623838339";"NaN";"NaN"
"58";"6915";"7486";"1,53929967897178e-17";"3,7e-24";"FALSE";"increase";"TRUE";"0,916666666666667";"5,43577124627603e-05";"0,680176847064493";"0,0831847179029242";"NaN";"NaN"
"59";"6917";"7487";"1,39797532143011e-17";"3,7e-24";"FALSE";"increase";"TRUE";"0,96";"5,50126876419643e-05";"0,553146117069468";"0,0574260819265985";"NaN";"NaN"
"60";"6919";"7488";"1,84082770732018e-17";"3,7e-24";"FALSE";"increase";"TRUE";"0,999333333333333";"5,78399850534872e-05";"0,670438752658592";"0,0783323149176882";"NaN";"NaN"
"61";"6351";"6949";"8,98548111375401e-05";"0,00307911223429705";"FALSE";"none";"TRUE";"0";"0,000350498817576872";"0,000172883302235424";"2,30347037403062e-06";"NaN";"NaN"
"62";"6353";"6950";"0,00010582350044651";"0,00376131515304655";"FALSE";"none";"TRUE";"0";"0,000348817192054707";"0,000195437692510487";"2,8129757795847e-06";"NaN";"NaN"
"63";"6355";"6951";"0,000104853167425561";"0,003127348926145";"FALSE";"none";"TRUE";"0";"0,000356855610341711";"0,000252883315976194";"4,05080813547576e-06";"NaN";"NaN"
"64";"6357";"6952";"0,000122345617238291";"0,00343556240087535";"FALSE";"none";"TRUE";"0";"0,000361031094915809";"0,000313717322405457";"5,52280649860807e-06";"NaN";"NaN"
"65";"6359";"6953";"0,000162714405031418";"0,00490359109380664";"FALSE";"none";"TRUE";"0";"0,000351394526358906";"0,000331644012158027";"6,17216056493934e-06";"NaN";"NaN"
"66";"6361";"6954";"0,000219104124804343";"0,00724035451887259";"FALSE";"none";"TRUE";"0";"0,000346019459864788";"0,000357682949837199";"7,06041542361028e-06";"NaN";"NaN"
"67";"6363";"6955";"0,000247836732076128";"0,0082582229999474";"FALSE";"none";"TRUE";"0";"0,000366547790463967";"0,000373000510913264";"8,86506432085749e-14";"NaN";"NaN"
"68";"6365";"6956";"0,000272375262985311";"0,00839189251814531";"FALSE";"none";"TRUE";"0";"0,000388179233278052";"0,000237696741483061";"3,57017725511973e-14";"NaN";"NaN"
"69";"6367";"6957";"0,000309019003736396";"0,00910335872225719";"FALSE";"none";"TRUE";"0";"0,000405735001798746";"0,000150017884493959";"8,47064116106085e-15";"NaN";"NaN"
"70";"6369";"6958";"0,000296537937339006";"0,00707882022022182";"FALSE";"none";"TRUE";"0";"0,000430713801321536";"9,57259253656003e-05";"3,65288127936241e-15";"NaN";"NaN"
"71";"6371";"6959";"0,000373477932281133";"0,009332236492863";"FALSE";"none";"TRUE";"0";"0,000432933940882285";"6,17941505695619e-05";"1,68409258964404e-15";"NaN";"NaN"
"72";"6373";"6960";"0,000480825560719045";"0,0125361789431011";"FALSE";"none";"TRUE";"0";"0,000422276711134373";"4,01457834893139e-05";"8,13958596989111e-16";"NaN";"NaN"
"73";"6375";"6961";"0,000481216128014595";"0,0107657057178642";"FALSE";"none";"TRUE";"0";"0,00044067421603966";"2,56773011285412e-05";"3,85169350716947e-16";"NaN";"NaN"
"74";"6377";"6962";"0,000548698637035612";"0,0127445548299475";"FALSE";"none";"TRUE";"0";"0,000451959591489359";"1,51609659000002e-05";"1,47906068348574e-16";"NaN";"NaN"
"75";"6379";"6963";"0,000554519238986347";"0,012449523112916";"FALSE";"none";"TRUE";"0";"0,000484309478571143";"8,86324649298585e-06";"5,70198216547169e-17";"NaN";"NaN"
"76";"6381";"6964";"0,000600535150805517";"0,0133376798597125";"FALSE";"none";"TRUE";"0";"0,000473568836815375";"5,18250153271381e-06";"2,27033859875628e-17";"NaN";"NaN"
"77";"6383";"6965";"0,000757027534468138";"0,0181464914165274";"FALSE";"none";"TRUE";"0";"0,000480427154380791";"3,05674559295666e-06";"9,54374600416104e-18";"NaN";"NaN"
"78";"6385";"6966";"0,00080347459841366";"0,0178862608352197";"FALSE";"none";"TRUE";"0";"0,000496023855971917";"1,87396148704621e-06";"4,58492410807478e-18";"NaN";"NaN"
"79";"6387";"6967";"0,000974235958045714";"0,0222381761883074";"FALSE";"none";"TRUE";"0";"0,000484985416114858";"1,12692485015743e-06";"2,13952256221652e-18";"NaN";"NaN"
"80";"6389";"6968";"0,00101013432063304";"0,0207811536464641";"FALSE";"none";"TRUE";"0";"0,00048301312645771";"6,66130896706773e-07";"9,76402866925424e-19";"NaN";"NaN"
"81";"6391";"6969";"0,000848688593971106";"0,0166590733985187";"FALSE";"none";"TRUE";"0";"0,000542690919483113";"3,65024847417058e-07";"3,74393789355384e-19";"NaN";"NaN"
"82";"6393";"6970";"0,00094757473888085";"0,0196823204825958";"FALSE";"none";"TRUE";"0";"0,000552860011337142";"2,00980899953448e-07";"1,4953373191476e-19";"NaN";"NaN"
"83";"6395";"6971";"0,00102866278507101";"0,0201706305848351";"FALSE";"none";"TRUE";"0";"0,00054878263079039";"1,1556075529862e-07";"6,8455189896132e-20";"NaN";"NaN"
"84";"6397";"6972";"0,00118672108258515";"0,0234638845817242";"FALSE";"none";"TRUE";"0";"0,000552940777069466";"7,12625749907539e-08";"3,81494411229971e-20";"NaN";"NaN"
"85";"6399";"6973";"0,00128694253581853";"0,0268723035949517";"FALSE";"none";"TRUE";"0";"0,000577187692812897";"3,85152145046396e-08";"1,56266900703036e-20";"NaN";"NaN"
"86";"6401";"6974";"0,00131316858544841";"0,0249583668968757";"FALSE";"none";"TRUE";"0";"0,000590014688902185";"2,35423842562431e-08";"8,83740765144611e-21";"NaN";"NaN"
"87";"6403";"6975";"0,00166289628689351";"0,034275614952455";"FALSE";"none";"TRUE";"0";"0,000574506771875427";"1,43458392228294e-08";"5,03645132311113e-21";"NaN";"NaN"
"88";"6405";"6976";"0,00181170531873697";"0,0366520484480174";"FALSE";"none";"TRUE";"0";"0,000578375843581558";"8,96609929276095e-09";"3,09135289785175e-21";"NaN";"NaN"
"89";"6407";"6977";"0,0019255175096837";"0,037678792520164";"FALSE";"none";"TRUE";"0";"0,000585810119566821";"5,4179247306876e-09";"1,77629825952225e-21";"NaN";"NaN"
"90";"6409";"6978";"0,00198512482749214";"0,0398520034931652";"FALSE";"none";"TRUE";"0";"0,000605446391748199";"3,01122190127902e-09";"8,54576646285368e-22";"NaN";"NaN"
"91";"6441";"7039";"7,14424193113863e-12";"4,0005799010621e-14";"FALSE";"decrease";"TRUE";"1";"1,74815029119202e-09";"1,53277901505706";"0,256728965132572";"NaN";"NaN"
"92";"6443";"7040";"7,2984883752264e-12";"3,79147977371692e-14";"FALSE";"decrease";"TRUE";"0,997666666666667";"1,78764636427076e-09";"1,49424899795824";"0,238370886564879";"NaN";"NaN"
"93";"6445";"7041";"6,64791030304635e-12";"3,93903109872619e-14";"FALSE";"decrease";"TRUE";"1";"1,71775482726844e-09";"1,45037539118313";"0,218869496005595";"NaN";"NaN"
"94";"6447";"7042";"6,55282881457199e-12";"3,34130088145835e-14";"FALSE";"decrease";"TRUE";"0,964666666666667";"1,75041203753779e-09";"1,50614635924426";"0,251215738446887";"NaN";"NaN"
"95";"6449";"7043";"4,93259660132699e-12";"1,42104004917766e-14";"FALSE";"decrease";"TRUE";"1";"1,60146296224184e-09";"1,52933944902178";"0,267540274494221";"NaN";"NaN"
"96";"6451";"7044";"5,06363132373525e-12";"1,3566072576145e-14";"FALSE";"decrease";"TRUE";"0,999666666666667";"1,64300884009094e-09";"1,49089091370714";"0,249035463402206";"NaN";"NaN"
"97";"6453";"7045";"4,05516794419882e-12";"5,16038370639485e-15";"FALSE";"decrease";"TRUE";"0,751";"1,65785252193018e-09";"1,49799624850564";"0,255931939375137";"NaN";"NaN"
"98";"6455";"7046";"2,83894680890293e-12";"2,36443439910021e-15";"FALSE";"decrease";"TRUE";"1";"1,42238421041441e-09";"1,44580721031465";"0,231612685376094";"NaN";"NaN"
"99";"6457";"7047";"2,43571885502802e-12";"1,52631834806175e-15";"FALSE";"decrease";"TRUE";"0,994";"1,38912548131032e-09";"1,46305532510979";"0,243254043486031";"NaN";"NaN"
"100";"6459";"7048";"2,35668691402522e-12";"1,15972198473103e-15";"FALSE";"decrease";"TRUE";"0,999333333333333";"1,3962528910838e-09";"1,42629364230591";"0,227787019604228";"NaN";"NaN"
"101";"6461";"7049";"2,01379658822878e-12";"7,01639640849456e-16";"FALSE";"decrease";"TRUE";"1";"1,31580613071947e-09";"1,35940674418998";"0,200125722337711";"NaN";"NaN"
"102";"6463";"7050";"2,25300258523848e-12";"9,84281732553015e-16";"FALSE";"decrease";"TRUE";"1";"1,37065736538489e-09";"1,39840631188831";"0,220178984829015";"NaN";"NaN"
"103";"6465";"7051";"2,43145919203064e-12";"1,15814892146129e-15";"FALSE";"decrease";"TRUE";"1";"1,42388278945305e-09";"1,39411064285486";"0,220907587447113";"NaN";"NaN"
"104";"6467";"7052";"2,53325442188052e-12";"1,21641331309621e-15";"FALSE";"decrease";"TRUE";"1";"1,47289180851828e-09";"1,46206268807349";"0,256814104388565";"NaN";"NaN"
"105";"6469";"7053";"2,28159773711271e-12";"7,84206875434521e-16";"FALSE";"decrease";"TRUE";"1";"1,4463195086023e-09";"1,45743498368977";"0,257131992006486";"NaN";"NaN"
"106";"6471";"7054";"2,36501730066287e-12";"7,78715818881481e-16";"FALSE";"decrease";"TRUE";"0,998";"1,50125489817299e-09";"1,44877519813723";"0,255371073090466";"NaN";"NaN"
"107";"6473";"7055";"1,97147528687363e-12";"3,93651610952692e-16";"FALSE";"decrease";"TRUE";"1";"1,46792311639388e-09";"1,48905345634927";"0,279288976010457";"NaN";"NaN"
"108";"6475";"7056";"1,57458882274026e-12";"1,42233057210301e-16";"FALSE";"decrease";"TRUE";"0,994333333333333";"1,44708178773101e-09";"1,48735023502143";"0,280993441830742";"NaN";"NaN"
"109";"6477";"7057";"1,1543768152653e-12";"4,93180066758493e-17";"FALSE";"decrease";"TRUE";"1";"1,34169120258321e-09";"1,52165511568766";"0,302937971227989";"NaN";"NaN"
"110";"6479";"7058";"1,05322586071241e-12";"3,41990698279554e-17";"FALSE";"decrease";"TRUE";"0,997666666666667";"1,3518486330355e-09";"1,58480729479374";"0,344476545322318";"NaN";"NaN"
"111";"6481";"7059";"1,20593055455942e-12";"5,43395657024886e-17";"FALSE";"decrease";"TRUE";"0,999333333333333";"1,4003371795468e-09";"1,61064520832805";"0,364350147540882";"NaN";"NaN"
"112";"6483";"7060";"1,09532241171682e-12";"3,77101935918416e-17";"FALSE";"decrease";"TRUE";"0,990666666666667";"1,37651845477649e-09";"1,55198472506744";"0,328724481042049";"NaN";"NaN"
"113";"6485";"7061";"8,83942347415331e-13";"2,01388316459936e-17";"FALSE";"decrease";"TRUE";"0,981";"1,3321823644219e-09";"1,55601810479432";"0,333696971012917";"NaN";"NaN"
"114";"6487";"7062";"7,17562200976157e-13";"7,7133023630949e-18";"FALSE";"decrease";"TRUE";"0,994333333333333";"1,28697053014548e-09";"1,47868842883772";"0,291433561808962";"NaN";"NaN"
"115";"6489";"7063";"6,24757038451832e-13";"6,85807026254643e-18";"FALSE";"decrease";"TRUE";"0,934666666666667";"1,044482278445e-09";"1,49250798978804";"0,301411846227588";"NaN";"NaN"
"116";"6491";"7064";"4,21400376288682e-13";"1,98980561131504e-18";"FALSE";"decrease";"TRUE";"0,924333333333333";"9,27708909692626e-10";"1,5063111320736";"0,311536191592561";"NaN";"NaN"
"117";"6493";"7065";"2,84707354911996e-13";"7,67942792293346e-19";"FALSE";"decrease";"TRUE";"0,785666666666667";"7,73297426093222e-10";"1,52293860271944";"0,323460477974866";"NaN";"NaN"
"118";"6495";"7066";"2,66098893261042e-13";"4,67828648538553e-19";"FALSE";"decrease";"TRUE";"0,643";"7,90012721907374e-10";"1,52987138551287";"0,329862293295537";"NaN";"NaN"
"119";"6497";"7067";"1,74312113560364e-13";"1,42977517692138e-19";"FALSE";"decrease";"TRUE";"0,532666666666667";"6,83832990233668e-10";"1,48677798597607";"0,307649615160261";"NaN";"NaN"
"120";"6499";"7068";"1,14744817653456e-13";"6,18875260933857e-20";"FALSE";"decrease";"TRUE";"0,679";"5,20787413194057e-10";"1,49378542905127";"0,313796573203541";"NaN";"NaN"
"121";"654";"1252";"9,72540139493156e-19";"6,26297287298043e-16";"FALSE";"increase";"TRUE";"0,983";"0";"1,44126941582913";"0,407068583189916";"NaN";"NaN"
"122";"656";"1253";"8,69833623471278e-19";"4,12832595977817e-16";"FALSE";"increase";"TRUE";"0,707333333333333";"0";"1,49153992505127";"0,433246942120687";"NaN";"NaN"
"123";"658";"1254";"6,63820307446885e-19";"3,23532177354552e-16";"FALSE";"increase";"TRUE";"0,361333333333333";"0";"1,35772593593864";"0,370318357898584";"NaN";"NaN"
"124";"660";"1255";"5,24111198241071e-19";"4,01410064312596e-16";"FALSE";"increase";"TRUE";"1";"0";"1,47562567793155";"0,425900286561948";"NaN";"NaN"
"125";"662";"1256";"4,83981292137045e-19";"2,29040032898912e-16";"FALSE";"increase";"TRUE";"0,957";"0";"1,44566236222454";"0,411165376636697";"NaN";"NaN"
"126";"664";"1257";"3,60104719771183e-19";"7,00784556916913e-17";"FALSE";"increase";"TRUE";"0,482333333333333";"0";"1,43040427155388";"0,404073760821588";"NaN";"NaN"
"127";"666";"1258";"2,51135976764881e-19";"2,7198415640919e-17";"FALSE";"increase";"TRUE";"0,743666666666667";"0";"1,56780518405872";"0,477455706246049";"NaN";"NaN"
"128";"668";"1259";"1,85733785426904e-19";"1,30125426565886e-17";"FALSE";"increase";"TRUE";"0,997666666666667";"0";"1,53495224688772";"0,459311756059974";"NaN";"NaN"
"129";"670";"1260";"1,25672896796505e-19";"5,04050420056716e-18";"FALSE";"increase";"TRUE";"1";"0";"1,5366620232221";"0,46066138486582";"NaN";"NaN"
"130";"672";"1261";"1,28871300360588e-19";"4,54763375247756e-18";"FALSE";"increase";"TRUE";"0,806666666666667";"0";"1,56408298276446";"0,423144286722093";"NaN";"NaN"
"131";"674";"1262";"1,03898874106722e-19";"3,24378289476938e-18";"FALSE";"increase";"TRUE";"1";"0";"1,50241621356073";"0,442880380456778";"NaN";"NaN"
"132";"676";"1263";"8,94212500003993e-20";"1,39948474149881e-18";"FALSE";"increase";"TRUE";"0,999333333333333";"0";"1,47683216814785";"0,429885703754588";"NaN";"NaN"
"133";"678";"1264";"8,05751962596957e-20";"9,3717654950478e-19";"FALSE";"increase";"TRUE";"1";"0";"1,38601018038878";"0,385724506304339";"NaN";"NaN"
"134";"680";"1265";"8,85282801430336e-20";"1,26181758984512e-18";"FALSE";"increase";"TRUE";"1";"0";"1,50524886198705";"0,445492572640451";"NaN";"NaN"
"135";"682";"1266";"9,72127372270845e-20";"1,7826657521086e-18";"FALSE";"increase";"TRUE";"1";"0";"1,4334391554377";"0,409170906049588";"NaN";"NaN"
"136";"684";"1267";"1,0467501128324e-19";"2,16513033100382e-18";"FALSE";"increase";"TRUE";"1";"0";"1,44763073255016";"0,416533922497176";"NaN";"NaN"
"137";"686";"1268";"1,07613482357698e-19";"2,06235961767971e-18";"FALSE";"increase";"TRUE";"1";"0";"1,54382538992048";"0,419592230057742";"NaN";"NaN"
"138";"688";"1269";"1,05223688727136e-19";"1,61487446029451e-18";"FALSE";"increase";"TRUE";"1";"0";"1,51656405651344";"0,45287372304311";"NaN";"NaN"
"139";"690";"1270";"1,06091086747516e-19";"1,36266548233484e-18";"FALSE";"increase";"TRUE";"1";"0";"1,54931453260502";"0,471170201652326";"NaN";"NaN"
"140";"692";"1271";"1,12496209226299e-19";"1,55610980898929e-18";"FALSE";"increase";"TRUE";"1";"0";"1,45698903602054";"0,422488713632276";"NaN";"NaN"
"141";"694";"1272";"1,13354915000466e-19";"1,37725677955811e-18";"FALSE";"increase";"TRUE";"1";"0";"1,52573842928946";"0,45871700549495";"NaN";"NaN"
"142";"696";"1273";"3,46169981866979e-08";"3,43607822147112e-13";"FALSE";"none";"TRUE";"0";"0,312151141892667";"4,42522136941299e-22";"9,14765730892496e-28";"NaN";"NaN"
"143";"698";"1274";"2,58156622552622e-08";"2,19623909277352e-13";"FALSE";"none";"TRUE";"0";"0,314334151281949";"2,49732373747516e-21";"5,26899063455724e-27";"NaN";"NaN"
"144";"700";"1275";"2,06885082318895e-08";"1,4732036893762e-13";"FALSE";"none";"TRUE";"0";"0,314273949152621";"1,39263428717149e-20";"3,03593254242543e-26";"NaN";"NaN"
"145";"702";"1276";"1,65528259516372e-08";"9,22189121463493e-14";"FALSE";"none";"TRUE";"0";"0,31446778290371";"7,38135736913413e-20";"1,66913030086867e-25";"NaN";"NaN"
"146";"704";"1277";"1,08822343785909e-08";"3,4066095593284e-14";"FALSE";"none";"TRUE";"0";"0,322634031287591";"3,31117129398849e-19";"7,58324759538095e-25";"NaN";"NaN"
"147";"706";"1278";"7,75179470855254e-09";"1,58986854080102e-14";"FALSE";"none";"TRUE";"0";"0,325549714973215";"1,50708073017307e-18";"3,55621366741496e-24";"NaN";"NaN"
"148";"708";"1279";"1,00360895221503e-08";"2,69516061525741e-14";"FALSE";"none";"TRUE";"0";"0,309587090825659";"4,99620218978219e-18";"2,96566633809806e-31";"NaN";"NaN"
"149";"710";"1280";"1,09359479207117e-08";"3,55530576297584e-14";"FALSE";"none";"TRUE";"0";"0,299733248903564";"1,16948388345435e-18";"4,75913618501059e-32";"NaN";"NaN"
"150";"712";"1281";"1,04431873822139e-08";"3,60708756754127e-14";"FALSE";"none";"TRUE";"0";"0,293757299498635";"2,93909784210449e-19";"8,84767775229567e-33";"NaN";"NaN"
"151";"3607";"4205";"6,14967681185802e-19";"1,08154479033465e-20";"FALSE";"decrease";"TRUE";"0,992333333333333";"0";"1,34289055118018";"0,354406181058455";"NaN";"NaN"
"152";"3609";"4206";"6,7542318157338e-19";"1,59531292011292e-20";"FALSE";"decrease";"TRUE";"0,817666666666667";"0";"1,3603652997748";"0,361572091750574";"NaN";"NaN"
"153";"3611";"4207";"6,4883338470109e-19";"1,13362653925054e-20";"FALSE";"decrease";"TRUE";"0,931333333333333";"0";"1,14756496215257";"0,272543294612771";"NaN";"NaN"
"154";"3613";"4208";"4,08123756734268e-19";"6,26996410490803e-21";"FALSE";"decrease";"TRUE";"0,868333333333333";"0";"1,13541577116447";"0,267191489486429";"NaN";"NaN"
"155";"3615";"4209";"2,69191592517453e-19";"2,22704996279572e-21";"FALSE";"decrease";"TRUE";"0,957";"0";"1,12033905879801";"0,260792670157388";"NaN";"NaN"
"156";"3617";"4210";"2,087112863303e-19";"7,05447540014181e-22";"FALSE";"decrease";"TRUE";"0,998";"0";"1,10810256794887";"0,25547929162788";"NaN";"NaN"
"157";"3619";"4211";"1,71937037091127e-19";"2,46542849597007e-22";"FALSE";"decrease";"TRUE";"0,996666666666667";"0";"1,07621745231698";"0,243193617000133";"NaN";"NaN"
"158";"3621";"4212";"1,46032419169905e-19";"1,11618736354141e-22";"FALSE";"decrease";"TRUE";"0,664";"0";"1,11770947103396";"0,257229179666958";"NaN";"NaN"
"159";"3623";"4213";"1,49319834722143e-19";"1,02649275484519e-22";"FALSE";"decrease";"TRUE";"0,0536666666666667";"0";"1,12809626105085";"0,260134000028588";"NaN";"NaN"
"160";"3625";"4214";"1,08194826032543e-19";"2,60904952363784e-22";"FALSE";"decrease";"TRUE";"0,978333333333333";"0";"1,10933543006143";"0,252335869552119";"NaN";"NaN"
"161";"3627";"4215";"9,78760600313302e-20";"1,07186030106904e-22";"FALSE";"decrease";"TRUE";"0,973333333333333";"0";"1,11857764570672";"0,254745939563256";"NaN";"NaN"
"162";"3629";"4216";"7,13631031282846e-20";"2,7652785452054e-23";"FALSE";"decrease";"TRUE";"0,97";"0";"1,10265358475588";"0,247988816818478";"NaN";"NaN"
"163";"3631";"4217";"6,24936021702275e-20";"1,24638731956938e-23";"FALSE";"decrease";"TRUE";"0,818";"0";"1,05573057394662";"0,230436422574444";"NaN";"NaN"
"164";"3633";"4218";"4,76505821797944e-20";"4,5255255097065e-24";"FALSE";"decrease";"TRUE";"0,261";"0";"1,24155144057041";"0,299187151143355";"NaN";"NaN"
"165";"3635";"4219";"4,88372023836455e-20";"2,31651404093412e-23";"FALSE";"decrease";"TRUE";"0,838666666666667";"0";"1,09224133836793";"0,241188683464264";"NaN";"NaN"
"166";"3637";"4220";"5,08325607991026e-20";"2,61509893390362e-23";"FALSE";"decrease";"TRUE";"0,641333333333333";"0";"1,18833739590487";"0,275832408158387";"NaN";"NaN"
"167";"3639";"4221";"3,26407157641516e-20";"1,10412035496124e-23";"FALSE";"decrease";"TRUE";"0,85";"0";"1,18544804266935";"0,273592161969998";"NaN";"NaN"
"168";"3641";"4222";"2,76836516067936e-20";"3,82929412310336e-24";"FALSE";"decrease";"TRUE";"0,853";"0";"1,17775348823442";"0,269479544311939";"NaN";"NaN"
"169";"3643";"4223";"1,86622674380699e-20";"3,7e-24";"FALSE";"decrease";"TRUE";"0,711666666666667";"0";"1,16702294782959";"0,264208490771959";"NaN";"NaN"
"170";"3645";"4224";"1,72662713756839e-20";"3,7e-24";"FALSE";"decrease";"TRUE";"0,861666666666667";"0";"1,34432320517345";"0,336470061738453";"NaN";"NaN"
"171";"3647";"4225";"1,71034493143351e-20";"3,7e-24";"FALSE";"decrease";"TRUE";"0,705";"0";"1,28485968712911";"0,309131801341929";"NaN";"NaN"
"172";"3649";"4226";"1,77510248782817e-20";"3,7e-24";"FALSE";"decrease";"TRUE";"0,73";"0";"1,34894005806339";"0,336049364978953";"NaN";"NaN"
"173";"3651";"4227";"1,44168935554227e-20";"3,7e-24";"FALSE";"decrease";"TRUE";"0,452";"0";"1,35126852168003";"0,335806260824825";"NaN";"NaN"
"174";"3653";"4228";"1,23984572108683e-20";"3,7e-24";"FALSE";"decrease";"TRUE";"0,568666666666667";"0";"1,36320809642032";"0,339953678944164";"NaN";"NaN"
"175";"3655";"4229";"9,62660843229783e-21";"3,7e-24";"FALSE";"decrease";"TRUE";"0,0336666666666667";"0";"1,1247801582082";"0,240913264183076";"NaN";"NaN"
"176";"3657";"4230";"9,87957184122979e-21";"3,7e-24";"FALSE";"decrease";"TRUE";"0,015";"0";"1,23355650796713";"0,28118956427556";"NaN";"NaN"
"177";"3659";"4231";"7,9769044508693e-21";"3,7e-24";"FALSE";"decrease";"TRUE";"0";"0";"1,19268450287331";"0,263604707402572";"NaN";"NaN"
"178";"3661";"4232";"8,67754532212597e-21";"3,7e-24";"FALSE";"decrease";"TRUE";"0";"0";"1,11732723787199";"0,234039881408705";"NaN";"NaN"
"179";"3663";"4233";"3,10892853038315e-12";"5,14370626827258e-16";"FALSE";"decrease";"TRUE";"0,483";"3,54302187588473e-08";"1,10379687834311";"0,227757076438646";"NaN";"NaN"
"180";"3665";"4234";"2,64306151066577e-12";"5,99021120338152e-16";"FALSE";"decrease";"TRUE";"0,869";"3,03145147872996e-08";"0,98241613114907";"0,185732104154241";"NaN";"NaN"
"181";"5308";"5906";"1,8704367460121e-26";"3,7e-24";"FALSE";"decrease";"TRUE";"0,000333333333333333";"1,79256609555978e-12";"0,598706425281016";"0,0905030353721732";"NaN";"NaN"
"182";"5310";"5907";"3,52366926417025e-26";"3,7e-24";"FALSE";"decrease";"TRUE";"0,972";"2,65121258280487e-13";"0,568191052963942";"0,0829568099240725";"NaN";"NaN"
"183";"5312";"5908";"2,79665902907373e-26";"3,7e-24";"FALSE";"decrease";"TRUE";"0,791333333333333";"1,32338584535319e-13";"0,603390164366195";"0,0897768723628518";"NaN";"NaN"
"184";"5314";"5909";"1,94254269933207e-26";"3,7e-24";"FALSE";"decrease";"TRUE";"0,610666666666667";"1,32116539930394e-13";"0,624004169923449";"0,0934663295838527";"NaN";"NaN"
"185";"5316";"5910";"1,6973745276405e-26";"3,7e-24";"FALSE";"decrease";"TRUE";"0,834333333333333";"1,31894495325469e-13";"0,496943375948076";"0,0658571760734049";"NaN";"NaN"
"186";"5318";"5911";"1,64595897950764e-26";"3,7e-24";"FALSE";"decrease";"TRUE";"0,203";"1,31672450720544e-13";"0,626238129716385";"0,092044672351774";"NaN";"NaN"
"187";"5320";"5912";"1,3611509049582e-26";"3,7e-24";"FALSE";"decrease";"TRUE";"0,651";"1,31450406115619e-13";"0,482102369994722";"0,0614065050709174";"NaN";"NaN"
"188";"5322";"5913";"1,0478562640097e-26";"3,7e-24";"FALSE";"decrease";"TRUE";"0,000333333333333333";"6,56141807553468e-14";"0,351937495645445";"0,0381169733252584";"NaN";"NaN"
"189";"5324";"5914";"1,43210645982107e-26";"3,7e-24";"FALSE";"decrease";"TRUE";"0,264";"0";"0,476326139012545";"0,0587101299258579";"NaN";"NaN"
"190";"5326";"5915";"8,73185385209869e-27";"3,7e-24";"FALSE";"decrease";"TRUE";"0,0886666666666667";"0";"0,466273086842787";"0,0560573199291849";"NaN";"NaN"
"191";"5328";"5916";"6,90892786120022e-27";"3,7e-24";"FALSE";"decrease";"TRUE";"0,181";"0";"0,436792961131647";"0,0500528827732513";"NaN";"NaN"
"192";"5330";"5917";"5,8094632638247e-27";"3,7e-24";"FALSE";"decrease";"TRUE";"0,027";"0";"0,458215554529375";"0,0529860916940106";"NaN";"NaN"
"193";"5332";"5918";"5,00557573292532e-27";"3,7e-24";"FALSE";"decrease";"TRUE";"0,000333333333333333";"0";"0,591829046981126";"0,0775358402940577";"NaN";"NaN"
"194";"5334";"5919";"4,70772715031742e-27";"3,7e-24";"FALSE";"decrease";"TRUE";"0";"0";"0,479308321096744";"0,0550105970197745";"NaN";"NaN"
"195";"5336";"5920";"4,33921822826411e-27";"3,7e-24";"FALSE";"decrease";"TRUE";"0";"0";"0,326100819581905";"0,0300065608628517";"NaN";"NaN"
"196";"5338";"5921";"5,30690247982603e-27";"3,7e-24";"FALSE";"decrease";"TRUE";"0";"0";"0,310508835187172";"0,0272868654136028";"NaN";"NaN"
"197";"5340";"5922";"3,21548657674448e-22";"3,7e-24";"FALSE";"decrease";"TRUE";"0,868333333333333";"0";"0,323378210799891";"0,0284089143470657";"NaN";"NaN"
"198";"5342";"5923";"3,2852201912828e-22";"3,7e-24";"FALSE";"decrease";"TRUE";"0,898333333333333";"0";"0,40024357593139";"0,0386916873882465";"NaN";"NaN"
"199";"5344";"5924";"2,91730391677603e-22";"3,7e-24";"FALSE";"decrease";"TRUE";"0,962333333333333";"0";"0,543642447623286";"0,0617906865460899";"NaN";"NaN"
"200";"5346";"5925";"3,34535784893213e-22";"3,7e-24";"FALSE";"decrease";"TRUE";"0,901666666666667";"0";"0,466940337471478";"0,0474799397447384";"NaN";"NaN"
"201";"5348";"5926";"3,41956556467414e-22";"3,7e-24";"FALSE";"decrease";"TRUE";"0,870666666666667";"0";"0,443194593741704";"0,0427880718421195";"NaN";"NaN"
"202";"5350";"5927";"3,41691409403288e-22";"3,7e-24";"FALSE";"decrease";"TRUE";"0,867666666666667";"0";"0,446648481144876";"0,0424278148288671";"NaN";"NaN"
"203";"5352";"5928";"5,29469607599049e-23";"3,7e-24";"FALSE";"decrease";"TRUE";"0";"0";"0,527485417450144";"0,0813144595156989";"NaN";"NaN"
"204";"5354";"5929";"7,24015100816116e-23";"3,7e-24";"FALSE";"decrease";"TRUE";"0,442333333333333";"0";"0,592491625098775";"0,0651100672630322";"NaN";"NaN"
"205";"5356";"5930";"6,89699109292123e-23";"3,7e-24";"FALSE";"decrease";"TRUE";"0,006";"0";"0,615021670020744";"0,0680855512660876";"NaN";"NaN"
"206";"5358";"5931";"7,30358397184541e-23";"3,7e-24";"FALSE";"decrease";"TRUE";"0,0213333333333333";"0";"0,584507317266436";"0,0611669959215329";"NaN";"NaN"
"207";"5360";"5932";"8,17911059512881e-23";"3,7e-24";"FALSE";"decrease";"TRUE";"0,504666666666667";"0";"0,648540812540618";"0,071832980969616";"NaN";"NaN"
"208";"5362";"5933";"7,16952214106395e-23";"3,7e-24";"FALSE";"decrease";"TRUE";"0,713666666666667";"0";"0,583461992927399";"0,0584582961436173";"NaN";"NaN"
"209";"5364";"5934";"6,03808871441488e-23";"3,7e-24";"FALSE";"decrease";"TRUE";"0,850666666666667";"0";"0,764220813375569";"0,0928139816943456";"NaN";"NaN"
"210";"5366";"5935";"6,32504204363715e-23";"3,7e-24";"FALSE";"decrease";"TRUE";"0,705";"0";"0,882028487353108";"0,119091974005375";"NaN";"NaN"
"211";"9183";"9781";"2,57752904355891e-26";"3,7e-24";"FALSE";"increase";"TRUE";"0,981333333333333";"0";"1,10224274503685";"0,271801787616485";"NaN";"NaN"
"212";"9185";"9782";"2,36322493845015e-26";"3,7e-24";"FALSE";"increase";"TRUE";"0,999333333333333";"0";"1,22008043444861";"0,317167410806531";"NaN";"NaN"
"213";"9187";"9783";"2,30965840160892e-26";"3,7e-24";"FALSE";"increase";"TRUE";"0,950666666666667";"0";"1,297702753727";"0,349644356357195";"NaN";"NaN"
"214";"9189";"9784";"1,76829544442943e-26";"3,7e-24";"FALSE";"increase";"TRUE";"0,998";"0";"1,29717569589081";"0,349667045219676";"NaN";"NaN"
"215";"9191";"9785";"1,84563965919273e-26";"3,7e-24";"FALSE";"increase";"TRUE";"0,97";"0";"1,26716504240425";"0,3371981730211";"NaN";"NaN"
"216";"9193";"9786";"1,90820038576272e-26";"3,7e-24";"FALSE";"increase";"TRUE";"0,971";"0";"1,36462778100684";"0,379987595267041";"NaN";"NaN"
"217";"9195";"9787";"2,03488519591459e-26";"3,7e-24";"FALSE";"increase";"TRUE";"0,859333333333333";"0";"1,39057526626985";"0,392203944499077";"NaN";"NaN"
"218";"9197";"9788";"2,15320815976523e-26";"3,7e-24";"FALSE";"increase";"TRUE";"0,024";"0";"1,3159786979057";"0,358687415036042";"NaN";"NaN"
"219";"9199";"9789";"1,32519952259765e-26";"3,7e-24";"FALSE";"increase";"TRUE";"0,787333333333333";"0";"1,30327977498266";"0,353370935764982";"NaN";"NaN"
"220";"9201";"9790";"1,01255828281661e-26";"3,7e-24";"FALSE";"increase";"TRUE";"0,964";"0";"1,16609129924508";"0,297747533959643";"NaN";"NaN"
"221";"9203";"9791";"9,12504316013654e-27";"3,7e-24";"FALSE";"increase";"TRUE";"0,992666666666667";"0";"1,28291851851477";"0,345020223108998";"NaN";"NaN"
"222";"9205";"9792";"8,06219483060853e-27";"3,7e-24";"FALSE";"increase";"TRUE";"0,931";"0";"1,15259067092192";"0,292919534787066";"NaN";"NaN"
"223";"9207";"9793";"7,5158555101626e-27";"3,7e-24";"FALSE";"increase";"TRUE";"0,732666666666667";"0";"1,15937944490185";"0,295653561575588";"NaN";"NaN"
"224";"9209";"9794";"4,59970393283577e-27";"3,7e-24";"FALSE";"increase";"TRUE";"0,969333333333333";"0";"1,14548370030076";"0,290508933463203";"NaN";"NaN"
"225";"9211";"9795";"5,11347914740722e-27";"3,7e-24";"FALSE";"increase";"TRUE";"0,952";"0";"1,16951384974773";"0,299800502680824";"NaN";"NaN"
"226";"9213";"9796";"4,57074927982348e-27";"3,7e-24";"FALSE";"increase";"TRUE";"0,969666666666667";"0";"1,17820260237817";"0,303270582980742";"NaN";"NaN"
"227";"9215";"9797";"4,42895572575418e-27";"3,7e-24";"FALSE";"increase";"TRUE";"0,971333333333333";"0";"1,21863569256915";"0,319313355048131";"NaN";"NaN"
"228";"9217";"9798";"3,95666453200952e-27";"3,7e-24";"FALSE";"increase";"TRUE";"0,871";"0";"1,03039488839004";"0,249293192090639";"NaN";"NaN"
"229";"9219";"9799";"3,39012022783812e-27";"3,7e-24";"FALSE";"increase";"TRUE";"0,874";"0";"1,02686225837126";"0,248144226513052";"NaN";"NaN"
"230";"9221";"9800";"3,62740450738466e-27";"3,7e-24";"FALSE";"increase";"TRUE";"0,892";"0";"1,10764703226466";"0,276974788426689";"NaN";"NaN"
"231";"9223";"9801";"3,72794611560325e-27";"3,7e-24";"FALSE";"increase";"TRUE";"0,809666666666667";"0";"1,01504640369246";"0,244188176707348";"NaN";"NaN"
"232";"9225";"9802";"4,03340704319481e-27";"3,7e-24";"FALSE";"increase";"TRUE";"0,743";"0";"0,973915568996778";"0,23033875086496";"NaN";"NaN"
"233";"9227";"9803";"4,23900347487359e-27";"3,7e-24";"FALSE";"increase";"TRUE";"0,788";"0";"1,04408660563455";"0,254304340889761";"NaN";"NaN"
"234";"9229";"9804";"3,24386971517284e-22";"3,7e-24";"FALSE";"none";"TRUE";"0";"0";"2,01335031266294e-12";"3,69961627747227e-16";"NaN";"NaN"
"235";"9231";"9805";"2,10979897416644e-22";"3,7e-24";"FALSE";"none";"TRUE";"0";"0";"6,54548157522586e-12";"1,28752452824918e-15";"NaN";"NaN"
"236";"9233";"9806";"2,23459036445998e-22";"3,7e-24";"FALSE";"none";"TRUE";"0";"0";"1,04834752049934e-11";"1,89204288934243e-15";"NaN";"NaN"
"237";"9235";"9807";"1,97903681909451e-22";"3,7e-24";"FALSE";"none";"TRUE";"0";"0";"1,5765617925404e-11";"2,57445769633512e-15";"NaN";"NaN"
"238";"9237";"9808";"1,69621948992824e-22";"3,7e-24";"FALSE";"none";"TRUE";"0";"0";"5,00475893143019e-11";"8,92356292808337e-15";"NaN";"NaN"
"239";"9239";"9809";"1,33798463116276e-22";"3,7e-24";"FALSE";"none";"TRUE";"0";"0";"5,74208043157607e-11";"8,69723759552587e-15";"NaN";"NaN"
"240";"9241";"9810";"9,35143074227657e-23";"3,7e-24";"FALSE";"none";"TRUE";"0";"0";"1,84217228393296e-10";"3,11120384294364e-14";"NaN";"NaN"
"241";"344";"942";"3,94933357807347e-21";"3,7e-24";"FALSE";"increase";"TRUE";"1";"3,31956684362922e-13";"1,6530608751035";"0,511004039032625";"NaN";"NaN"
"242";"346";"943";"4,6603407572504e-21";"3,7e-24";"FALSE";"increase";"TRUE";"1";"3,97681887420731e-13";"1,71969446040143";"0,559143339021305";"NaN";"NaN"
"243";"348";"944";"5,81311377985349e-21";"3,7e-24";"FALSE";"increase";"TRUE";"1";"3,97015753605956e-13";"1,63616028202272";"0,501286914726469";"NaN";"NaN"
"244";"350";"945";"6,21500396510346e-21";"3,7e-24";"FALSE";"increase";"TRUE";"1";"3,96349619791181e-13";"1,66332838502531";"0,520089416259416";"NaN";"NaN"
"245";"352";"946";"7,33087880874892e-21";"3,7e-24";"FALSE";"increase";"TRUE";"1";"4,6163073363914e-13";"1,75891558448556";"0,591954112611201";"NaN";"NaN"
"246";"354";"947";"8,32770764080931e-21";"3,7e-24";"FALSE";"increase";"TRUE";"1";"5,26689802882174e-13";"1,7043130426283";"0,550342202530401";"NaN";"NaN"
"247";"356";"948";"9,34777748359701e-21";"3,7e-24";"FALSE";"increase";"TRUE";"1";"5,25801624462474e-13";"1,75230522487712";"0,587786874850449";"NaN";"NaN"
"248";"358";"949";"1,10264267883951e-20";"3,7e-24";"FALSE";"increase";"TRUE";"1";"5,24913446042774e-13";"1,70200527929422";"0,549937047367451";"NaN";"NaN"
"249";"360";"950";"1,1501350349905e-20";"3,7e-24";"FALSE";"increase";"TRUE";"1";"5,89528426075958e-13";"1,69638690053337";"0,54650457638527";"NaN";"NaN"
"250";"362";"951";"1,23241621550946e-20";"3,7e-24";"FALSE";"increase";"TRUE";"1";"6,53921361504217e-13";"1,69590717395716";"0,546779893336501";"NaN";"NaN"
"251";"364";"952";"1,37212581605499e-20";"3,7e-24";"FALSE";"increase";"TRUE";"1";"6,52811138479592e-13";"1,7237792541034";"0,56789453379123";"NaN";"NaN"
"252";"366";"953";"1,62556638282147e-20";"3,7e-24";"FALSE";"increase";"TRUE";"1";"6,51700915454967e-13";"1,66892908195264";"0,529143180111635";"NaN";"NaN"
"253";"368";"954";"2,02198649154269e-20";"3,7e-24";"FALSE";"increase";"TRUE";"1";"7,8070883091641e-13";"1,73392445338841";"0,5767780763337";"NaN";"NaN"
"254";"370";"955";"2,1919175626202e-20";"3,7e-24";"FALSE";"increase";"TRUE";"1";"7,7937656328686e-13";"1,68581461112751";"0,542018967743542";"NaN";"NaN"
"255";"372";"956";"2,35850285068028e-20";"3,7e-24";"FALSE";"increase";"TRUE";"1";"8,42881320295419e-13";"1,65130843530448";"0,519124670141322";"NaN";"NaN"
"256";"374";"957";"2,25580439699909e-20";"3,7e-24";"FALSE";"increase";"TRUE";"1";"8,41438030363406e-13";"1,68866002579836";"0,545163005005695";"NaN";"NaN"
"257";"376";"958";"3,03110551193461e-20";"3,7e-24";"FALSE";"increase";"TRUE";"0,139333333333333";"1,29229960066368e-12";"1,73884640545834";"0,582734273271641";"NaN";"NaN"
"258";"378";"959";"3,49935257754581e-20";"3,7e-24";"FALSE";"increase";"TRUE";"0,352";"1,41908707007588e-12";"1,71725493307299";"0,537548467739829";"NaN";"NaN"
"259";"380";"960";"4,81561624395716e-20";"3,7e-24";"FALSE";"increase";"TRUE";"0,679666666666667";"1,80300219199125e-12";"1,7116518644323";"0,563288569500355";"NaN";"NaN"
"260";"382";"961";"4,70506478161602e-20";"3,7e-24";"FALSE";"increase";"TRUE";"0,869";"1,8641754806481e-12";"1,68025039664686";"0,541479762913872";"NaN";"NaN"
"261";"384";"962";"5,06196376169838e-20";"3,7e-24";"FALSE";"increase";"TRUE";"0,994666666666667";"1,92512672470002e-12";"1,68514060634454";"0,545393863007504";"NaN";"NaN"
"262";"386";"963";"5,56796925429324e-20";"3,7e-24";"FALSE";"increase";"TRUE";"1";"2,04991579266789e-12";"1,69491470506974";"0,552765382847618";"NaN";"NaN"
"263";"388";"964";"6,0631166075463e-20";"3,7e-24";"FALSE";"increase";"TRUE";"0,997";"2,17426077142591e-12";"1,64265951899161";"0,517914962641082";"NaN";"NaN"
"264";"390";"965";"6,69682329891431e-20";"3,7e-24";"FALSE";"increase";"TRUE";"1";"2,29816166097407e-12";"1,68656025025159";"0,547885319681262";"NaN";"NaN"
"265";"392";"966";"8,49656074175166e-20";"3,7e-24";"FALSE";"increase";"TRUE";"0,995333333333333";"2,54907206453936e-12";"1,59686908717472";"0,490332199140018";"NaN";"NaN"
"266";"394";"967";"1,0155483358798e-19";"3,7e-24";"FALSE";"increase";"TRUE";"1";"2,6718627310629e-12";"1,64121741738505";"0,518492773429231";"NaN";"NaN"
"267";"396";"968";"1,40245198176871e-19";"3,7e-24";"FALSE";"increase";"TRUE";"0,915";"3,17523785042795e-12";"1,72970025349153";"0,580504583991403";"NaN";"NaN"
"268";"398";"969";"1,75270952460686e-19";"3,7e-24";"FALSE";"increase";"TRUE";"1";"3,5500491435414e-12";"1,68199844329723";"0,546597358926554";"NaN";"NaN"
"269";"400";"970";"1,98420248249921e-19";"3,7e-24";"FALSE";"increase";"TRUE";"1";"3,7336800318144e-12";"1,63237976828833";"0,51426494304157";"NaN";"NaN"
"270";"402";"971";"2,18240580532692e-19";"3,7e-24";"FALSE";"increase";"TRUE";"1";"3,91664478627263e-12";"1,64541104229243";"0,523071134752145";"NaN";"NaN"
"271";"4596";"5194";"3,18543954705921e-07";"3,45597592429702e-07";"FALSE";"increase";"TRUE";"0,346333333333333";"0,000270815581447703";"1,73163439704826";"0,575709639589343";"NaN";"NaN"
"272";"4598";"5195";"4,56303122033832e-07";"4,6500020660354e-07";"FALSE";"increase";"TRUE";"0,723";"0,000291506111322892";"1,72103870796883";"0,567018834682022";"NaN";"NaN"
"273";"4600";"5196";"4,39947718140399e-07";"4,26985865398167e-07";"FALSE";"increase";"TRUE";"0,997666666666667";"0,000299669110976897";"1,6829231817199";"0,538726645530437";"NaN";"NaN"
"274";"4602";"5197";"5,34206331318813e-07";"4,33757543623445e-07";"FALSE";"increase";"TRUE";"0,57";"0,000331167290280598";"1,79142827829025";"0,576465356178924";"NaN";"NaN"
"275";"4604";"5198";"3,27419620999248e-07";"2,18321779395944e-07";"FALSE";"increase";"TRUE";"0,870333333333333";"0,000308686783172751";"1,80118993757717";"0,630892156175338";"NaN";"NaN"
"276";"4606";"5199";"2,80332852448952e-07";"1,7610353036188e-07";"FALSE";"increase";"TRUE";"0,956666666666667";"0,000303519815616715";"1,75174808950115";"0,588067531234753";"NaN";"NaN"
"277";"4608";"5200";"2,79335698509264e-07";"1,59039496011822e-07";"FALSE";"increase";"TRUE";"0,812666666666667";"0,00030704846753693";"1,74883133288939";"0,58499686237464";"NaN";"NaN"
"278";"4610";"5201";"1,71659605004e-07";"9,27016646491632e-08";"FALSE";"increase";"TRUE";"0,986333333333333";"0,000280746268442877";"1,72721270379831";"0,567318904200191";"NaN";"NaN"
"279";"4612";"5202";"1,26676162829697e-07";"5,49909922024834e-08";"FALSE";"increase";"TRUE";"0,997";"0,000269698670536389";"1,76971927763126";"0,600632711947925";"NaN";"NaN"
"280";"4614";"5203";"9,16953009791147e-08";"3,31313226604011e-08";"FALSE";"increase";"TRUE";"0,995333333333333";"0,000257912986409647";"1,75181693603139";"0,585086157028365";"NaN";"NaN"
"281";"4616";"5204";"1,12476593149841e-07";"5,05437298337101e-08";"FALSE";"increase";"TRUE";"1";"0,000264167138714466";"1,69163217000433";"0,538458453499959";"NaN";"NaN"
"282";"4618";"5205";"1,22425963925301e-07";"5,6149703061563e-08";"FALSE";"increase";"TRUE";"1";"0,000273700967011958";"1,67185674143977";"0,517667610878244";"NaN";"NaN"
"283";"4620";"5206";"1,69010254660047e-07";"9,39750727828405e-08";"FALSE";"increase";"TRUE";"0,989";"0,000279965290344464";"1,71514301985795";"0,553930351963216";"NaN";"NaN"
"284";"4622";"5207";"1,46735175887553e-07";"7,70055442437351e-08";"FALSE";"increase";"TRUE";"0,997666666666667";"0,000275491431227515";"1,65939773122729";"0,51313272707982";"NaN";"NaN"
"285";"4624";"5208";"1,14074500017242e-07";"4,77539955718476e-08";"FALSE";"increase";"TRUE";"0,992333333333333";"0,000267520987051739";"1,64376068689144";"0,501616963294704";"NaN";"NaN"
"286";"4626";"5209";"1,272046970716e-07";"5,79813801938821e-08";"FALSE";"increase";"TRUE";"0,996";"0,000272633721191573";"1,59710895877678";"0,470696299470983";"NaN";"NaN"
"287";"4628";"5210";"1,5930549814441e-07";"6,12886836950211e-08";"FALSE";"increase";"TRUE";"0,695666666666667";"0,00030524592973924";"1,57070730841242";"0,446363329818814";"NaN";"NaN"
"288";"4630";"5211";"1,37943543122355e-07";"6,04942342432424e-08";"FALSE";"increase";"TRUE";"1";"0,000286731087070669";"1,5864714644199";"0,461917258043914";"NaN";"NaN"
"289";"4632";"5212";"1,43384717129138e-07";"6,03789917620209e-08";"FALSE";"increase";"TRUE";"1";"0,000292760225175659";"1,59843085031697";"0,468107745306499";"NaN";"NaN"
"290";"4634";"5213";"1,16530275718791e-07";"5,86059145568577e-08";"FALSE";"increase";"TRUE";"0,666";"0,000272179207371992";"1,54340376082761";"0,434024593035244";"NaN";"NaN"
"291";"4636";"5214";"9,90937891085476e-08";"5,62867415618983e-08";"FALSE";"increase";"TRUE";"0,998";"0,000255309651494118";"1,62898298215663";"0,485174487465365";"NaN";"NaN"
"292";"4638";"5215";"1,11062899411405e-07";"5,37206929945621e-08";"FALSE";"increase";"TRUE";"0,869333333333333";"0,00026438541498286";"1,55253666733166";"0,436761389528529";"NaN";"NaN"
"293";"4640";"5216";"1,00002626646656e-07";"5,24259095431792e-08";"FALSE";"increase";"TRUE";"0,894333333333333";"0,000257521981467335";"1,47755894921215";"0,393792763418133";"NaN";"NaN"
"294";"4642";"5217";"1,41292669460907e-07";"8,62875102457989e-08";"FALSE";"increase";"TRUE";"0,925333333333333";"0,000274446567630204";"1,51189135688801";"0,41097323671628";"NaN";"NaN"
"295";"4644";"5218";"1,20582186082934e-07";"1,0838447756202e-07";"FALSE";"increase";"TRUE";"0,989";"0,000216925031607973";"1,54132289427681";"0,426184149241275";"NaN";"NaN"
"296";"4646";"5219";"1,39119191016075e-07";"1,38020063708201e-07";"FALSE";"increase";"TRUE";"0,889";"0,000221844784571212";"1,43829717858011";"0,369190149205353";"NaN";"NaN"
"297";"4648";"5220";"2,96151544511527e-08";"2,12687542672412e-08";"FALSE";"increase";"TRUE";"0,0123333333333333";"0,000274242607080755";"1,52009191670604";"0,411201002848064";"NaN";"NaN"
"298";"4650";"5221";"1,92331993667187e-09";"2,67003315515198e-09";"FALSE";"increase";"TRUE";"0,000333333333333333";"0,000409223710984952";"1,5275971640537";"0,413919733101556";"NaN";"NaN"
"299";"4652";"5222";"1,45207503883775e-09";"3,06174171214675e-09";"FALSE";"increase";"TRUE";"0,208333333333333";"0,000357059087310319";"1,47919358585664";"0,385752628059156";"NaN";"NaN"
"300";"4654";"5223";"2,06776099790897e-09";"5,57547856509643e-09";"FALSE";"increase";"TRUE";"0,949333333333333";"0,000371009990185911";"1,51174867175336";"0,401863892690582";"NaN";"NaN"
