"","initialIndex","finalIndex","shapiro","ad","normality","trend","outliers","snht","grubbs","pettitt","lanzante","buishandU","buishandRange"
"1","956","1205","1.38076346133021e-13","1.27033898419836e-14","FALSE","decrease","TRUE","0.910666666666667","2.25491092464836e-09","1.52791496699019","0.352887686159432","NaN","NaN"
"2","958","1206","9.76434527321862e-14","4.06598388327885e-15","FALSE","decrease","TRUE","1","2.05945305253863e-09","1.50694140585888","0.451389786667719","NaN","NaN"
"3","960","1207","1.27120229832544e-13","9.95096108385048e-15","FALSE","decrease","TRUE","1","2.35852770646972e-09","1.52590218259153","0.461181169512337","NaN","NaN"
"4","962","1208","1.43085757416118e-13","1.20780224689726e-14","FALSE","decrease","TRUE","1","2.56506749174434e-09","1.49036700638584","0.441798160401044","NaN","NaN"
"5","964","1209","1.55884990942342e-13","1.3373401186411e-14","FALSE","decrease","TRUE","1","2.6607493985864e-09","1.55201433398895","0.474608220901187","NaN","NaN"
"6","966","1210","2.04962429910858e-13","3.24851146943466e-14","FALSE","decrease","TRUE","0.987333333333333","3.0490250324533e-09","1.640545721909","0.442805142430557","NaN","NaN"
"7","968","1211","2.4594088533141e-13","5.34788905558059e-14","FALSE","decrease","TRUE","0.896","3.35859740019373e-09","1.53003942500595","0.461104262326534","NaN","NaN"
"8","970","1212","1.8003185914248e-13","8.46081136044809e-14","FALSE","decrease","TRUE","0.767","1.8986383576447e-09","1.417079539859","0.396723565477191","NaN","NaN"
"9","972","1213","2.46209185756213e-13","1.60586660549009e-13","FALSE","decrease","TRUE","0.992666666666667","2.37717012741001e-09","1.36496524205963","0.376888491589745","NaN","NaN"
"10","974","1214","2.52034644868276e-13","1.42152652819199e-13","FALSE","decrease","TRUE","0.992333333333333","2.52891041441217e-09","1.36732324824665","0.376942972915445","NaN","NaN"
"11","976","1215","4.69759181376279e-13","4.52453452404002e-13","FALSE","decrease","TRUE","0.860666666666667","3.3988885039804e-09","1.32041042303664","0.354740420018251","NaN","NaN"
"12","978","1216","5.0635493228279e-13","4.46093145800812e-13","FALSE","decrease","TRUE","0.811666666666667","3.53538576192136e-09","1.25204830347053","0.324383318462062","NaN","NaN"
"13","980","1217","5.39371848762723e-13","4.48278356418294e-13","FALSE","decrease","TRUE","0.984","3.70050723397242e-09","1.39714325375871","0.387174826589295","NaN","NaN"
"14","982","1218","6.18857362206202e-13","5.85132591251177e-13","FALSE","decrease","TRUE","0.492","4.02839184232562e-09","1.44902315772552","0.411038684268758","NaN","NaN"
"15","984","1219","2.26120095324223e-13","2.14312738259913e-13","FALSE","decrease","TRUE","0.991666666666667","1.88627224950721e-09","1.45422131724173","0.412122953907604","NaN","NaN"
"16","3212","3461","0.00709782154031856","0.00308799303770367","FALSE","decrease","FALSE","0.989666666666667","0.063648763651611","1.41651109551402","0.406661533364477","NaN","NaN"
"17","3214","3462","0.0097410617447838","0.00479857556823546","FALSE","decrease","FALSE","0.927666666666667","0.0651224501024199","1.37599403091233","0.387475885839361","NaN","NaN"
"18","3216","3463","0.0058345694523135","0.00242254443668889","FALSE","decrease","FALSE","0.665333333333333","0.0598698061277794","1.54972904644069","0.47533836325229","NaN","NaN"
"19","3218","3464","0.00434123448977785","0.002166456924334","FALSE","decrease","FALSE","0.962","0.0570679754694936","1.43544206223303","0.415338032982937","NaN","NaN"
"20","3220","3465","0.00322266137039906","0.00148084990805328","FALSE","decrease","FALSE","0.771333333333333","0.0557825201533635","1.49530005481437","0.445353743332312","NaN","NaN"
"21","3222","3466","0.00219028931086648","0.00102367883034945","FALSE","decrease","TRUE","1","0.0492089968936482","1.6600328733136","0.541077763177632","NaN","NaN"
"22","3224","3467","0.00325003676508155","0.00156110703175255","FALSE","decrease","FALSE","0.989","0.0533176533423674","1.67732912738491","0.552168500448995","NaN","NaN"
"23","3226","3468","0.00433370824903416","0.00166783867468799","FALSE","decrease","FALSE","0.489666666666667","0.0596346585081733","1.48009279328387","0.436060638506173","NaN","NaN"
"24","3228","3469","0.00757917601292088","0.00353923469403062","FALSE","decrease","FALSE","0.996","0.0647272637826146","1.5260331850405","0.459771272257288","NaN","NaN"
"25","3230","3470","0.00970848208680331","0.005172717474931","FALSE","decrease","FALSE","1","0.0662758975402866","1.47748668829443","0.433378190647718","NaN","NaN"
"26","3232","3471","0.011359587004931","0.00607330396788473","FALSE","decrease","FALSE","0.995","0.0676256897825853","1.67550140170032","0.548608046644326","NaN","NaN"
"27","3234","3472","0.0136514685338373","0.0072909563350649","FALSE","decrease","FALSE","0.798666666666667","0.0684560652505979","1.61854525575007","0.511059872875118","NaN","NaN"
"28","3236","3473","0.0125610118564283","0.0081662921135596","FALSE","decrease","FALSE","0.919","0.0684852703543419","1.45930764804261","0.421413635070574","NaN","NaN"
"29","3238","3474","0.0130658278034746","0.0124054453095731","FALSE","decrease","FALSE","1","0.0593934121037858","1.53924375611785","0.462674360581604","NaN","NaN"
"30","3240","3475","0.0147510192182097","0.014184204139593","FALSE","decrease","FALSE","0.997333333333333","0.0609916088089463","1.616516950913","0.506807238910774","NaN","NaN"
"31","958","1207","9.25239937560104e-14","4.46232247339026e-15","FALSE","decrease","TRUE","1","1.96472604852005e-09","1.57268702604857","0.487631028134789","NaN","NaN"
"32","960","1208","1.09166508464554e-13","6.89614147949663e-15","FALSE","decrease","TRUE","0.999666666666667","2.16512674455771e-09","1.54272690186216","0.470284790951986","NaN","NaN"
"33","962","1209","1.35220358635361e-13","1.30014058846119e-14","FALSE","decrease","TRUE","1","2.40089548242395e-09","1.41720726342546","0.404992303558347","NaN","NaN"
"34","964","1210","1.51328342227592e-13","1.60005359452185e-14","FALSE","decrease","TRUE","1","2.56902765727318e-09","1.61673440234577","0.51242943128054","NaN","NaN"
"35","966","1211","1.82019450382197e-13","2.68601108773698e-14","FALSE","decrease","TRUE","0.988","2.80692469267763e-09","1.62012489435066","0.513914630382265","NaN","NaN"
"36","968","1212","3.69016585914828e-13","1.0092125854385e-13","FALSE","decrease","TRUE","0.787","4.01839361785505e-09","1.42689527510944","0.400821188628167","NaN","NaN"
"37","970","1213","2.23459805392431e-13","1.68653372885909e-13","FALSE","decrease","TRUE","0.991333333333333","2.10893003060875e-09","1.53003942500595","0.460082923810722","NaN","NaN"
"38","972","1214","2.33031940694694e-13","1.74564308308868e-13","FALSE","decrease","TRUE","0.987666666666667","2.27671637098581e-09","1.42786268143913","0.406358589124314","NaN","NaN"
"39","974","1215","3.62093954636997e-13","2.8096832045301e-13","FALSE","decrease","TRUE","0.867666666666667","2.91007684616318e-09","1.27159798916244","0.334621103719549","NaN","NaN"
"40","976","1216","4.75814502732246e-13","6.05546104279417e-13","FALSE","decrease","TRUE","0.803","3.24993365552473e-09","1.24637693084881","0.322980798057556","NaN","NaN"
"41","978","1217","4.46539133523585e-13","3.61590938498762e-13","FALSE","decrease","TRUE","0.980666666666667","3.28362337320698e-09","1.28882036267899","0.339486424182748","NaN","NaN"
"42","980","1218","4.70811973519131e-13","3.46362708760684e-13","FALSE","decrease","TRUE","0.979666666666667","3.42306027967254e-09","1.43002130813165","0.402689172359437","NaN","NaN"
"43","982","1219","5.27851330334575e-13","4.04251801726472e-13","FALSE","decrease","TRUE","0.503333333333333","3.69092956198358e-09","1.46369469929448","0.418096437805652","NaN","NaN"
"44","984","1220","2.7111530198795e-13","4.08025853337543e-13","FALSE","decrease","TRUE","0.992666666666667","2.0631398811588e-09","1.54877521178215","0.462253683713278","NaN","NaN"
"45","986","1221","3.19282055054743e-13","5.97291079549188e-13","FALSE","decrease","TRUE","0.979","2.24681329097365e-09","1.50926403876969","0.438809904471198","NaN","NaN"
"46","8049","8298","9.69194903654055e-18","1.61901003715566e-22","FALSE","decrease","TRUE","0.987666666666667","0","1.56499155341386","0.340854996457727","NaN","NaN"
"47","8051","8299","9.48427497626352e-18","1.06075827341035e-22","FALSE","decrease","TRUE","0.944333333333333","0","1.68795559894411","0.419504451071885","NaN","NaN"
"48","8053","8300","1.00871327237965e-17","1.02927693963237e-22","FALSE","decrease","TRUE","0.953333333333333","0","1.59440488979444","0.340705298327499","NaN","NaN"
"49","8055","8301","1.46976823868736e-17","3.4846668807527e-22","FALSE","decrease","TRUE","0.894333333333333","0","1.65025232262468","0.369729534760491","NaN","NaN"
"50","8057","8302","1.4913913905747e-17","2.85758300192121e-22","FALSE","decrease","TRUE","0.920666666666667","0","1.55599496805951","0.293708508050079","NaN","NaN"
"51","8059","8303","1.94746333714622e-17","4.15492891607602e-22","FALSE","decrease","TRUE","0.771","0","1.64615095937653","0.342731085761268","NaN","NaN"
"52","8061","8304","1.54155215849982e-17","7.64588015980072e-23","FALSE","decrease","TRUE","0.566666666666667","0","1.6534196452359","0.334718507695765","NaN","NaN"
"53","8063","8305","1.32364960492609e-17","2.85001885266208e-23","FALSE","decrease","TRUE","0.607333333333333","0","1.54137704945783","0.244466788526452","NaN","NaN"
"54","8065","8306","9.85395107905069e-18","1.4364251753795e-23","FALSE","decrease","TRUE","0.0673333333333333","0","1.63601108579872","0.497329570548723","NaN","NaN"
"55","8067","8307","0.00020733360957308","0.14042116592508","FALSE","none","TRUE","0","3.69594904641168e-05","1.06779271359081e-08","2.80922040680923e-12","NaN","NaN"
"56","8069","8308","0.000179219886667023","0.155755070109908","FALSE","none","TRUE","0","3.25201097517436e-05","4.57356980044057e-08","1.24546441332039e-11","NaN","NaN"
"57","8071","8309","0.000165591123317336","0.133901315614154","FALSE","none","TRUE","0","3.30031184305746e-05","1.33622890871404e-07","3.41997189344924e-11","NaN","NaN"
"58","8073","8310","0.304846010041213","0.199676061645195","TRUE","none","TRUE","0","0.259974651870863","9.72307848918402e-08","1.40128903337442e-11","0.000333333333333333","0"
"59","8075","8311","0.388162106696681","0.240989852524625","TRUE","none","TRUE","0","0.269050559511255","2.00460329453747e-08","9.15637311676098e-13","0.000666666666666667","0"
"60","8077","8312","0.444113508894595","0.31424062182457","TRUE","none","TRUE","0","0.246444321923609","9.2285753126599e-08","4.60799534790028e-12","0.000666666666666667","0"
"61","9412","9661","2.09209927484831e-17","8.4191981369595e-21","FALSE","decrease","TRUE","0.999666666666667","0","1.72513967233578","0.578473800617356","NaN","NaN"
"62","9414","9662","2.01500083780517e-17","4.28041837879905e-21","FALSE","decrease","TRUE","1","0","1.66146174925142","0.417538764176815","NaN","NaN"
"63","9416","9663","1.97875367325023e-17","2.36858241758801e-21","FALSE","decrease","TRUE","1","0","1.69842380114718","0.560917564523408","NaN","NaN"
"64","9418","9664","1.84699130666938e-17","9.75795396988055e-22","FALSE","decrease","TRUE","1","0","1.67648854782262","0.546593531716473","NaN","NaN"
"65","9420","9665","2.15111618610971e-17","1.58677367156653e-21","FALSE","decrease","TRUE","1","0","1.69159288578843","0.557798089388029","NaN","NaN"
"66","9422","9666","1.96048928842281e-17","5.84738967809839e-22","FALSE","decrease","TRUE","1","0","1.52490142082264","0.347040947551739","NaN","NaN"
"67","9424","9667","2.1138462961587e-17","5.64967394890144e-22","FALSE","decrease","TRUE","1","0","1.69352543753683","0.45462574147361","NaN","NaN"
"68","9426","9668","2.35983695127704e-17","6.82023748234748e-22","FALSE","decrease","TRUE","1","0","1.56972962099745","0.358761567341752","NaN","NaN"
"69","9428","9669","2.1800477536173e-17","2.76237918803967e-22","FALSE","decrease","TRUE","1","0","1.50727112040951","0.312724715120182","NaN","NaN"
"70","9430","9670","2.12365865144903e-17","1.60785976218662e-22","FALSE","decrease","TRUE","0.973333333333333","0","1.68929042526513","0.559486111364338","NaN","NaN"
"71","9432","9671","2.38932201269373e-17","2.02585082752645e-22","FALSE","decrease","TRUE","0.809666666666667","0","1.63939190135926","0.527001207008658","NaN","NaN"
"72","9434","9672","1.8116091827329e-17","4.03898912615012e-23","FALSE","decrease","TRUE","0.01","0","1.59047105327828","0.497525854323332","NaN","NaN"
"73","9436","9673","1.08001256552501e-17","3.61427525259682e-22","FALSE","decrease","TRUE","0.341","0","1.66222561111484","0.542603734248329","NaN","NaN"
"74","9438","9674","4.07373214285653e-18","9.49162831628271e-23","FALSE","decrease","TRUE","0.999","0","1.62387466064016","0.518487270378339","NaN","NaN"
"75","9440","9675","3.86641046899752e-18","4.82868800085705e-23","FALSE","decrease","TRUE","1","0","1.39342044744328","0.395251739719482","NaN","NaN"
"76","761","1010","6.9915195251303e-20","3.7e-24","FALSE","increase","TRUE","0.969333333333333","0","1.31371396994087","0.281454958368706","NaN","NaN"
"77","763","1011","5.52411538705364e-20","3.7e-24","FALSE","increase","TRUE","0.979333333333333","0","1.39805244442474","0.323650857621624","NaN","NaN"
"78","765","1012","4.41902664803535e-20","3.7e-24","FALSE","increase","TRUE","0.978333333333333","0","1.25720164918757","0.264339753806414","NaN","NaN"
"79","767","1013","4.6346218655682e-20","3.7e-24","FALSE","increase","TRUE","0.959333333333333","0","1.15449408326124","0.227737620086402","NaN","NaN"
"80","769","1014","3.44098718512125e-20","3.7e-24","FALSE","increase","TRUE","0.881333333333333","0","1.24944886832895","0.26757997876726","NaN","NaN"
"81","771","1015","2.39282881341589e-20","3.7e-24","FALSE","increase","TRUE","0.978666666666667","0","1.09733796057595","0.213353844563512","NaN","NaN"
"82","773","1016","2.53813247517981e-20","3.7e-24","FALSE","increase","TRUE","0.981333333333333","0","1.06733775933419","0.205920329282803","NaN","NaN"
"83","775","1017","3.11659150828505e-20","3.7e-24","FALSE","increase","TRUE","0.976666666666667","0","1.19858101610944","0.25635271065058","NaN","NaN"
"84","777","1018","3.72495412440805e-20","3.7e-24","FALSE","increase","TRUE","0.787666666666667","0","1.1060311888436","0.224855867213897","NaN","NaN"
"85","779","1019","3.08451333887408e-20","3.7e-24","FALSE","increase","TRUE","0.977333333333333","0","1.04665075963963","0.207052803646945","NaN","NaN"
"86","781","1020","2.41812839200452e-20","3.7e-24","FALSE","increase","TRUE","0.984","0","1.07164276766874","0.218123168296127","NaN","NaN"
"87","783","1021","2.37394105357686e-20","3.7e-24","FALSE","increase","TRUE","0.995333333333333","0","1.08803704358913","0.226354223253074","NaN","NaN"
"88","785","1022","3.1212949422255e-20","3.7e-24","FALSE","increase","TRUE","0.999666666666667","0","1.212453045809","0.275254489576848","NaN","NaN"
"89","787","1023","3.21374303035804e-20","3.7e-24","FALSE","increase","TRUE","1","0","1.25099370765275","0.293301261185168","NaN","NaN"
"90","789","1024","3.07436246757396e-20","3.7e-24","FALSE","increase","TRUE","0.999666666666667","0","1.30848973777106","0.320091481470319","NaN","NaN"
"91","8927","9176","0.072244280230248","0.771569714934334","TRUE","decrease","TRUE","0.986333333333333","0.00175919973267413","1.83875396493857","0.297437367758654","1","1"
"92","8929","9177","0.0666290308550755","0.72995727988954","TRUE","decrease","TRUE","0.622","0.00166890903930916","1.83283436679607","0.675735414152971","1","1"
"93","8931","9178","0.0491968097523502","0.66108952675866","FALSE","decrease","TRUE","0.999666666666667","0.0014000158067331","1.83361911378547","0.676158527404343","NaN","NaN"
"94","8933","9179","0.0487583363096704","0.64661018198179","FALSE","decrease","TRUE","0.988333333333333","0.00138532467980212","1.80976433257717","0.601315220509346","NaN","NaN"
"95","8935","9180","0.0404793850936485","0.700331719655284","FALSE","decrease","TRUE","0.686","0.00123291445518148","1.86919353147966","0.0414724655801389","NaN","NaN"
"96","8937","9181","0.0299924824627588","0.564937691531952","FALSE","decrease","TRUE","0.784333333333333","0.00104871423393416","1.65450286527248","0.461816071346523","NaN","NaN"
"97","8939","9182","0.0276223013607759","0.554321090536934","FALSE","decrease","TRUE","0.983666666666667","0.000995857464825667","1.81556909090942","0.657335363393706","NaN","NaN"
"98","8941","9183","0.0236479177600856","0.511712211026222","FALSE","decrease","TRUE","0.976","0.000920606969761595","1.65232983893979","0.449332706359451","NaN","NaN"
"99","8943","9184","0.0259289596760527","0.525226932216005","FALSE","decrease","TRUE","0.980666666666667","0.000978937883618469","1.80365624876482","0.573013314588889","NaN","NaN"
"100","8945","9185","0.0217387491617722","0.522439779688613","FALSE","decrease","TRUE","0.750666666666667","0.000812760488431152","1.77376650493595","0.340514402767249","NaN","NaN"
"101","8947","9186","0.0307454040291837","0.525881116211355","FALSE","decrease","TRUE","0.415333333333333","0.00110464500429663","1.79895089191701","0.556848417094262","NaN","NaN"
"102","8949","9187","0.0327486569818694","0.550752549461877","FALSE","decrease","TRUE","0.945333333333333","0.00112261488714638","1.73265759158292","0.487081702673209","NaN","NaN"
"103","8951","9188","0.0329603840697424","0.55621971159591","FALSE","decrease","TRUE","1","0.00111019664050682","1.75294701949198","0.498049042384572","NaN","NaN"
"104","8953","9189","0.0325443525975267","0.534189655665281","FALSE","decrease","TRUE","1","0.00112948895350584","1.77616293904077","0.393137803476606","NaN","NaN"
"105","8955","9190","0.0333470282698523","0.5276348961115","FALSE","decrease","TRUE","0.999666666666667","0.00116763326321934","1.82498717206365","0.557754394225982","NaN","NaN"
"106","5015","5264","2.27604206197497e-07","0.00010425795940482","FALSE","increase","TRUE","1","2.1174172002425e-06","1.69139040575959","0.467217194242498","NaN","NaN"
"107","5017","5265","2.78608576369591e-07","0.00013758172791481","FALSE","increase","TRUE","1","2.34118024433627e-06","1.62870063064646","0.522174906425769","NaN","NaN"
"108","5019","5266","3.12915269064568e-07","0.000154383885598076","FALSE","increase","TRUE","1","2.49632526427845e-06","1.68094887008923","0.556055908865297","NaN","NaN"
"109","5021","5267","3.38548435502571e-07","0.000162476783728329","FALSE","increase","TRUE","0.999333333333333","2.54628068496743e-06","1.60629586254661","0.384008068825071","NaN","NaN"
"110","5023","5268","2.97231008668731e-07","0.000118102731443487","FALSE","increase","TRUE","0.994333333333333","2.5902942940581e-06","1.74776016002209","0.603968456972418","NaN","NaN"
"111","5025","5269","2.59334159765662e-07","9.17329209060335e-05","FALSE","increase","TRUE","1","2.4859695217927e-06","1.640545721909","0.529134547368902","NaN","NaN"
"112","5027","5270","3.06969140509089e-07","0.000112289583419661","FALSE","increase","TRUE","1","2.65402878074639e-06","1.68995220503463","0.561496439143403","NaN","NaN"
"113","5029","5271","3.01911040930012e-07","9.86738447916409e-05","FALSE","increase","TRUE","1","2.71060420153901e-06","1.76377699001046","0.615773545323177","NaN","NaN"
"114","5031","5272","4.56397956170097e-07","0.000155039066381452","FALSE","increase","TRUE","0.978","3.20182394319968e-06","1.58310775738485","0.493070344958018","NaN","NaN"
"115","5033","5273","4.09781649287068e-07","0.0001165382853309","FALSE","increase","TRUE","0.999666666666667","3.11383361761841e-06","1.55198614285195","0.474701963026901","NaN","NaN"
"116","5035","5274","4.22985270919298e-07","0.000111628681580759","FALSE","increase","TRUE","0.975666666666667","3.34086500830555e-06","1.52195995963317","0.457518509249654","NaN","NaN"
"117","5037","5275","5.37560460942346e-07","0.000154308299216887","FALSE","increase","TRUE","1","3.65819273628887e-06","1.68299654627756","0.554344260282727","NaN","NaN"
"118","5039","5276","6.08536976872897e-07","0.000174790937414803","FALSE","increase","TRUE","0.993333333333333","3.83364813627551e-06","1.6679561732009","0.543488867948661","NaN","NaN"
"119","5041","5277","3.6023136496524e-07","7.65573057916929e-05","FALSE","increase","TRUE","0.999666666666667","3.29733535320287e-06","1.68691140983427","0.555549214164795","NaN","NaN"
"120","5043","5278","5.1271314700984e-07","0.000103304227367295","FALSE","increase","TRUE","0.956","4.07058041940189e-06","1.64451190477243","0.273566386809509","NaN","NaN"
"121","920","1169","2.62896288863892e-20","3.7e-24","FALSE","decrease","TRUE","0.708666666666667","0","1.11563176916375","0.266459379809048","NaN","NaN"
"122","922","1170","3.45514727319857e-20","3.7e-24","FALSE","decrease","TRUE","0.618666666666667","0","1.00220267260588","0.227895486448767","NaN","NaN"
"123","924","1171","3.72055202525914e-20","3.7e-24","FALSE","decrease","TRUE","0.550666666666667","0","1.04226493758952","0.242796375252654","NaN","NaN"
"124","926","1172","2.86468067864454e-20","3.7e-24","FALSE","decrease","TRUE","0.115","0","1.27395618801991","0.332500171794609","NaN","NaN"
"125","928","1173","2.49638842388612e-20","3.7e-24","FALSE","decrease","TRUE","0.0886666666666667","0","1.23414800007366","0.317169069503628","NaN","NaN"
"126","930","1174","2.37724022873244e-20","3.7e-24","FALSE","decrease","TRUE","0.075","0","1.06037458567683","0.252468414816903","NaN","NaN"
"127","932","1175","2.77242860148267e-20","3.7e-24","FALSE","decrease","TRUE","0.0193333333333333","0","1.02170889421024","0.240011373668355","NaN","NaN"
"128","934","1176","2.98965998673176e-20","3.7e-24","FALSE","decrease","TRUE","0.000666666666666667","0","1.04371009943013","0.248544442917899","NaN","NaN"
"129","936","1177","3.45559890617623e-20","3.7e-24","FALSE","decrease","TRUE","0","0","1.04846416111627","0.251072470907064","NaN","NaN"
"130","938","1178","6.2171647607174e-17","3.81022105896501e-21","FALSE","decrease","TRUE","0","2.1582735598713e-12","0.878108076004628","0.195772492790927","NaN","NaN"
"131","940","1179","3.22333934201627e-13","2.73214033886997e-13","FALSE","decrease","TRUE","0.895333333333333","3.19521098468556e-09","1.05598595859243","0.255259484664143","NaN","NaN"
"132","942","1180","3.0403973537147e-13","1.92555483186385e-13","FALSE","decrease","TRUE","0.989333333333333","3.14447934357531e-09","1.29533218661814","0.348893419863922","NaN","NaN"
"133","944","1181","3.10474896005109e-13","1.95943592349257e-13","FALSE","decrease","TRUE","0.998333333333333","3.19915294255679e-09","1.4615021514033","0.426690241421017","NaN","NaN"
"134","946","1182","2.68358597554044e-13","1.03404785668622e-13","FALSE","decrease","TRUE","1","3.00392244412251e-09","1.54877521178215","0.426288990601861","NaN","NaN"
"135","948","1183","2.96968651671609e-13","1.23230614567576e-13","FALSE","decrease","TRUE","1","3.20090731698031e-09","1.62458618211439","0.449873750709454","NaN","NaN"
"136","2474","2723","0.155018919221461","0.468100862485174","TRUE","none","TRUE","0","0.0498732424542014","9.11767866420179e-08","9.55222231884036e-11","0","0"
"137","2476","2724","0.141380064455796","0.401380672593758","TRUE","none","TRUE","0","0.0508620823329429","4.28922701157083e-08","4.69380219067356e-11","0","0"
"138","2478","2725","0.14328562565494","0.394849565249505","TRUE","none","TRUE","0","0.0522960966182806","4.60236094709553e-08","6.48829889821818e-11","0","0"
"139","2480","2726","0.143556301075566","0.38766776869866","TRUE","none","TRUE","0","0.0532362672867053","8.51707830888088e-08","1.73351413030796e-10","0","0"
"140","2482","2727","0.140070526831021","0.405051570091967","TRUE","none","TRUE","0","0.0515488822652719","8.27007663983743e-08","2.06504234353671e-10","0","0"
"141","2484","2728","0.129460691516012","0.417458762805489","TRUE","none","TRUE","0","0.0483987126537766","7.3039636814634e-08","2.17869661391341e-10","0","0"
"142","2486","2729","0.12224617064994","0.406367110347674","TRUE","none","TRUE","0","0.0495648069977537","1.18830663415376e-07","4.74316876609588e-10","0","0"
"143","2488","2730","0.10918716803554","0.35942130283292","TRUE","none","TRUE","0","0.050710543989352","1.97239608681196e-07","1.03887847356284e-09","0","0"
"144","2490","2731","0.0940570772175763","0.34209053549622","TRUE","none","TRUE","0","0.0551055625323906","5.49541679274771e-07","4.11103090371311e-09","0","0"
"145","2492","2732","0.265725568869611","0.426311365885691","TRUE","none","TRUE","0","0.0581580539484612","9.04739503384385e-07","8.58420639814741e-09","0","0"
"146","2494","2733","0.312755944095754","0.452061413791631","TRUE","none","TRUE","0","0.0543788180344151","7.92393058079301e-07","8.50232621230528e-09","0","0"
"147","2496","2734","0.26310246215117","0.444878462414749","TRUE","none","TRUE","0","0.0495408883827034","6.6495916621488e-07","7.99124883172474e-09","0","0"
"148","2498","2735","0.169089550516501","0.370197079255754","TRUE","none","TRUE","0","0.0395959513663491","2.75993591279199e-07","3.36317091391918e-09","0","0"
"149","2500","2736","0.382052326280974","0.285655810176487","TRUE","none","TRUE","0","0.641041885414467","1.06887733491603e-07","1.32299686638362e-09","0","0"
"150","2502","2737","0.329384192067922","0.230429618506205","TRUE","none","TRUE","0","0.55867988688185","3.88872577608065e-08","4.90608932028179e-10","0.000333333333333333","0"
"151","8803","9052","7.04066322743006e-19","3.65851575368783e-21","FALSE","decrease","TRUE","0.998333333333333","0","1.63636848703787","0.521824121069072","NaN","NaN"
"152","8805","9053","7.11533180654625e-19","2.28041885691004e-21","FALSE","decrease","TRUE","0.994","0","1.63698568542188","0.521332285776574","NaN","NaN"
"153","8807","9054","8.88480956688497e-19","4.69908654051401e-21","FALSE","decrease","TRUE","0.912666666666667","0","1.77081072847531","0.616464416324459","NaN","NaN"
"154","8809","9055","4.16679034527463e-19","9.45907736882755e-22","FALSE","decrease","TRUE","0.999333333333333","0","1.72166838892574","0.577342919428451","NaN","NaN"
"155","8811","9056","3.92202661841231e-19","5.2939580817685e-22","FALSE","decrease","TRUE","0.998333333333333","0","1.66834290126819","0.538716425689824","NaN","NaN"
"156","8813","9057","4.31366942157382e-19","6.45831507048725e-22","FALSE","decrease","TRUE","0.998333333333333","0","1.67281553247452","0.540540442897591","NaN","NaN"
"157","8815","9058","6.11387196732931e-19","2.86318029740916e-21","FALSE","decrease","TRUE","0.997333333333333","0","1.5664321469801","0.472639437711944","NaN","NaN"
"158","8817","9059","6.95899020092972e-19","4.04796486545662e-21","FALSE","decrease","TRUE","0.997333333333333","0","1.60636735771044","0.494944536161542","NaN","NaN"
"159","8819","9060","8.67458056668887e-19","9.99358138342473e-21","FALSE","decrease","TRUE","0.999333333333333","0","1.76591703409972","0.605874979726893","NaN","NaN"
"160","8821","9061","1.01696596878998e-18","1.5135253401863e-20","FALSE","decrease","TRUE","0.997666666666667","0","1.70556022810695","0.557855772377728","NaN","NaN"
"161","8823","9062","1.33369790171507e-18","4.9802167293071e-20","FALSE","decrease","TRUE","0.998","0","1.78480628903816","0.618909278963082","NaN","NaN"
"162","8825","9063","1.83553454100991e-18","1.77281202816593e-19","FALSE","decrease","TRUE","0.997333333333333","0","1.64983285302315","0.515721882963654","NaN","NaN"
"163","8827","9064","2.41851609929671e-18","5.94697492359068e-19","FALSE","decrease","TRUE","0.996666666666667","0","1.73038733491234","0.571186459385695","NaN","NaN"
"164","8829","9065","2.78066474031971e-18","8.67774579605085e-19","FALSE","decrease","TRUE","0.997666666666667","0","1.74914031817521","0.584002154104382","NaN","NaN"
"165","8831","9066","4.78529121172103e-18","3.54495401368369e-18","FALSE","decrease","TRUE","0.893666666666667","0","1.76927859752918","0.598591734369277","NaN","NaN"
"166","7512","7761","0.000657547097374097","0.0175798721869415","FALSE","none","TRUE","0","0.305063054861443","0.0091242543463176","8.268737057989e-05","NaN","NaN"
"167","7514","7762","0.000417739009572127","0.0113991912268899","FALSE","none","TRUE","0","0.291000056973141","0.0100478681177185","0.000108275451209501","NaN","NaN"
"168","7516","7763","0.00283598302526573","0.0585165392019369","FALSE","none","TRUE","0.00133333333333333","0.218254845831291","0.00442852521861905","3.64157543238872e-05","NaN","NaN"
"169","7518","7764","1.96202719142173e-08","0.00584740380995309","FALSE","none","TRUE","0","1.92569631352058e-08","0.00158138505020563","9.37920372834273e-06","NaN","NaN"
"170","7520","7765","2.42990233110924e-08","0.00404749392732979","FALSE","none","TRUE","0","3.04991465416293e-08","0.000758316680006821","3.82879973370017e-06","NaN","NaN"
"171","7522","7766","1.96878983296394e-08","0.00316273883563496","FALSE","none","TRUE","0","2.7533941793223e-08","0.000745000458593995","4.35462652429582e-06","NaN","NaN"
"172","7524","7767","1.69557788858664e-08","0.000998413166422755","FALSE","none","TRUE","0","7.96907717592887e-08","0.000418912200605287","2.28726897985309e-06","NaN","NaN"
"173","7526","7768","2.85463994810688e-08","0.00142721006284606","FALSE","none","TRUE","0","1.15605009565201e-07","0.000261416997962624","1.40596218549409e-06","NaN","NaN"
"174","7528","7769","3.72593177505415e-08","0.000988961298942833","FALSE","none","TRUE","0","1.79381252074506e-07","0.000180408040566716","9.99508145970541e-07","NaN","NaN"
"175","7530","7770","9.8808152323009e-09","0.000120963321270121","FALSE","none","TRUE","0","7.19201778354162e-07","0.000104462681411814","5.677373806044e-07","NaN","NaN"
"176","7532","7771","6.42846198350068e-09","7.09935069902795e-05","FALSE","none","TRUE","0","6.23148572742593e-07","8.92976803562828e-05","5.415774396403e-07","NaN","NaN"
"177","7534","7772","0.0201821052374501","0.134495347132214","FALSE","increase","TRUE","0.966","0.00259821484565137","1.65464020675458","0.537988255712075","NaN","NaN"
"178","7536","7773","0.0234477236814853","0.115106995826299","FALSE","increase","TRUE","0.389","0.00293053709559787","1.80195867556705","0.648237192421263","NaN","NaN"
"179","7538","7774","0.0293823069196731","0.151603996888942","FALSE","increase","TRUE","0.873666666666667","0.00311961871998667","1.71550895683358","0.5795891582576","NaN","NaN"
"180","7540","7775","0.0300516780780668","0.15288010860277","FALSE","increase","TRUE","0.810333333333333","0.00304843044722392","1.72034128675905","0.582771282892681","NaN","NaN"
"181","9351","9600","1.13077443475794e-12","1.04986521101245e-10","FALSE","none","TRUE","0.0246666666666667","1.35447209004269e-11","0.00574125405373424","0.000139454076206164","NaN","NaN"
"182","9353","9601","8.31722514890226e-13","5.3058910331879e-11","FALSE","none","TRUE","0.0666666666666667","1.03390629391242e-11","0.0119143344693018","0.000329152775642809","NaN","NaN"
"183","9355","9602","3.41764909092854e-13","8.68339291343945e-12","FALSE","none","TRUE","0.242333333333333","5.23137089203374e-12","0.0286461134042932","0.000980879883915378","NaN","NaN"
"184","9357","9603","1.97729319753455e-13","3.47252778527304e-12","FALSE","none","TRUE","0.356","3.42781358853017e-12","0.0652276828580949","0.00283713012645907","NaN","NaN"
"185","9359","9604","1.84093162164034e-13","2.59459770458714e-12","FALSE","none","TRUE","0.278","3.05888647744723e-12","0.095876402638799","0.0131341081668564","NaN","NaN"
"186","9361","9605","2.02750581211934e-13","2.95664038885506e-12","FALSE","none","TRUE","0.268","3.31845662060459e-12","0.0959329281815351","0.0132611624722193","NaN","NaN"
"187","9363","9606","2.03114906101912e-13","2.80188286195569e-12","FALSE","none","TRUE","0.217","3.06110692349648e-12","0.0676982999736199","0.00900201930893607","NaN","NaN"
"188","9365","9607","2.32501906389389e-13","3.82600056380524e-12","FALSE","none","TRUE","0.183666666666667","3.34532401780052e-12","0.0536121306516024","0.00698105097620203","NaN","NaN"
"189","9367","9608","3.11966810218392e-13","9.62298424345016e-12","FALSE","none","TRUE","0.160333333333333","4.03010957938932e-12","0.0317277798794075","0.00392434000600358","NaN","NaN"
"190","9369","9609","2.661287915191e-13","5.94813215088711e-12","FALSE","none","TRUE","0.104333333333333","3.37130323657675e-12","0.0180962326894973","0.00213211341977696","NaN","NaN"
"191","9371","9610","2.18180794245121e-13","8.39199705785091e-12","FALSE","none","TRUE","0.113333333333333","2.42472708578134e-12","0.0184285289935192","0.00218815159506084","NaN","NaN"
"192","9373","9611","2.57648790185679e-13","1.33446313156444e-11","FALSE","none","TRUE","0.082","2.62689869856558e-12","0.009388417176368","0.00105644785708511","NaN","NaN"
"193","9375","9612","1.41734807417389e-13","7.254055249871e-12","FALSE","none","TRUE","0.125333333333333","1.34758870729002e-12","0.0147207317985388","0.00172608915773028","NaN","NaN"
"194","9377","9613","1.16556574815113e-13","5.5239223292177e-12","FALSE","none","TRUE","0.151","1.15774057007911e-12","0.0189445566348311","0.00227514505768655","NaN","NaN"
"195","9379","9614","1.43922088319001e-13","1.05376886993686e-11","FALSE","none","TRUE","0.143","1.20525811553307e-12","0.018328274855412","0.0021939574044218","NaN","NaN"
"196","5109","5358","1.88267787797957e-09","2.28002312109557e-05","FALSE","decrease","TRUE","0.981666666666667","7.34639076238608e-08","1.17520878468448","0.294088644841642","NaN","NaN"
"197","5111","5359","2.07764309624466e-09","2.50116271796599e-05","FALSE","decrease","TRUE","0.967333333333333","7.90377265857956e-08","1.21273248405875","0.309869268622019","NaN","NaN"
"198","5113","5360","1.2932981163824e-09","1.47808034155364e-05","FALSE","decrease","TRUE","0.133","6.14036588242328e-08","1.17944716791067","0.297749277280018","NaN","NaN"
"199","5115","5361","1.15886915309376e-09","3.75617156312739e-05","FALSE","decrease","TRUE","0.998333333333333","3.58746206075011e-08","1.36234648113167","0.375604169461267","NaN","NaN"
"200","5117","5362","1.08188822141612e-09","2.97205398733609e-05","FALSE","decrease","TRUE","0.981","3.76492503839643e-08","1.46840493179817","0.427586982882201","NaN","NaN"
"201","5119","5363","7.32232353264216e-10","1.33980393615391e-05","FALSE","decrease","TRUE","1","3.11053431900632e-08","1.4649200368338","0.42657329656591","NaN","NaN"
"202","5121","5364","7.61602211024306e-10","1.28253551593556e-05","FALSE","decrease","TRUE","0.936666666666667","3.29995710757203e-08","1.48033993552836","0.435160965443098","NaN","NaN"
"203","5123","5365","5.36880522267041e-10","6.95133689191576e-06","FALSE","decrease","TRUE","1","2.7096844767982e-08","1.4642190450147","0.427551002029303","NaN","NaN"
"204","5125","5366","4.40613079477954e-10","4.00865798872015e-06","FALSE","decrease","TRUE","1","2.49207805502749e-08","1.41535102157489","0.404014352871688","NaN","NaN"
"205","5127","5367","3.75756755691768e-10","2.33728782147431e-06","FALSE","decrease","TRUE","1","2.45192133263572e-08","1.45060922871653","0.421791234099214","NaN","NaN"
"206","5129","5368","3.67203102952619e-10","1.88289289510117e-06","FALSE","decrease","TRUE","0.803666666666667","2.41468243178389e-08","1.37640806142087","0.386629752727794","NaN","NaN"
"207","5131","5369","2.09552676613533e-10","8.34413224205379e-07","FALSE","decrease","TRUE","1","1.79501458141829e-08","1.35868766684139","0.37889623047672","NaN","NaN"
"208","5133","5370","2.25274039196952e-10","8.41004814944688e-07","FALSE","decrease","TRUE","1","1.93516862534437e-08","1.47026042321242","0.432816023395739","NaN","NaN"
"209","5135","5371","1.63213500731897e-10","3.82033258102419e-07","FALSE","decrease","TRUE","0.991666666666667","1.64316769080131e-08","1.43790848539839","0.416869255868248","NaN","NaN"
"210","5137","5372","1.87429045171228e-10","4.82154173654487e-07","FALSE","decrease","TRUE","0.902333333333333","1.81178461122755e-08","1.42959998372934","0.412969082469476","NaN","NaN"
"211","3631","3880","3.58406235525885e-17","4.36025734465699e-24","FALSE","increase","TRUE","0.999333333333333","0","1.69996271474004","0.447179797781449","NaN","NaN"
"212","3633","3881","3.3333966337255e-17","3.7e-24","FALSE","increase","TRUE","0.987333333333333","0","1.78784025261703","0.532432738241344","NaN","NaN"
"213","3635","3882","2.36220095361039e-17","3.7e-24","FALSE","increase","TRUE","0.944666666666667","0","1.69495735853345","0.292409663060264","NaN","NaN"
"214","3637","3883","2.12006133587071e-17","3.7e-24","FALSE","increase","TRUE","0.999333333333333","0","1.74329315384547","0.593675346038731","NaN","NaN"
"215","3639","3884","2.15424721103843e-17","3.7e-24","FALSE","increase","TRUE","1","0","1.7444793906411","0.534265433662774","NaN","NaN"
"216","3641","3885","2.56711575371593e-17","3.7e-24","FALSE","increase","TRUE","0.999666666666667","0","1.590784801738","0.415713912740634","NaN","NaN"
"217","3643","3886","3.00167758035031e-17","3.7e-24","FALSE","increase","TRUE","1","0","1.72840868350347","0.498181801308272","NaN","NaN"
"218","3645","3887","2.40170374678983e-17","3.7e-24","FALSE","increase","TRUE","1","0","1.69451876749438","0.474457363317163","NaN","NaN"
"219","3647","3888","2.59212264410747e-17","3.7e-24","FALSE","increase","TRUE","1","0","1.73074856953795","0.501524067561702","NaN","NaN"
"220","3649","3889","2.88680240423046e-17","3.7e-24","FALSE","increase","TRUE","0.999666666666667","0","1.76234022472276","0.539438102048507","NaN","NaN"
"221","3651","3890","3.34435354342416e-17","3.7e-24","FALSE","increase","TRUE","0.998666666666667","0","1.57581760664676","0.40337824935348","NaN","NaN"
"222","3653","3891","4.09088563481087e-17","3.7e-24","FALSE","increase","TRUE","1","0","1.65079613162143","0.417201036165081","NaN","NaN"
"223","3655","3892","4.2518876979559e-17","3.7e-24","FALSE","increase","TRUE","0.999666666666667","0","1.44830645286184","0.284055243872591","NaN","NaN"
"224","3657","3893","4.37158462600316e-17","3.7e-24","FALSE","increase","TRUE","1","0","1.49516569248617","0.300036229604906","NaN","NaN"
"225","3659","3894","4.57121658879672e-17","3.7e-24","FALSE","increase","TRUE","1","2.60902410786912e-14","1.65433773010273","0.393184528498443","NaN","NaN"
"1","6599","6848","2.08952052547364e-09","2.85455710099902e-06","FALSE","decrease","TRUE","0.997333333333333","3.14446289007009e-08","0.806248246792506","0.108898598199593","NaN","NaN"
"2","6601","6849","2.27084274840306e-09","2.97334412543217e-06","FALSE","decrease","TRUE","1","3.37394787663925e-08","0.965895061573375","0.14676995251441","NaN","NaN"
"3","6603","6850","1.9696259453455e-09","2.08228197260767e-06","FALSE","decrease","TRUE","0.999666666666667","3.27448885784065e-08","1.15140295486083","0.200960062959679","NaN","NaN"
"4","6605","6851","1.8589436862805e-09","1.63933057500296e-06","FALSE","decrease","TRUE","0.998666666666667","3.24849100952207e-08","0.984291763238638","0.142212789581069","NaN","NaN"
"5","6607","6852","1.70950063433539e-09","1.17313490136486e-06","FALSE","decrease","TRUE","0.874333333333333","3.25225341102353e-08","1.11190314873621","0.17594396395192","NaN","NaN"
"6","6609","6853","1.09466712777958e-09","5.89177669122839e-07","FALSE","decrease","TRUE","0.998","2.56013645838493e-08","1.06579483139346","0.155202691013649","NaN","NaN"
"7","6611","6854","7.06904130056306e-10","2.32685467665204e-07","FALSE","decrease","TRUE","0.934333333333333","2.18723489320283e-08","1.10457449964879","0.16108948448309","NaN","NaN"
"8","6613","6855","4.04116997544513e-10","8.96248904471776e-08","FALSE","decrease","TRUE","0.996","1.66150133651399e-08","1.10418465043777","0.154283795873245","NaN","NaN"
"9","6615","6856","2.98161199855556e-10","3.68608304091067e-08","FALSE","decrease","TRUE","0.987333333333333","1.52449262103005e-08","1.13500635959323","0.157006500593145","NaN","NaN"
"10","6617","6857","4.18520641523526e-10","6.24250179191134e-08","FALSE","decrease","TRUE","0.109666666666667","1.83009341014895e-08","0.930001556387079","0.0937386457613845","NaN","NaN"
"11","6619","6858","1.9299415337688e-10","8.47865986051026e-08","FALSE","decrease","TRUE","0.957666666666667","6.9462100515949e-09","0.945877480633581","0.0909778271103162","NaN","NaN"
"12","6621","6859","1.11654563005709e-10","5.28986766004785e-08","FALSE","decrease","TRUE","0.247","4.64622162965611e-09","0.964255543636144","0.0883825015953746","NaN","NaN"
"13","6623","6860","6.66680698050365e-11","8.28704083562484e-08","FALSE","decrease","TRUE","0.996","1.88769599951399e-09","0.603386472580378","0.0254481903822493","NaN","NaN"
"14","6625","6861","5.24463875828033e-11","3.70020227551491e-08","FALSE","decrease","TRUE","0.992","1.74613079551023e-09","0.618351914589122","0.0234148848105606","NaN","NaN"
"15","6627","6862","7.61328113051212e-11","4.38981216145933e-08","FALSE","decrease","TRUE","0.818","2.48066012176196e-09","0.823848398105516","0.0430478933109189","NaN","NaN"
"16","7852","8101","2.68309666412064e-08","9.58911602192404e-07","FALSE","none","TRUE","0.0123333333333333","5.09812414506428e-07","0.0282001434587198","0.000465018379607279","NaN","NaN"
"17","7854","8102","3.15791350485869e-08","1.26973584054024e-06","FALSE","none","TRUE","0.012","5.67448826260808e-07","0.030295398767702","0.000446295689902552","NaN","NaN"
"18","7856","8103","4.38672970701627e-08","1.10679003506799e-06","FALSE","none","TRUE","0.00733333333333333","7.89945540091708e-07","0.0185679978034508","0.000172330649988001","NaN","NaN"
"19","7858","8104","5.04524304423508e-08","1.39189067241348e-06","FALSE","none","TRUE","0.01","8.19567523180353e-07","0.0205342593526689","0.000166854207593996","NaN","NaN"
"20","7860","8105","4.36567686896672e-08","1.07101172157693e-06","FALSE","none","TRUE","0.00633333333333333","7.19617027300501e-07","0.0368858319533441","0.000364729702646832","NaN","NaN"
"21","7862","8106","2.17336900713045e-08","9.84737944665892e-07","FALSE","none","TRUE","0.005","4.2517856013724e-07","0.0649874171926928","0.000806095761131554","NaN","NaN"
"22","7864","8107","1.66271289662827e-08","5.99354241660321e-07","FALSE","none","TRUE","0.00166666666666667","3.63710484840851e-07","0.095783109878611","0.000511928630037311","NaN","NaN"
"23","7866","8108","1.69664890706306e-08","5.45845671231526e-07","FALSE","none","TRUE","0.00133333333333333","3.4802689929947e-07","0.0778410818899587","0.000392919107401424","NaN","NaN"
"24","7868","8109","1.35543330134824e-08","3.47410999367869e-07","FALSE","none","TRUE","0.000666666666666667","3.22605489433414e-07","0.0562968930258444","0.000241523876924933","NaN","NaN"
"25","7870","8110","1.65636456777273e-08","5.17116912538287e-07","FALSE","none","TRUE","0.00166666666666667","3.45243525434746e-07","0.0357889176792597","0.000118198585098958","NaN","NaN"
"26","7872","8111","1.2628724843064e-08","3.13625731652509e-07","FALSE","none","TRUE","0.000333333333333333","3.11271994846152e-07","0.0262706566047158","7.87957869741719e-05","NaN","NaN"
"27","7874","8112","1.17802949647819e-08","2.32761775151499e-07","FALSE","none","TRUE","0.000333333333333333","2.89017497712152e-07","0.0156059513979558","0.0013406404428798","NaN","NaN"
"28","7876","8113","9.3133539953143e-09","1.1228314856338e-07","FALSE","none","TRUE","0.000666666666666667","2.88552511218398e-07","0.0131116428855184","0.00113441873527098","NaN","NaN"
"29","7878","8114","1.32892907939358e-08","2.61802405838002e-07","FALSE","none","TRUE","0.00166666666666667","3.12902964871853e-07","0.01777281966151","0.00165365679492886","NaN","NaN"
"30","7880","8115","1.38020965361797e-08","2.80041990015179e-07","FALSE","none","TRUE","0.001","2.80130178609284e-07","0.0135010562195761","0.00124567136091985","NaN","NaN"
"31","9000","9249","0.80839245827865","0.987305892180586","TRUE","decrease","FALSE","1","1","1.72348702820613","0.561052893030175","1","1"
"32","9002","9250","0.812791189915298","0.989546419516884","TRUE","decrease","FALSE","1","1","1.73034035210616","0.567952791812933","1","1"
"33","9004","9251","0.797834487007626","0.987091229168717","TRUE","decrease","FALSE","1","1","1.70187573651447","0.548172842254451","1","1"
"34","9006","9252","0.782757592316121","0.980103157314822","TRUE","decrease","FALSE","0.998","1","1.76502303018917","0.598732964399477","1","1"
"35","9008","9253","0.776897482891036","0.981033766339319","TRUE","decrease","FALSE","1","1","1.73119266522523","0.573141567884833","1","1"
"36","9010","9254","0.76295525535037","0.975359159616927","TRUE","decrease","FALSE","1","1","1.77707650380456","0.611543663226056","1","1"
"37","9012","9255","0.746343109583011","0.971599523050611","TRUE","decrease","FALSE","1","1","1.69708360983947","0.550656961542655","1","1"
"38","9014","9256","0.715836497475961","0.960030522291275","TRUE","decrease","FALSE","0.940333333333333","1","1.55359065700553","0.460639465506259","1","1"
"39","9016","9257","0.653236759462738","0.933085705665232","TRUE","decrease","FALSE","0.756666666666667","1","1.75108105526316","0.593894120500174","1","1"
"40","9018","9258","0.594544204322419","0.907849761170134","TRUE","decrease","FALSE","0.876666666666667","1","1.58653068026431","0.482713953906661","1","1"
"41","9020","9259","0.803815679905097","0.935191779250535","TRUE","decrease","FALSE","0.0803333333333333","0.318256130497022","1.70665405602743","0.562589748073816","1","1"
"42","9022","9260","0.72363226182233","0.896039146305348","TRUE","decrease","FALSE","0.823","0.332015530549353","1.63527699195361","0.515312139175554","1","1"
"43","9024","9261","0.715049752013095","0.895497705434373","TRUE","decrease","FALSE","0.651","0.339557755848811","1.45711120789596","0.415658926218757","1","1"
"44","9026","9262","0.683853353439113","0.866919595033571","TRUE","decrease","FALSE","0.993","0.346279295531359","1.67937092260142","0.546645661603649","1","1"
"45","9028","9263","0.702706797784814","0.896597552444008","TRUE","decrease","FALSE","0.768","0.338270346048269","1.71305779507875","0.571357510516976","1","1"
"46","3080","3329","0.133743848580991","0.0336824658482056","FALSE","increase","TRUE","0.683666666666667","0.0408602966498836","1.27972798478034","0.0114360244846873","NaN","NaN"
"47","3082","3330","0.0773134737807504","0.0213509055856819","FALSE","increase","TRUE","0.0433333333333333","0.0518075813224055","1.43864100935233","0.0143679810644281","NaN","NaN"
"48","3084","3331","0.0698935444737131","0.022220757362304","FALSE","increase","TRUE","0.776666666666667","0.0481155949004131","1.70359622734878","0.0446668208738981","NaN","NaN"
"49","3086","3332","0.0705943310367134","0.0210746772592665","FALSE","increase","TRUE","0.716666666666667","0.0477279264638988","1.66932215507209","0.500150332177717","NaN","NaN"
"50","3088","3333","0.0702517888286325","0.0209600959479061","FALSE","increase","TRUE","0.994666666666667","0.047552830074421","1.44750479195175","0.363003227877365","NaN","NaN"
"51","3090","3334","0.0936133620457575","0.0266749719408363","FALSE","increase","FALSE","0.889","0.0517581602813353","1.29819981334736","0.288631506756964","NaN","NaN"
"52","3092","3335","0.134678240127409","0.0396718932128649","FALSE","increase","FALSE","0.569","0.0569312793936443","1.29678296744152","0.283559829567543","NaN","NaN"
"53","3094","3336","0.149097884471498","0.0405985365017782","FALSE","increase","FALSE","0.457666666666667","0.0642109274893956","1.53010238798756","0.39467198669556","NaN","NaN"
"54","3096","3337","0.192966382562751","0.0476807667971547","FALSE","increase","FALSE","0.121333333333333","0.0684011281902341","1.55278852768684","0.403126023984238","NaN","NaN"
"55","3098","3338","0.194606298853033","0.0455734790680085","FALSE","increase","FALSE","0.403666666666667","0.0689310647045005","1.44952807021702","0.340368522693912","NaN","NaN"
"56","3100","3339","0.229369981205138","0.0601426915568338","TRUE","increase","FALSE","0.814333333333333","0.0716489499452784","1.50292000536562","0.363493472415081","0.998666666666667","1"
"57","3102","3340","0.187713017666929","0.0521257615819402","TRUE","increase","FALSE","0.676","0.0653674422730881","1.58029683706708","0.403608704812099","1","1"
"58","3104","3341","0.204413665566871","0.0576254711829468","TRUE","increase","FALSE","0.643666666666667","0.0661004641647867","1.58687523564846","0.401629335185078","1","1"
"59","3106","3342","0.276281736016726","0.0837679757138387","TRUE","increase","FALSE","0.934666666666667","0.0719095998553168","1.46119511895328","0.321784678003559","1","1"
"60","3108","3343","0.202499194939471","0.0568170879262858","TRUE","increase","FALSE","0.964666666666667","0.0635462539719844","1.50491244894153","0.338479068620201","1","1"
"61","9014","9263","0.778446910334315","0.939571372956199","TRUE","decrease","FALSE","1","0.315787468613559","1.62536886519024","0.507944016988056","1","1"
"62","9016","9264","0.755343363544167","0.918310301649562","TRUE","decrease","FALSE","0.929333333333333","0.330948727339434","1.78558692468007","0.62558326242176","1","1"
"63","9018","9265","0.750890787454716","0.907294274383087","TRUE","decrease","FALSE","0.996333333333333","0.334023524693627","1.71891371460403","0.573717238743191","1","1"
"64","9020","9266","0.795521803199788","0.937139177556952","TRUE","decrease","FALSE","0.605","0.348171784845679","1.56270836520465","0.473668591321921","1","1"
"65","9022","9267","0.776205135666816","0.920729825121203","TRUE","decrease","FALSE","0.987666666666667","0.350242149182637","1.63332090735435","0.517261712401482","1","1"
"66","9024","9268","0.765423913606904","0.917005307720941","TRUE","decrease","FALSE","0.765","0.389099855398067","1.6845300299601","0.551990815345497","1","1"
"67","9026","9269","0.726027052556739","0.885046558479395","TRUE","decrease","FALSE","0.998333333333333","0.37762730500521","1.75678216371092","0.60604826165124","1","1"
"68","9028","9270","0.731192317892053","0.893909615230128","TRUE","decrease","FALSE","0.749","0.368502787555171","1.7686291563802","0.616253852291125","1","1"
"69","9030","9271","0.792277472509898","0.915352420040263","TRUE","decrease","FALSE","0.999666666666667","0.337429960393224","1.7691644908654","0.617335578531589","1","1"
"70","9032","9272","0.804550377082389","0.919232923100793","TRUE","decrease","FALSE","0.988333333333333","0.341228074205464","1.7777922478648","0.625005205681221","1","1"
"71","9034","9273","0.845645080218821","0.93552242455009","TRUE","decrease","FALSE","1","0.312234214419126","1.77515867734203","0.623375117477961","1","1"
"72","9036","9274","0.795542668113429","0.913085398299629","TRUE","decrease","FALSE","0.973666666666667","0.321582850389355","1.71227286523763","0.575636645301793","1","1"
"73","9038","9275","0.815524594637216","0.927392906701417","TRUE","decrease","FALSE","1","0.33009238240642","1.64677999313416","0.531693371436733","1","1"
"74","9040","9276","0.787641174095089","0.906161595612515","TRUE","decrease","FALSE","0.995","0.328991716628011","1.56975416924732","0.485436778445443","1","1"
"75","9042","9277","0.790506694756037","0.912261710106934","TRUE","decrease","FALSE","0.335666666666667","0.337998855054811","1.67178445664731","0.548926960485146","1","1"
"76","8412","8661","0.211805521436081","0.0530058326187308","TRUE","increase","FALSE","0.978333333333333","0.180539771774088","1.60117686072371","0.458804377979035","1","1"
"77","8414","8662","0.181074500572034","0.0403383926940939","FALSE","increase","FALSE","0.493333333333333","0.187490418513365","1.83553633060759","0.594885811172028","NaN","NaN"
"78","8416","8663","0.0703163692911302","0.0494668232971245","FALSE","increase","FALSE","0.0923333333333333","0.172535837612352","1.62649654231759","0.46812344185083","NaN","NaN"
"79","8418","8664","0.156556782374313","0.0977060179354306","TRUE","increase","FALSE","0.514333333333333","0.138139971209423","1.53292401728579","0.358057972043399","1","1"
"80","8420","8665","0.143857569375458","0.0839177526545105","TRUE","increase","FALSE","0.763333333333333","0.14372098609541","1.61060742032117","0.449777126182438","1","1"
"81","8422","8666","0.138568687563257","0.0827064595787934","TRUE","increase","FALSE","1","0.144635988692245","1.62735350258122","0.426992521122197","1","1"
"82","8424","8667","0.113126262868272","0.0596127664763838","TRUE","increase","FALSE","1","0.142785453558941","1.64030421605108","0.44008080671271","1","1"
"83","8426","8668","0.112672587079624","0.0561815691224959","TRUE","increase","FALSE","0.989","0.145407228688535","1.48746274032591","0.349463348168948","0.997333333333333","1"
"84","8428","8669","0.0870037205122365","0.0439094706914958","FALSE","increase","FALSE","0.998666666666667","0.136796768951127","1.46067169189701","0.33911781535048","NaN","NaN"
"85","8430","8670","0.0770117848347278","0.0404916349985922","FALSE","increase","FALSE","0.991","0.134586084507857","1.34954921860301","0.288716246809005","NaN","NaN"
"86","8432","8671","0.106420406588202","0.0652619906354287","TRUE","increase","FALSE","1","0.141879332394645","1.49439838992","0.365052715329966","1","1"
"87","8434","8672","0.122244926166526","0.0827591999841042","TRUE","increase","FALSE","0.998","0.145713591572269","1.62151560835966","0.445815211484851","1","1"
"88","8436","8673","0.123132408013106","0.0829799766405289","TRUE","increase","FALSE","0.989333333333333","0.147928680626992","1.50710618277016","0.37942017234743","1","1"
"89","8438","8674","0.122128617104846","0.088979935047469","TRUE","increase","FALSE","0.994","0.147091564754359","1.63481571224051","0.461517920291598","1","1"
"90","8440","8675","0.106592629806875","0.0733229544895235","TRUE","increase","FALSE","1","0.136946625656884","1.52441707203611","0.396088002667696","1","1"
"91","1012","1261","1.36782882502168e-14","7.4694799645251e-14","FALSE","decrease","TRUE","0.995666666666667","5.97122351564394e-12","1.26695217869706","0.333106335770556","NaN","NaN"
"92","1014","1262","1.46377779886168e-14","7.28196997511262e-14","FALSE","decrease","TRUE","0.991","6.49791331852612e-12","1.1719438418147","0.29386706996676","NaN","NaN"
"93","1016","1263","1.8745145256542e-14","1.78274493956763e-13","FALSE","decrease","TRUE","0.993","7.67830243830758e-12","1.20968745947564","0.237286768938642","NaN","NaN"
"94","1018","1264","1.67705912937738e-14","8.69092556469986e-14","FALSE","decrease","TRUE","0.984","7.37410132956029e-12","1.26528023589191","0.254285311600135","NaN","NaN"
"95","1020","1265","1.66264634353618e-14","9.09828870561995e-14","FALSE","decrease","TRUE","0.977","7.45292716430868e-12","1.09454616230993","0.185723704027121","NaN","NaN"
"96","1022","1266","1.41092420333653e-14","4.49536052155581e-14","FALSE","decrease","TRUE","0.997666666666667","6.71818156661175e-12","1.42050721815865","0.395904445017329","NaN","NaN"
"97","1024","1267","1.73937103524246e-14","8.72052116834699e-14","FALSE","decrease","TRUE","0.995666666666667","7.82374165453348e-12","1.49287992058157","0.43103355626503","NaN","NaN"
"98","1026","1268","1.67028052283999e-14","6.18009845669626e-14","FALSE","decrease","TRUE","0.994666666666667","7.89901477560306e-12","1.37359644252736","0.370342978077198","NaN","NaN"
"99","1028","1269","1.30169760008391e-14","2.1117900380413e-14","FALSE","decrease","TRUE","0.993","7.22422122123589e-12","1.34950546597766","0.259576361667318","NaN","NaN"
"100","1030","1270","1.23021075541061e-14","1.82600756419762e-14","FALSE","decrease","TRUE","0.959333333333333","7.51398943066306e-12","1.09784912040192","0.157338209064007","NaN","NaN"
"101","1032","1271","1.00869119431697e-14","6.0418301316419e-15","FALSE","decrease","TRUE","0.943","7.08466618704051e-12","1.0492910080166","0.135979156937473","NaN","NaN"
"102","1034","1272","1.11923922362732e-14","6.61618785138624e-15","FALSE","decrease","TRUE","0.954333333333333","7.71560593193499e-12","1.18582561578475","0.171960559631437","NaN","NaN"
"103","1036","1273","9.24768308458579e-15","2.27403361602214e-15","FALSE","decrease","TRUE","0.951333333333333","7.20956627731084e-12","1.212453045809","0.17316902119227","NaN","NaN"
"104","1038","1274","1.06743311667252e-14","3.38302643009283e-15","FALSE","decrease","TRUE","0.926","8.25339796506341e-12","1.08263477435853","0.123705857966056","NaN","NaN"
"105","1040","1275","9.82997291540636e-15","1.90932093004501e-15","FALSE","decrease","TRUE","0.957666666666667","7.95752352900081e-12","1.27139825087101","0.176510671732074","NaN","NaN"
"106","9668","9917","0.0085063916886421","0.00953953553633632","FALSE","decrease","TRUE","0.999666666666667","0.0383521867576451","1.72183063522861","0.121315459260453","NaN","NaN"
"107","9670","9918","0.00899228012976952","0.00945040357003696","FALSE","decrease","TRUE","0.980666666666667","0.0388800892263816","1.74421376856145","0.593884864765434","NaN","NaN"
"108","9672","9919","0.00660023630005498","0.0059538594228106","FALSE","decrease","TRUE","0.704333333333333","0.0365255294797322","1.68094887008923","0.548758163069604","NaN","NaN"
"109","9674","9920","0.00396655316997894","0.00378092839684061","FALSE","decrease","TRUE","0.946","0.0341154495502953","1.70803358771959","0.568618105888202","NaN","NaN"
"110","9676","9921","0.00275808979964512","0.00224078765317091","FALSE","decrease","TRUE","0.639666666666667","0.0317550361894231","1.49118382401528","0.355912508872276","NaN","NaN"
"111","9678","9922","0.00298989529635914","0.00243834565241299","FALSE","decrease","TRUE","0.685333333333333","0.0337776898386526","1.55218951109416","0.471593400831023","NaN","NaN"
"112","9680","9923","0.00351790656014274","0.00411285780897643","FALSE","decrease","TRUE","0.842666666666667","0.0300680716888234","1.73350353065549","0.589536702698558","NaN","NaN"
"113","9682","9924","0.00217422927497742","0.00229766012692897","FALSE","decrease","TRUE","0.998","0.0269239603883382","1.63053956143476","0.42357116542791","NaN","NaN"
"114","9684","9925","0.00247851739213848","0.00272965273589573","FALSE","decrease","TRUE","0.964","0.0269729291730281","1.58909574732805","0.38884759683735","NaN","NaN"
"115","9686","9926","0.00195331703870484","0.00207148341843885","FALSE","decrease","TRUE","0.652","0.027106661405405","1.75737465515754","0.609593108315155","NaN","NaN"
"116","9688","9927","0.00122177761872699","0.00139193345021825","FALSE","decrease","TRUE","0.997333333333333","0.0236730402923433","1.71737189781997","0.539588632606582","NaN","NaN"
"117","9690","9928","0.00151034458171178","0.00183689468159784","FALSE","decrease","TRUE","0.997","0.0241338266572666","1.64112313825498","0.487031443317293","NaN","NaN"
"118","9692","9929","0.00187801545531201","0.00240762227587807","FALSE","decrease","TRUE","0.993666666666667","0.0246465794702901","1.57454765631542","0.447142759635737","NaN","NaN"
"119","9694","9930","0.00229375439632695","0.00315358871253035","FALSE","decrease","TRUE","0.977333333333333","0.0255274604237976","1.63283432112169","0.376483283257861","NaN","NaN"
"120","9696","9931","0.0030954866384728","0.00509035517014644","FALSE","decrease","TRUE","0.974333333333333","0.0267457635861523","1.64451190477243","0.37461206372129","NaN","NaN"
"121","2355","2604","7.21783313073223e-20","3.7e-24","FALSE","decrease","TRUE","0.0403333333333333","0","1.44945402944862","0.112046639863866","NaN","NaN"
"122","2357","2605","8.25509086554274e-20","3.7e-24","FALSE","decrease","TRUE","0.00133333333333333","0","1.44483630245722","0.0911083378036784","NaN","NaN"
"123","2359","2606","5.50131435266331e-20","3.7e-24","FALSE","decrease","TRUE","0","0","1.42766520577431","0.411783235832498","NaN","NaN"
"124","2361","2607","6.3265127126894e-07","5.32903921459706e-06","FALSE","decrease","TRUE","0.555666666666667","0.0035924412462407","1.34412736232437","0.372562579361298","NaN","NaN"
"125","2363","2608","3.69285630861046e-07","2.896893493685e-06","FALSE","decrease","TRUE","0.932","0.00321225677456849","1.15982240810694","0.296034595394398","NaN","NaN"
"126","2365","2609","2.94168490520177e-07","4.49473332862346e-06","FALSE","decrease","TRUE","0.999","0.00272231004730772","1.03767585757153","0.232130482373468","NaN","NaN"
"127","2367","2610","4.0328060247134e-07","8.16789158592294e-06","FALSE","decrease","TRUE","0.477666666666667","0.00290830717045454","1.00876181988305","0.220319397707764","NaN","NaN"
"128","2369","2611","1.71514603407253e-07","6.56785596190236e-06","FALSE","decrease","TRUE","0.989","0.00215256217094018","0.966860569961232","0.20444930216563","NaN","NaN"
"129","2371","2612","2.0012801743699e-07","8.45745719806006e-06","FALSE","decrease","TRUE","0.946333333333333","0.00223181105683623","0.897576885408884","0.180597457850757","NaN","NaN"
"130","2373","2613","2.14910929337208e-07","8.20819414651638e-06","FALSE","decrease","TRUE","0.947","0.0022946142810909","0.938575499509658","0.190925069061269","NaN","NaN"
"131","2375","2614","1.97239296958929e-07","5.97621382846044e-06","FALSE","decrease","TRUE","0.123666666666667","0.00229702443515811","1.03148566822727","0.218592212153563","NaN","NaN"
"132","2377","2615","1.660047656311e-07","1.03223166014585e-05","FALSE","decrease","TRUE","0.220333333333333","0.00149832178590259","1.02400377902008","0.213378094100983","NaN","NaN"
"133","2379","2616","7.27728462309647e-08","5.55946350588261e-06","FALSE","decrease","TRUE","0.626","0.00119418221386702","1.38366390753457","0.353086783805292","NaN","NaN"
"134","2381","2617","5.81588299033033e-08","4.70921557054778e-06","FALSE","decrease","TRUE","0.476","0.00112085957930663","1.28446395985112","0.339392285040425","NaN","NaN"
"135","2383","2618","3.78767438889561e-08","3.98072612931811e-06","FALSE","decrease","TRUE","0.955","0.000962527780967726","0.978652294843761","0.189661270721908","NaN","NaN"
"136","9217","9466","1.63500999795935e-11","1.19584131574e-11","FALSE","increase","TRUE","0.999666666666667","6.64735400057737e-09","1.43714509897417","0.401223648150133","NaN","NaN"
"137","9219","9467","2.24913202128877e-11","2.59396184655909e-11","FALSE","increase","TRUE","0.999666666666667","7.36841343496053e-09","1.46538203763903","0.413758147378669","NaN","NaN"
"138","9221","9468","2.46085768222394e-11","2.69595355621686e-11","FALSE","increase","TRUE","1","7.90673193584723e-09","1.41091559134499","0.384813142899769","NaN","NaN"
"139","9223","9469","3.51207775674748e-11","4.82763223562286e-11","FALSE","increase","TRUE","0.991666666666667","9.6388790282731e-09","1.63455060527623","0.507062910926047","NaN","NaN"
"140","9225","9470","3.3972895304892e-11","3.6506192023485e-11","FALSE","increase","TRUE","0.992666666666667","1.02962732784206e-08","1.45379302483125","0.402005917233367","NaN","NaN"
"141","9227","9471","5.41458391514952e-11","8.25830165890151e-11","FALSE","increase","TRUE","0.978333333333333","1.22597603180452e-08","1.5095579589918","0.429125548368863","NaN","NaN"
"142","9229","9472","5.43772439894154e-11","6.15608175697437e-11","FALSE","increase","TRUE","1","1.2947267258312e-08","1.4508112457643","0.395927413124866","NaN","NaN"
"143","9231","9473","7.55155281458834e-11","1.65232025170488e-10","FALSE","increase","TRUE","0.999666666666667","1.49774723734453e-08","1.42893887119651","0.382443108197619","NaN","NaN"
"144","9233","9474","7.6447050313364e-11","1.28496073333109e-10","FALSE","increase","TRUE","1","1.54402477470228e-08","1.59703862427508","0.472554183528874","NaN","NaN"
"145","9235","9475","7.90875612639591e-11","1.13691175951462e-10","FALSE","increase","TRUE","0.992333333333333","1.58636570546378e-08","1.68563192684553","0.528790819152773","NaN","NaN"
"146","9237","9476","5.84156079585809e-11","4.51042580647879e-11","FALSE","increase","TRUE","0.996666666666667","1.49129835147477e-08","1.67550140170032","0.518971896631747","NaN","NaN"
"147","9239","9477","4.58437511165251e-11","2.19924488376274e-11","FALSE","increase","TRUE","1","1.35708260184941e-08","1.64790359967827","0.497089886036427","NaN","NaN"
"148","9241","9478","5.9221092810526e-11","4.68715641754181e-11","FALSE","increase","TRUE","1","1.5142062603779e-08","1.6679561732009","0.507865026670005","NaN","NaN"
"149","9243","9479","6.0844767808208e-11","4.32048362279378e-11","FALSE","increase","TRUE","0.999333333333333","1.59769277807698e-08","1.528590010216","0.416779946563236","NaN","NaN"
"150","9245","9480","6.11399623508365e-11","4.36018777123975e-11","FALSE","increase","TRUE","0.999666666666667","1.55680990321372e-08","1.64648451765602","0.486369669418058","NaN","NaN"
"151","2207","2456","8.7409436551202e-15","5.45573629979562e-15","FALSE","increase","TRUE","0.999333333333333","0","1.14325245769862","0.257854867111366","NaN","NaN"
"152","2209","2457","8.70607103012248e-15","4.34414179856617e-15","FALSE","increase","TRUE","1","0","1.26745917401792","0.308977400488455","NaN","NaN"
"153","2211","2458","1.18041443120563e-14","1.41312452973385e-14","FALSE","increase","TRUE","1","2.74225087082414e-14","1.15787002416078","0.267372509192497","NaN","NaN"
"154","2213","2459","1.29751216870366e-14","1.56362890446492e-14","FALSE","increase","TRUE","0.999","2.73114864057789e-14","1.19466576189448","0.283463998222169","NaN","NaN"
"155","2215","2460","1.43331449267317e-14","1.81264878507451e-14","FALSE","increase","TRUE","0.984","2.72004641033163e-14","1.13801206434193","0.263704263795914","NaN","NaN"
"156","2217","2461","1.16166854379595e-14","6.18639412901874e-15","FALSE","increase","TRUE","0.978666666666667","2.70894418008538e-14","1.07882619995373","0.243991790109369","NaN","NaN"
"157","2219","2462","9.18112985209429e-15","1.75982377998612e-15","FALSE","increase","TRUE","0.998666666666667","2.69784194983913e-14","1.29898599021542","0.331806147480231","NaN","NaN"
"158","2221","2463","5.64171610997662e-15","8.8238058190355e-16","FALSE","increase","TRUE","0.694333333333333","0","1.33957324643854","0.351364185455721","NaN","NaN"
"159","2223","2464","4.78641354272654e-15","3.98037659965733e-16","FALSE","increase","TRUE","0.310666666666667","0","1.43702407389932","0.398981785182434","NaN","NaN"
"160","2225","2465","3.43862264707744e-15","5.71437940975049e-16","FALSE","increase","TRUE","0.875333333333333","0","1.31493850708075","0.343623502459519","NaN","NaN"
"161","2227","2466","2.51403382629607e-15","1.88655226333928e-16","FALSE","increase","TRUE","1","0","1.22536411959328","0.307488497889401","NaN","NaN"
"162","2229","2467","2.43326533502916e-15","1.32212669379559e-16","FALSE","increase","TRUE","1","0","1.06209881183311","0.247432064343656","NaN","NaN"
"163","2231","2468","2.23209054044613e-15","6.36886376720861e-17","FALSE","increase","TRUE","1","0","1.27675486885667","0.331503195464838","NaN","NaN"
"164","2233","2469","2.63324915852167e-15","1.07198338051503e-16","FALSE","increase","TRUE","1","0","1.20358533246787","0.30289460502667","NaN","NaN"
"165","2235","2470","2.61396374693101e-15","7.0822225404266e-17","FALSE","increase","TRUE","0.824333333333333","0","1.05351600573482","0.248239677260895","NaN","NaN"
"166","8368","8617","0.449355587866942","0.118427302223728","TRUE","decrease","FALSE","0.990666666666667","0.372694559380618","1.69654435101455","0.144641519816892","1","1"
"167","8370","8618","0.45379231887255","0.115018088085766","TRUE","decrease","FALSE","1","0.379460251503376","1.74984345349186","0.453127909791979","1","1"
"168","8372","8619","0.43807081860397","0.102045721533089","TRUE","decrease","FALSE","0.254666666666667","0.383144494798605","1.60012835222819","0.453169738909457","0.999","1"
"169","8374","8620","0.535734791742196","0.134161064297983","TRUE","decrease","FALSE","1","0.335244648185838","1.69590580638856","0.515515471839315","1","1"
"170","8376","8621","0.53865456078531","0.131195032017266","TRUE","decrease","FALSE","0.934666666666667","0.349759396591023","1.46632285873407","0.367945071636751","0.999","1"
"171","8378","8622","0.128900004001924","0.113204801219586","TRUE","none","TRUE","0","0.419457646919447","0.00300280339487023","7.73408680122264e-06","0.00366666666666667","0"
"172","8380","8623","0.183050571267924","0.166618570537634","TRUE","none","TRUE","0","0.358226431069214","0.00828759961812706","3.1101561070697e-05","0.00633333333333333","0"
"173","8382","8624","0.183221503112621","0.200458926230208","TRUE","none","TRUE","0","0.327783069215639","0.0196392517915124","0.000104469539841631","0.013","0"
"174","8384","8625","0.19676133191997","0.24774742900057","TRUE","none","TRUE","0","0.288074056308016","0.0497442988198303","0.000427594890147667","0.0223333333333333","0"
"175","8386","8626","0.180333162825076","0.215487855676451","TRUE","none","TRUE","0.001","0.287359866569257","0.0363556283599339","0.000317191796838163","0.0363333333333333","0"
"176","8388","8627","0.169211816469214","0.208807443073498","TRUE","none","TRUE","0.00533333333333333","0.282498834802833","0.018323876420705","0.000113962336361834","0.0443333333333333","0"
"177","8390","8628","0.182304609589023","0.261809163662713","TRUE","none","TRUE","0.006","0.276742935709498","0.0142936086904102","8.77507794822477e-05","0.0563333333333333","0"
"178","8392","8629","0.213954614252905","0.330061015319913","TRUE","none","TRUE","0.000666666666666667","0.282009005391394","0.013710771719861","9.52260439626928e-05","0.0443333333333333","0"
"179","8394","8630","0.249499548480155","0.416671806332632","TRUE","none","TRUE","0","0.290969829510012","0.0120067448132297","8.903415941204e-05","0.0363333333333333","0"
"180","8396","8631","0.476100611113065","0.552943601906678","TRUE","none","TRUE","0.00166666666666667","0.42382276660889","0.00476729103490288","2.43446331386118e-05","0.0533333333333333","0"
"181","7748","7997","0.0118463557090189","0.0739320872967786","FALSE","increase","TRUE","1","0.0239686758701274","1.83742486990508","0.678464962209096","NaN","NaN"
"182","7750","7998","0.0127250296612769","0.0799338574518282","FALSE","increase","TRUE","1","0.0242594468533461","1.74582723913039","0.600038183702523","NaN","NaN"
"183","7752","7999","0.0114965328992994","0.0722680550256516","FALSE","increase","TRUE","0.999666666666667","0.0242431912600656","1.78159877257002","0.629159066922608","NaN","NaN"
"184","7754","8000","0.00917720108322949","0.0582992885536181","FALSE","increase","TRUE","1","0.0231274121452691","1.8550060033504","0.603544286650101","NaN","NaN"
"185","7756","8001","0.0124306296828234","0.0746632198014224","FALSE","increase","TRUE","0.965333333333333","0.024486011107423","1.72275788640341","0.584096316216335","NaN","NaN"
"186","7758","8002","0.012535790631969","0.0715082489469693","FALSE","increase","TRUE","0.981333333333333","0.0248438107978939","1.67099992608242","0.548326297547243","NaN","NaN"
"187","7760","8003","0.0103904892534809","0.0549359550375597","FALSE","increase","TRUE","0.994333333333333","0.0243894324125229","1.75678216371092","0.610541997079012","NaN","NaN"
"188","7762","8004","0.000979033378100507","0.0134524693509144","FALSE","increase","TRUE","0.0113333333333333","0.0370468456387798","1.8170566028662","0.661649715276682","NaN","NaN"
"189","7764","8005","0.000599374753907298","0.0126612249397344","FALSE","increase","TRUE","0.493333333333333","0.0307182395247485","1.80061602025758","0.494560188993289","NaN","NaN"
"190","7766","8006","0.000479352845893906","0.0105605607787473","FALSE","increase","TRUE","0.908","0.0301267473720479","1.64249073396243","0.530754834262473","NaN","NaN"
"191","7768","8007","0.000539939813654734","0.0112838519516253","FALSE","increase","TRUE","0.426","0.0298269576911578","1.56560215761078","0.484587492697839","NaN","NaN"
"192","7770","8008","0.0005930382217646","0.0127492303307095","FALSE","increase","TRUE","0.849333333333333","0.030251546150154","1.72297906849065","0.382256116566409","NaN","NaN"
"193","7772","8009","0.000575383053983158","0.0124029910439555","FALSE","increase","TRUE","0.967666666666667","0.0308764945543547","1.76477250532953","0.617537569632632","NaN","NaN"
"194","7774","8010","0.000523438397798381","0.0101097153843509","FALSE","increase","TRUE","0.986333333333333","0.0309435054342249","1.75601042982608","0.610531742056973","NaN","NaN"
"195","7776","8011","0.000597134581028111","0.0119428856240937","FALSE","increase","TRUE","1","0.0316015895034888","1.71305779507875","0.578220253412707","NaN","NaN"
"196","9342","9591","3.7202867297522e-12","4.63623860017887e-10","FALSE","none","TRUE","0.0513333333333333","6.52811138479592e-11","0.00166958346421095","5.15668801827928e-05","NaN","NaN"
"197","9344","9592","2.30528801235625e-12","1.30387512405956e-10","FALSE","none","TRUE","0.043","4.94284613239415e-11","0.00155830477092922","4.27445234060612e-05","NaN","NaN"
"198","9346","9593","2.95581800083066e-12","2.84685910845096e-10","FALSE","none","TRUE","0.0533333333333333","4.96154228812884e-11","0.00229467655486544","6.20651865571785e-05","NaN","NaN"
"199","9348","9594","2.43689278384673e-12","5.08359624089656e-10","FALSE","none","TRUE","0.0113333333333333","2.42963427155019e-11","0.00193253389451117","4.46252441399939e-05","NaN","NaN"
"200","9350","9595","1.78081314067669e-12","2.57493219387192e-10","FALSE","none","TRUE","0.0203333333333333","1.98281391305954e-11","0.00354243475778581","8.59722618841619e-05","NaN","NaN"
"201","9352","9596","2.33932819944932e-12","6.41904100230051e-10","FALSE","none","TRUE","0.029","1.98019378672143e-11","0.00580144885573864","0.000145298087434978","NaN","NaN"
"202","9354","9597","1.08113629957771e-12","1.34314796308501e-10","FALSE","none","TRUE","0.138333333333333","1.07815978367398e-11","0.0141653785535008","0.0004251266922306","NaN","NaN"
"203","9356","9598","3.74432270172625e-13","2.05223133020684e-11","FALSE","none","TRUE","0.302333333333333","4.85611550971043e-12","0.0343547826525809","0.00128472179171199","NaN","NaN"
"204","9358","9599","4.07821949616397e-13","2.42019066718384e-11","FALSE","none","TRUE","0.386","4.97046848124683e-12","0.059262870901457","0.00251321721606695","NaN","NaN"
"205","9360","9600","3.78803240428213e-13","1.78284299693935e-11","FALSE","none","TRUE","0.325333333333333","4.49507098210233e-12","0.102079005082387","0.00504596101672496","NaN","NaN"
"206","9362","9601","3.47902575138314e-13","1.00420022146377e-11","FALSE","none","TRUE","0.270333333333333","4.36983782492462e-12","0.0992434618507357","0.0136340632944696","NaN","NaN"
"207","9364","9602","4.04596781925632e-13","1.55929088685347e-11","FALSE","none","TRUE","0.235","4.56390480962909e-12","0.0759021778152574","0.0101381568780603","NaN","NaN"
"208","9366","9603","4.93447464271037e-13","2.68419839946113e-11","FALSE","none","TRUE","0.203333333333333","5.44320144513222e-12","0.0574756031948084","0.00747467100939224","NaN","NaN"
"209","9368","9604","4.12953493138661e-13","1.53917383225777e-11","FALSE","none","TRUE","0.15","4.49940085189837e-12","0.0328237401282598","0.00403676538073293","NaN","NaN"
"210","9370","9605","4.84871846774404e-13","2.51120774186091e-11","FALSE","none","TRUE","0.132","4.71622740860766e-12","0.0269635237840803","0.00327603146203363","NaN","NaN"
"211","1114","1363","1.42843442360797e-05","1.89390914700666e-05","FALSE","decrease","TRUE","0.065","0.00346951200384127","0.594776994187246","0.111159229416693","NaN","NaN"
"212","1116","1364","0.000343183365736062","0.000358169466681454","FALSE","decrease","FALSE","0.793333333333333","0.0720995466492624","0.543956781079445","0.099632115101114","NaN","NaN"
"213","1118","1365","0.000297442050849654","0.00025524855337726","FALSE","decrease","FALSE","0.905","0.0730077823450264","0.639214096717814","0.12414432375151","NaN","NaN"
"214","1120","1366","0.000208947805990535","0.000143816145719009","FALSE","decrease","FALSE","0.0503333333333333","0.0731539948151103","0.727732279153159","0.148642230875193","NaN","NaN"
"215","1122","1367","0.000609644527253878","0.000479109052377172","FALSE","decrease","TRUE","0.959333333333333","0.0474145402865661","0.703085067232664","0.142717705246229","NaN","NaN"
"216","1124","1368","0.000485728416626039","0.000297458019983143","FALSE","decrease","TRUE","0.999666666666667","0.0479427299321222","0.90441398998639","0.202487267536545","NaN","NaN"
"217","1126","1369","0.000728613750350628","0.000504638946922343","FALSE","decrease","TRUE","0.794","0.0492323552401667","0.934205428818095","0.212786566127025","NaN","NaN"
"218","1128","1370","0.000458453697524982","0.000319773321727352","FALSE","decrease","TRUE","0.985","0.045725098118476","1.00995996533843","0.238640491733716","NaN","NaN"
"219","1130","1371","0.000285079820602614","0.000150341233093366","FALSE","decrease","TRUE","0.917","0.0441516608641479","0.950619248657966","0.219574822020644","NaN","NaN"
"220","1132","1372","0.000149129133155219","0.000114847945170446","FALSE","decrease","TRUE","0.956666666666667","0.0382716343708722","0.870787415792012","0.194880263220934","NaN","NaN"
"221","1134","1373","0.000105124655736732","6.24111868471832e-05","FALSE","decrease","TRUE","0.136666666666667","0.0383569583310051","1.00271476707929","0.238141571863528","NaN","NaN"
"222","1136","1374","9.70987808662125e-05","7.90780213477676e-05","FALSE","decrease","TRUE","0.299666666666667","0.0279027500350089","0.959872298828492","0.224346604085384","NaN","NaN"
"223","1138","1375","0.00012586435334547","0.000189817452535268","FALSE","decrease","TRUE","0.996333333333333","0.0262932011866255","0.976344626303193","0.230250895982992","NaN","NaN"
"224","1140","1376","0.000136773242103846","0.000201216881921554","FALSE","decrease","TRUE","0.996333333333333","0.0266835232349121","0.838399910781917","0.186830887548594","NaN","NaN"
"225","1142","1377","0.000100767570979512","0.000108083588086044","FALSE","decrease","TRUE","0.285333333333333","0.0265822917416147","0.877199508759912","0.199028749388281","NaN","NaN"
